resfindernewid_1,qnrA1_1_AY070235,ATGGATATTATTGATAAAGTTTTTCAGCAAGAGGATTTCTCACGCCAGGATTTGAGTGACAGCCGTTTTCGCCGCTGCCGCTTTTATCAGTGTGACTTCAGCCACTGTCAGCTGCAGGATGCCAGTTTCGAGGATTGCAGTTTCATTGAAAGCGGCGCCGTTGAAGGGTGTCACTTCAGCTATGCCGATCTGCGCGATGCCAGTTTCAAGGCCTGCCGTCTGTCTTTGGCCAACTTCAGCGGTGCCAACTGCTTTGGCATAGAGTTCAGGGAGTGCGATCTCAAGGGCGCCAACTTTTCCCGGGCCCGCTTCTACAATCAAGTCAGCCATAAGATGTACTTCTGCTCGGCTTATATCTCAGGTTGCAACCTGGCCTATACCAACTTGAGTGGCCAATGCCTGGAAAAATGCGAGCTGTTTGAAAACAACTGGAGCAATGCCAATCTCAGCGGCGCTTCCTTGATGGGCTCAGATCTCAGCCGCGGCACCTTCTCCCGCGACTGTTGGCAACAGGTCAATCTGCGGGGCTGTGACCTAACCTTTGCCGATCTGGATGGGCTCGACCCCAGACGGGTCAACCTCGAAGGAGTCAAGATCTGTGCCTGGCAACAGGAGCAACTGCTGGAACCCTTGGGAGTAATAGTGCTGCCGGATTAG
resfindernewid_2,qnrA2_1_AY675584,ATGGATATTATCGATAAAGTTTTTCAACAAGAGGATTTCTCACGCCAGGATTTGAGTGACAGCCGTTTTCGCCGCTGCCGCTTCTATCAGTGTGACTTCAGCCACTGTCAGCTAAGGGATGCCAGTTTCGAGGATTGCAGTTTCATTGAAAGCGGCGCCGTTGAAGGGTGCCACTTCAGCTATGCCGATCTGCGCGATGCCAGTTTCAAGGCTTGCCGTCTGTCTTTGGCTAACTTCAGCGGTGCCAACTGCTTTGGCATAGAGTTCAGGGAATGCGATCTCAAGGGCGCCAACTTTTCCCGGGCCCGCTTTTACAATCAAGTCAGCCATAAAATGTACTTTTGTGCGGCTTATATCTCAGGCTGCAACCTGGCCTATGCCAATTTGAGTGGCCAATGCCTGGAAAAGTGCGAGCTGTTTGAAAATAACTGGAGCAATGCCAATCTCAGCGGTGCTTCCTTGATGGGCTCCGACCTCAGCCGCGGCACCTTCTCCCGCGACTGTTGGCAACAGGTCAATCTGCGGGGCTGTGACCTGACCTTTGCCGATCTGGATGGACTCGATCCCAGGCGGGTCAACCTCGAGGGGGTCAAGATCTGTGCCTGGCAACAGGAGCAACTGTTAGAGCCTCTGGGGATAATAGTGCTTCCGGATTAG
resfindernewid_3,qnrA3_1_DQ058661,ATGGATATTATTGATAAAGTTTTTCAGCAAGAGGATTTCTCACGCCAGGATTTGAGTGACAGTCGTTTTCGCCGCTGCCGCTTTTATCAGTGTGACTTCAGCCATTGCCAGCTAAGGGATGCCAGTTTCGAGGATTGCAGTTTCATTGAAAGCGGCGCCGTCGAAGGGTGCCACTTCAGCTATGCCGATCTGCGCGATGCCAGTTTCAAGGCCTGCCGCCTGTCTTTGGCCAATTTCAGCGGTGCCAACTGCTTTGGCATAGAGTTCAGGGAGTGCGATCTCAAGGGCGCCAATTTTTCCCGGGCCCGTTTTTACAATCAAATCAGCCATAAGATGTACTTCTGCTCGGCTTATATCTCAGGCTGCAACCTGGCCTATGCCAATTTGAGCGGCCAATGCCTGGAAAAGTGCGAGCTGTTTGAAAACAACTGGAGCAATGCCAACCTCAGCGGCGCTTCCTTGATGGGCTCCGACCTCAGCCGCGGCACCTTCTCCCGCGACTGCTGGCAACAGGTAAACCTGCGGGGCTGTGACCTGACCTTTGCCGATCTGGATGGGCTCGATCCCAGACGGGTCAACCTCGAAGGGGTCAAGATCTGTGCCTGGCAGCAGGAGCAACTGCTGGAACCCTTGGGAGTCATAGTGCTGCCGGATTAG
resfindernewid_4,qnrA4_1_DQ058662,ATGGATATTATTGATAAAGTTTTTCAGCAAGAGGATTTCTCACGCCAGGATTTGAGTGACAGCCGTTTTCGCCGCTGCCGCTTTTATCAGTGTGACTTCAGCCATTGCCAGCTAAGGGATGCCAGTTTCGAGGATTGCAGTTTCATTGAAAGCGGCGCCGTCGAAGGGTGCCACTTCAGCTATGCCGATCTGCGCGATGCCAGTTTCAAGGCCTGCCGCCTGTCTTTGGCCAATTTCAGCGGCGCCAACTGCTTTGGCATAGAGTTCAGGGAGTGCGATCTCAAGGGCGCCAATTTTTCCCGGGCCCGTTTTTACAATCAAATCAGCCATAAGATGTACTTCTGCTCGGCTTATATCTCAGGCTGCAACCTGGCCTATGCCAATTTGAACGGCCAATGCCTGGAAAAGTGCGAGCTGTTTGAAAACAACTGGAGCAATGCCAACCTCAGCGGCGCTTCCTTGATGGGCTCCGACCTCAGCCGCGGCACCTTCTCCCGCGACTGCTGGCAGCAGGTAAACCTGCGGGGCTGTGACCTGACCTTTGCCGATCTGGATGGGCTCGATCCCAGACGGGTCAACCTCGAAGGGGTCAAGATCTGTGCCTGGCAGCAGGAGCAACTGCTGGAACCCTTGGGAGTCATAGTGCTGCCGGATTAG
resfindernewid_5,qnrA5_1_DQ058663,ATGGATATTATTGATAAAGTTTTTCAGCAAGAGGATTTCTCACGCCAGGATTTGAGTGACAGCCGTTTTCGCCGCTGCCGCTTTTATCAGTGTGACTTCAGCCATTGCCAGCTAAGGGATGCCAGTTTCGAGGATTGCAGTTTCATTGAAAGCGGCGCCGTCGAAGGGTGCCACTTCAGCTATGCCGATCTGCGCGATGCCAGTTTCAAGGCCTGCCGCCTGTCTTTGGCCAATTTCAGCGGTGCCAACTGCTTTGGCATAGAGTTCAGGGAGTGCGATCTCAAGGGCGCCAATTTTTCCCGGGCCCGTTTTTACAATCAAATCAGCCATAAGATGTACTTCTGCTCGGCTTATATCTCAGGCTGCAACCTGGCCTATGCCAATTTGAGCGGCCAATGCCTGGAAAAGTGCGAGCTGTTTGAAAACAACTGGAGCAATGCCAACCTCAGCGGCGCTTCCTTGATGGGCTCCGACCTCAGCTGCGGCACCTTCTCCCGCGACTGCTGGCAGCAGGTAAACCTGCGGGGCTGTGACCTGACTTTTGCCGATCTGGATGGGCTCGATCCCAGACGGGTCAACCTCGAAGGGGTCAAGATCTGTGCCTGGCAGCAGGAGCAACTGCTGGAACCCTTGGGAGTCATAGTGCTGCCGGATTAG
resfindernewid_6,qnrA6_1_DQ151889,ATGGATATTATTGATAAAGTTTTTCAGCAAGAGGATTTCTCACGCCAGGATTTGAGTGACAGCCGTTTTCGCCGCTGCCGCTTTTATCAGTGTGACTTCAGCCATTGCCAGCTAAGGGATGCCAGTTTCGAGGATTGCAGTTTCATTGAAAGCGGCGCCATCGAAGGGTGCCACTTCAGCTATGCCGATCTGCGCGATGCCAGTTTCAAGGCCTGCCGCCTGTCTTTGGCCAATTTCAGCGGTGCCAACTGCTTTGGCATAGAGTTCAGGGAGTGCGATCTCAAGGGCGCCAATTTTTCCCGGGCCCGTTTTTACAATCAAATCAGCCATAAGATGTACTTCTGCTCGGCTTATATCTCAGGCTGTAACCTGGCCTATGCCAATTTGAGCGGCCAATGCCTGGAAAAGTGCGAGCTGTTTGAAAACAACTGGAGCAATGCCAACCTCAGCGGCGCTTCCTTGATGGGCTCCGACCTCAGCCACGGCACCTTCTCCCGCGACTGCTGGCAACAGGTAAACCTGCGGGGCTGTGACCTGACCTTTGCCGATCTGGATGGGCTCGACCCCAGACGGGTCAACCTCGAAGGGGTCAAGATCTGTGCCTGGCAGCAGGAGCAACTGCTGGAACCCTTGGGAGTAATAGTGCTGCCGGATTAG
resfindernewid_7,qnrA7_1_GQ463707,ATGGATATTATTGATAAAGTTTTTCAGCAAGAGGATTTCTCACGCCAGGATTTGAGCGACAGCCGTTTTCGCCGCTGCCGCTTTTATCAGTGTGACTTCAGCCATTGCCAGCTAAGGGATGCCAGTTTCGAGGATTGCAGTTTCATTGAAAGCGGCGCCGTCGAAGGGTGCCACTTCAGCTATGCCGATCTGCGCGATGCCAGTTTCAAGGCCTGCCGCCTGTCTTTGGCCAATTTCAGCGGTGCCAACTGCTTTGGCATAGAGTTCAGGGAGTGCGATCTCAAGGGCGCCAATTTTTCCCGGGCCCGTTTTTACAATCAAATCAGCCATAAGATGTACTTCTGCTCGGCTTATATCTCAGGCTGTAACCTGGCCTATGCCAATTTGAGCGGCCAATGCCTGGAAAAGTGCGAGCTGTTTGAAAACAACTGGAGCAATGCCAACCTCAGCGGCGCTTCCTTGATGGGCTCCGACCTCAGCCACGGCACCTTCTCCCGCGACTGCTGGCAACAGGTAAACCTGCGGGGCTGTGACCTGACCTTTGCCGATCTGGATGGGCTCGACCCCAGACGGGTCAACCTCGAAGGGGTCAAGATCTGTGCCTGGCAGCAGGAGCAACTGCTGGAACCCTTGGGAGTCATAGTGCTGCCGGATTAG
resfindernewid_8,qnrA8_1_KY554783,ATGGATATTATTGATAAAGTTTTTCAGCAAGAGGATTTCTCACGCCAGGATTTGAGTGACAGCCGTTTTCGCCGCTGCCGCTTTTATCAGTGTGACTTCAGCCACTGCCAGCTAAGGGATGCCAGTTTCGAGGATTGCAGTTTCATTGAAAGCGGCGCCGTCGAAGGGTGCCACTTCAGCTATGCCGATCTGCGCGATGCCAGTTTCAAGGCCTGCCGCCTGTCTTTGGCTAATTTCAGCGGTGCCAACTGCTTTGGCATAGAGTTCAGGGAGTGCGATCTCAAGGGCGCCAATTTTTCCCGGGCCCGTTTTTACAATCAAATCAGCCATAAGATGTACTTCTGCTCGGCTTATATCTCAGGCTGCAACCTGGCCTATGCCAATTTGAGCGGCCAATGCCTGGAAAAGTGCGAGCTGTTTGAAAACAACTGGAGCAATGCCAACCTCAGCGGCGCTTCCTTGATGGACTCCGACCTCAGTCGCGGCACCTTCTCCCGCGACTGCTGGCAACAGGTAAACCTGCGAGGCTGTGACCTGACCTTTGCCGATCTGGATGGGCTCGATCCCAGACGGGTCAACCTCGAAGGCGTCAAGATCTGTGCCTGGCAGCAGGAGCAACTGCTGGAACCCTTGGGAGTCATAGTGCTGCCGGATTAG
resfindernewid_9,qnrB1_1_DQ351241,ATGGCTCTGGCACTCGTTGGCGAAAAAATTGACAGAAACCGTTTCACCGGTGAGAAAATTGAAAATAGTACATTTTTTAACTGTGATTTTTCAGGTGCCGACCTGAGCGGCACTGAATTTATCGGCTGTCAGTTCTATGATCGTGAAAGCCAGAAAGGGTGCAATTTTAGTCGTGCGATGCTGAAAGATGCCATTTTTAAAAGCTGTGATTTATCCATGGCGGATTTTCGCAATTCCAGTGCGCTGGGCATTGAAATTCGCCACTGCCGCGCACAAGGCGCAGATTTCCGCGGCGCAAGCTTTATGAATATGATCACCACGCGCACCTGGTTTTGTAGCGCATATATCACGAATACCAATCTAAGCTACGCCAATTTTTCGAAAGTCGTGTTGGAAAAGTGTGAGCTGTGGGAAAACCGTTGGATAGGTGCCCAGGTACTGGGCGCGACGTTCAGTGGTTCAGATCTCTCCGGCGGCGAGTTTTCGACTTTCGACTGGCGAGCAGCAAACTTCACACATTGCGATCTGACCAATTCGGAGTTGGGTGACTTAGATATTCGGGGCGTTGATTTACAAGGCGTTAAGTTGGACAACTACCAGGCATCGTTGCTCATGGAGCGACTTGGCATCGCGGTGATTGGTTAG
resfindernewid_10,qnrB2_1_DQ351242,ATGGCTCTGGCACTCGTTGGCGAAAAAATTAACAGAAACCGCTTCACCGGTGAGAAAATTGAAAATAGTACATTTTTTAACTGTGATTTTTCAGGTGCCGACCTGAGCGGCACTGAATTTATCGGCTGTCAGTTCTATGATCGTGAAAGCCAGAAAGGGTGCAATTTTAGTCGTGCGATGCTGAAAGATGCCATTTTTAAAAGCTGTGATTTATCCATGGCGGATTTTCGCAATGCCAGTGCGCTTGGCATTGAAATTCGCCACTGTCGTGCGCAAGGCGCAGATTTTCGCGGCGCAAGTTTTATGAATATGATCACTACTCGCACCTGGTTTTGCAGTGCATATATCACTAACACAAATCTAAGCTACGCCAATTTTTCGAAAGTCGTGTTGGAAAAGTGTGAGCTGTGGGAAAACCGTTGGATGGGGGCCCAGGTACTGGGCGCGACGTTCAGTGGTTCAGATCTCTCCGGCGGCGAGTTTTCGACTTTCGACTGGCGAGCAGCAAACTTCACACATTGCGATCTGACCAATTCGGAGTTGGGTGACTTAGATATTCGGCGCGTTGATTTACAAGGCGTTAAGTTGGACAACTACCAGGCATCGTTGCTCATGGAACGTCTTGGCATCGCGATTATTGGCTAG
resfindernewid_11,qnrB3_1_DQ303920,ATGGCTCTGGCACTCGTTGGCGAAAAAATTGACAGAAACCGTTTCACCGGTGAGAAAATTGAAAATAGTACATTTTTTAACTGTGATTTTTCAGGTGCCGACCTGAGCGGCACTGAATTTATCGGCTGTCAGTTCTATGATCGTGAAAGCCAGAAAGGGTGCAAATTTAGTCGTGCGATGCTGAAAGATGCCATTTTTAAAAGCTGTGATTTATCCATGGCGGATTTTCGCAATTCCAGTGCGCTGGGCATTGAAATTCGCCACTGCCGCGCACAAGGCGCAGATTTCCGCGGCGCAAGCTTTATGAATATGATCACCACGCGCACCTGGTTTTGTAGCGCATATATCACGAATACCAATCTAAGCTACGCCAATTTTTCGAAAGTCGTGTTGGAAAAGTGTGAGCTGTGGGAAAACCGTTGGATGGGTGCCCAGGTACTGGGCGCGACGTTCAGTGGTTCGGATCTCTCCGGCGGCGAGTTTTCGACTTTCGACTGGCGAGCAGCAAACTTCACACATTGCGATCTGACCAATTCGGAGTTGGGTGACTTAGATATTCGGGGCGTTGATTTACAAGGCGTTAAGCTGGACAACTACCAGGCGTCGTTGCTCATGGAGCGGCTTGGCATCGCGGTGATTGGTTAG
resfindernewid_12,qnrB4_1_DQ303921,ATGACTCTGGCGTTAGTTGGCGAAAAAATTGACAGAAACAGGTTCACCGGTGAAAAAGTTGAAAATAGCACATTTTTCAACTGTGATTTTTCGGGTGCCGACCTTAGCGGCACTGAATTTATTGGCTGCCAGTTTTATGATCGAGAAAGTCAGAAAGGATGTAATTTTAGTCGCGCTAACCTGAAAGATGCCATTTTCAAAAGTTGTGATCTCTCCATGGCTGATTTCAGGAATATCAATGCGCTGGGAATCGAAATTCGCCACTGCCGGGCACAAGGGTCAGATTTTCGCGGCGCAAGTTTTATGAATATGATCACCACCCGCACCTGGTTTTGTAGCGCCTATATCACCAATACCAACTTAAGCTACGCCAACTTTTCAAAAGTCGTACTGGAAAAGTGCGAGCTGTGGGAAAACCGCTGGATGGGTACTCAGGTGCTGGGCGCAACGTTCAGTGGATCAGACCTCTCTGGCGGCGAGTTTTCATCCTTCGACTGGCGAGCAGCAAACGTTACGCACTGTGATTTGACCAATTCGGAACTGGGCGATTTAGATATCCGCGGGGTTGATTTGCAAGGCGTCAAACTGGACAGCTACCAGGCATCGTTGCTCCTGGAACGTCTTGGTATCGCTGTCATGGGTTAA
resfindernewid_13,qnrB5_1_DQ303919,ATGACTCTGGCATTAGTTGGCGAAAAAATTGACAGAAATCGCTTCACCGGTGAGAAAGTTGAAAATAGTACATTTTTTAACTGCGATTTTTCAGGTGCCGACCTGAGCGGCACTGAATTTATCGGCTGCCAGTTCTATGATCGCGAAAGTCAGAAAGGGTGCAATTTTAGTCGCGCAATGCTGAAAGATGCCATTTTCAAAAGCTGTGATTTATCAATGGCAGATTTCCGCAACGTCAGTGCCTTGGGCATTGAAATTCGCCACTGCCGCGCACAAGGCGCAGATTTCCGCGGTGCAAGCTTTATGAATATGATCACCACGCGCACCTGGTTTTGCAGCGCATATATCACTAATACTAATCTAAGCTACGCCAATTTTTCGAAAGTCGTGTTGGAAAAGTGTGAGCTGTGGGAAAACCGCTGGATGGGGACTCAGGTACTGGGTGCGACGTTCAGTGGTTCAGATCTCTCCGGCGGCGAGTTTTCGACTTTCGACTGGCGAGCAGCAAACTTCACACATTGCGATCTGACCAATTCGGAGTTAGGTGACTTAGATATTCGGGGTGTTGATTTACAAGGCGTTAAGTTAGACAGCTACCAGGCATCGTTGCTCATGGAGCGGCTTGGCATCGCGATTATTGGCTAG
resfindernewid_14,qnrB6_1_EF520349,ATGGCTCTGGCACTCGTTGGCGAAAAAATTGACAGAAACCGTTTCACCGGTGAGAAAATTGAAAATAGTACATTTTTTAACTGTGATTTTTCAGGTGCCGACCTGAGCGGCACTGAATTTATCGGCTGTCAGTTCTATGATCGTGAAAGCCAGAAAGGGTGCAATTTTAGTCGTGCGATGCTGAAAGATGCCATTTTTAAAAGCTGTGATTTATCCATGGCGGATTTTCGCAATGCCAGTGCGCTGGGCATTGAAATTCGCCACTGCCGCGCACAAGGCGCAGATTTCCGCGGCGCAAGCTTTATGAATATGATCACCACGCGCACCTGGTTTTGTAGCGCATATATCACGAATACCAATCTAAGCTACGCCAATTTTTCGAAAGTCGTGTTGGAAAAGTGTGAGCTGTGGGAAAACCGTTGGATGGGTGCCCAGGTACTGGGCGCGACGTTCAGTGGTTCAGATCTCTCCGGCGGCGAGTTTTCGACTTTCGACTGGCGAGCAGCAAACTTCACACATTGCGATCTGACCAATTCGGAGTTGGGTGACTTAGATATTCGGGGCGTTGATTTACAAGGCGTTAAGCTGGACAACTACCAGGCGTCGTTGCTCATGGAGCGGCTTGGCATCGCGGTGATTGGTTAG
resfindernewid_15,qnrB6_2_EF523819,ATGGCTCTGGCACTCGTTGGCGAAAAAATTGACAGAAACCGTTTCACCGGTGAGAAAATTGAAAATAGTACATTTTTTAACTGTGATTTTTCAGGTGCCGACCTGAGCGGCACTGAATTTATCGGCTGTCAGTTCTATGATCGTGAAAGCCAGAAAGGGTGCAATTTTAGTCGTGCGATGCTGAAAGATGCCATTTTTAAAAGCTGTGATTTATCCATGGCGGATTTTCGCAATGCCAGTGCGCTGGGCATTGAAATTCGCCACTGCCGCGCACAAGGCGCAGATTTCCGCGGCGCAAGCTTTATGAATATGATCACCACGCGCACCTGGTTTTGTAGCGCATATATCACGAATACCAATCTAAGCTACGCCAATTTTTCGAAAGTCGTGTTGGAAAAGTGTGAGCTGTGGGAAAACCGTTGGATGGGTGCCCAGGTACTGGGCGCGACGTTCAGTGGTTCAGATCTCTCCGGCGGCGAGTTTTCGACTTTCGACTGGCGAGCAGCGAACTTCACACATTGCGATCTGACCAATTCGGAGTTGGGTGACTTAGATATTCGGGGCGTTGATTTACAAGGCGTTAAGCTGGACAACTACCAGGCGTCGTTGCTCATGGAGCGGCTTGGCATCGCGGTGATTGGTTAG
resfindernewid_16,qnrB7_1_EU043311,ATGGCTCTGGCACTCGTTGGCGAAAAAATTGACAGAAACCGTTTCACCGGTGAGAAAATTGAAAATAGTACATTTTTTAACTGTGATTTTTCAGGTGCCGACCTAAGTGGTACTGAATTTATCGGCTGTCAGTTCTATGATCGTGAAAGCCAGAAAGGGTGCAATTTTAGTCGTGCAATGCTGAAAGATGCCATTTTTAAAAGCTGTGATTTATCCATGGCGGATTTTCGCAATGCCAGTGCGCTGGGCATTGAAATTCGCCACTGCCGCGCACAAGGCGCAGATTTCCGCGGCGCAAGCTTTATGAATATGATCACTACACGCACCTGGTTTTGCAGCGCATATATCACTAACACAAATCTAAGCTACGCCAATTTTTCGAAAGTCGTGCTGGAAAAGTGTGAGCTGTGGGAAAACCGTTGGATGGGTGCCCAGGTACTGGGCGCGACGTTCAGTGGTTCAGATCTCTCCGGCGGCGAGTTTACGACTTTCGACTGGCGAGCAGCAAACTTCACACATTGCGATCTGACCAATTCGGAGTTGGGTGACTTAGATATTCGGGGCGTTGATTTACAAGGCGTTAAGTTGGACAACTACCAGGCATCGTTGCTCATGGAACGTCTTGGCATCGCGATTATTGGCTAG
resfindernewid_17,qnrB8_1_EU043312,ATGACTCTGGCATTAGTTGGCGAAAAAATTGACAGAAACCGCTTCACCGGTGAAAAAGTTGAAAATAGCACTTTTTTTAACTGTGATTTTTCGGGTGCCGACCTTAGCGGTACTGAATTTATCGGCTGTCAGTTCTATGATCGAGAAAGCCAGAAAGGGTGCAATTTCAGTCGCGCAATACTGAAAGATGCCATTTTTAAAAGCTGTGATTTATCCATGGCGGATTTTCGCAACGTCAGTGCGTTGGGCATAGAAATTCGCCACTGCCGCGCACAGGGTGCAGATTTTCGCGGCGCAAGTTTCATGAATATGATCACCACGCGCACCTGGTTTTGCAGCGCATATATCACTAATACCAATCTAAGCTACGCCAACTTTTCGAAGGCCGTGCTTGAAAAGTGCGAATTGTGGGAAAATCGCTGGATGGGAACTCAGGTACTGGGTGCGACGTTGAGTGGTTCCGATCTCTCCGGTGGCGAGTTTTCGTCGTTCGACTGGCGGACGGCAAATTTCACGCACTGTGATTTGACCAATTCAGAACTGGGTGATTTAGATATTCGGGGCGTCGATTTACAAGGTGTCAAATTGGACAACTATCAGGCCGCATTGCTCATGGAACGTCTTGGCATCGCTGTGATTGGCTAG
resfindernewid_18,qnrB9_1_EF526508,ATGGCTCTGGCACTCGTTGGCGAAAAAATTGACAGAAACCGTTTCACCGGTGAGAAAATTGAAAATAGTACATTTTTTAACTGTGATTTTTCAGGTGCCGACCTAAGTGGTACTGAATTTATCGGCTGTCAGTTCTATGATCGTGAAAGCCAGAAAGGGTGCAATTTTAGTCGTGCAATGCTGAAAGATGCCATTTTTAAAAGCTGTGATTTATCCATGGCGGATTTTCGCAATGCCAGTGCGCTGGGCATTGAAATTCGCCACTGCCGCGCACAAGGCGCAGATTTCCGCGGCGCAAGCTTTATGAATATGATCACTACACGCACCTGGTTTTGCAGCGCATATATCACTAACACAAATCTAAGCTACGCCAATTTTTCGAAAGTCGTGCTGGAAAAGTGTGAGCTGTGGGAAAACCGTTGGATGGGTGCCCAGGTACTGGGCGCGACGTTCAGTGGTTCAGATCTCTCCGGCGGCGAGTTTTCGACTTTCGACTGGCGAGCAGCAAACTTCACACATTGCGATCTGACCAATTCGGAGTTGGGTGACTTAGATATTCGGGGCGTTGATTTACAAGGCGTTAAGTTGGACAACTACCAGGCATCGTTGCTCATGGAACGTCTTGGCATCGCGATTATTGGCTAG
resfindernewid_19,qnrB10_1_DQ631414,ATGACTCTGGCATTAGTTGGCGAAAAAATTGACAGAAACCGCTTCACCGGTGAGAAAGTTGAAAATAGTACATTTTTTAACTGCGATTTTTCAGGTGCCGACCTGAGCGGCACTGAATTTATCGGCTGCCAGTTCTATGATCGCGAAAGTCAGAAAGGGTGCAATTTTAGTCGCGCAATGCTGAAAGATGCCATTTTCAAAAGCTGTGATTTATCAATGGCAGATTTCCGCAACGTCAGCGCATTGGGCATTGAAATTCGCCACTGTCGCGCACAAGGCGCAGATTTTCGCGGTGCAAGCTTTATGAATATGATCACCACGCGCACCTGGTTTTGCAGCGCATATATCACTAATACCAATCTAAGCTACGCCAATTTTTCGAAAGTCGTGTTGGAAAAGTGTGAGCTATGGGAAAACCGCTGGATGGGGACTCAGGTACTGGGTGCGACGTTCAGTGGTTCAGATCTCTCCGGCGGCGAGTTTTCGACTTTCGACTGGCGAGCCGCAAACTTCACACATTGCGATCTGACCAATTCGGAGTTAGGTGACTTAGATATTCGGGGTGTTGATTTACAAGGCGTTAAGTTAGACAACTACCAGGCATCGTTGCTCATGGAGCGACTTGGCATCGCTGTGATTGGTTAG
resfindernewid_20,qnrB10_2_HM439644,ATGACTCTGGCATTAGTTGGCGAAAAAATTGACAGAAATCGCTTCACCGGTGAGAAAGTTGAAAATAGTACATTTTTTAACTGCGATTTTTCAGGTGCCGACCTGAGCGGCACTGAATTTATCGGCTGCCAGTTCTATGATCGCGAAAGTCAAAAAGGATGCAATTTTAGTCGCGCAATGCTGAAAGATGCCATTTTCAAAAGCTGTGATTTATCAATGGCAGATTTCCGCAACGTCAGCGCATTGGGCATTGAAATTCGCCACTGCCGCGCACAAGGCGCAGATTTCCGCGGTGCAAGCTTTATGAATATGATCACCACGCGCACCTGGTTTTGCAGCGCATATATCACTAATACCAATCTAAGCTACGCCAATTTTTCGAAAGTCGTGTTGGAAAAGTGTGAGCTATGGGAAAACCGCTGGATGGGGACTCAGGTACTGGGTGCGACGTTCAGTGGTTCAGATCTCTCCGGCGGCGAGTTTTCGACTTTCGACTGGCGAGCAGCAAACTTCACACATTGCGATCTGACCAATTCGGAGTTAGGTGACTTAGATATTCGGGGTGTTGATTTACAAGGCGTTAAGTTAGACAACTACCAGGCATCGTTGCTCATGGAGCGGCTTGGCATCGCTGTGATTGGTTAG
resfindernewid_21,qnrB11_1_EF653270,ATGACTCTGGCGTTAGTTGGCGAAAAAATTGACAGAAACAGATTCACTGGTGCGAAAGTTGAAAATAGCACATTTTTCAACTGTGATTTTTCGGGCGCCGACCTCAGCGGCACTGAGTTTATTGGCTGCCAGTTCTATGATCGAGAAAGCCAGAAAGGGTGTAATTTTAGTCGCGCTATCCTGAAAGATGCCATTTTCAAAAGTTGTGATCTCTCCATGGCGGATTTCAGGAATGTGAGCGCGCTGGGAATCGAAATTCGCCACTGCCGCGCACAAGGTTCAGATTTTCGCGGCGCAAGCTTTATGAATATGATTACCACACGCACCTGGTTTTGTAGCGCCTATATCACCAATACCAACTTAAGCTACGCCAACTTTTCAAAAGTCGTACTGGAAAAGTGCGAGCTGTGGGAAAACCGTTGGATGGGTACTCAGGTACTGGGGGCGACGTTCAGTGGTTCGGATCTTTCCGGCGGTGAGTTTTCGTCGTTCGACTGGCGGGCCGCAAACTTTACGCACTGTGATTTGACCAATTCAGAACTGGGCGATCTCGATGTCCGGGGTGTTGATTTGCAAGGCGTCAAACTGGACAGCTACCAGGCATCGTTGATCCTGGAACGTCTTGGTATCGCTGTCATGGGTTAA
resfindernewid_22,qnrB12_2_AM774474,ATGACTCTGGCATTAGTTGGCGAAAAAATTGACAGAAACAGATTCACTGGTGCGAAAGTTGAAAATAGCACATTTTTCAACTGTGATTTTTCGGGTGCCGACCTCAGCGGCACTGAGTTTATTGGCTGTCAGTTCTATGATCGAGAGAGCCAGAAAGGGTGTAATTTTAGTCGCGCTATCCTGAAAGATGCCATTTTCAAAAGTTGTGATCTCTCCATGGCGGATTTCAGGAATGTGAGCGCGCTGGGAATCGAAATTCGCCACTGCCGCGCACAAGGTTCAGATTTTCGCGGCGCAAGCTTTATGAATATGATTACCACACGCACCTGGTTTTGTAGCGCCTATATCACCAATACCAACTTAAGCTACGCCAACTTTTCAAAAGTCGTACTGGAAAAGTGCGAGCTGTGGGAAAACCGTTGGATGGGTACTCAGGTACTGGGGGCGACGTTCAGTGGTTCAGATCTTTCCGGCGGTGAGTTTTCGTCGTTCGACTGGCGGGCCGCAAACTTTACGCACTGTGATTTGACCAATTCAGAACTGGGCGATCTCGATGTCCGGGGTGTTGATTTGCAAGGCGTCAAACTGGACAGCTACCAGGCATCGTTGATCCTGGAACGTCTTGGCATCGCTGTCATTGGTTAA
resfindernewid_23,qnrB13_1_EU273755,ATGGCTCTGGCACTCGTTGGCGAAAAAATTGACAGAAACCGCTTCACCGGTGAGAAAATTGAAAATAGTACATTTTTTAACTGTGATTTTTCAGGTGCCGACCTGAGCGGCACTGAATTTATCGGCTGTCAGTTCTATGATCGTGAAAGCCAGAAAGGGTGCAATTTTAGTCGTGCGATGCTGAAAGATGCCATTTTTAAAAGCTGTGATTTATCCATGGCGGATTTTCGCAATGCCAGTGCGCTTGGCATTGAAATTCGCCACTGTCGTGCGCAAGGCGCAGATTTCCGCGGCGCAAGCTTTATGAATATGATCACTACTCGCACCTGGTTTTGCAGCGCATATATCACTAACACAAATCTAAGCTACGCCAATTTTTCGAAAGTCGTGTTGGAAAAATGTGAGCTGTGGGAAAACCGTTGGATGGGTGCCCAGGTACTGGGCGCGACGTTCAGTGGTTCAGATCTTTCCGGCGGCGAGTTTTCGACTTTCGACTGGCGAGCAGCAAACTTCACACATTGCGATCTGACCAATTCGGAGTTGGGTGACTTAGATATTCGGCGCGTTGATTTACAAGGCGTTAAGTTGGACAACTACCAGGCATCGTTGCTCATGGAACGTCTTGGCATCGCGATTATTGGCTAG
resfindernewid_24,qnrB14_1_EU273757,ATGGCTCTGGCACTCGTCGGCGAAAAAATTGACAGAAACCGTTTCACCGGTGAGAAAATTGATAATAGTACATTTTTTAACTGTGATTTTTCAGGTGCCGACCTGAGCGGCACTGAATTTATCGGCTGTCAGTTCTATGATCGTGAAAGCCAGAAAGGGTGCAATTTTAGTCGTGCGATGCTGAAAGATGCCATTTTTAAAAGCTGTGATCTATCCATGGCGGATTTTCGCAATGCCAGTGCGCTGGGCATTGAAATTCGCCACTGCCGCGCACAAGGCGCAGATTTCCGCGGCGCAAGTTTTATGAATATGATCACTACTCGCACCTGGTTTTGTAGTGCATATATCACTAACACAAATCTAAGCTACGCCAATTTTTCGAAAGTCGTGCTGGAAAAGTGTGAGCTGTGGGAAAACCGTTGGATGGGTGCCCAGGTACTGGGCGCGACGTTCAGTGGTTCAGATCTCTCCGGCGGCGAGTTTTCGACTTTCGACTGGCGAGCAGCAAACTTCACACATTGCGATCTGACCAATTCGGAGTTGGGGGACTTAGATATTCGGGGCGTTGATTTACAGGGCGTTAAGTTGGACAACTACCAGGCATCGTTGCTCACGGAACGTCTTGGCATCGCGATTATTGGCTAG
resfindernewid_25,qnrB15_1_EU302865,ATGGCTCTGGCACTCGTTGGCGAAAAAATTGACAGAAACCGTTTCACCGGTGAGAAAATTGAAAGTAGTACATTTTTTAACTGTGATTTTTCAGGTGCCGACCTGAGCGGCACTGAATTTATCGGCTGTCAGTTCTATGATCGTGAAAGCCAGAAAGGGTGCAATTTTAGTCGTGCGATGCTGAAAGATGCCATTTTTAAAAGCTGTGATTTATCCATGGCGGATTTTCGCAATGCCAATGCGCTGGGCATTGAAATTCGCCACTGCCGCGCACAAGGCGCAGATTTCCGCGGCGCAAGTTTTATGAATATGATCACTACTCGCACCTGGTTTTGTAGTGCATATATCACTAACACAAATCTAAGCTACGCCAATTTTTCGAAAGTCGTGTTGGAAAAGTGTGAGCTGTGGGAAAACCGTTGGATGGGTGCCCAGGTACTGGGCGCGACGTTCAGTGGTTCAGATCTCTCCGGCGGCGAGTTTTCGACTTTCGACTGGCGAGCAGCAAACTTCACACATTGCGATCTGACCAATTCGGAGTTGGGTGACTTAGATATTCGGGGCGTTGATTTACAAGGCGTTAAGCTGGACAACTACCAGGCGTCGTTGCTCATGGAGCGGCTTGGCATCGCGATTATTGGCTAG
resfindernewid_26,qnrB16_1_EU136183,ATGGCTCTGGCACTCGTTGGCGAAAAAATTGACAGAAACCGCTTCACCGGTGAGAAAATTGAAAATAGTACATTTTTTAACTGTGATTTTTCAGGTGCCGACCTGAGCGGCACTGAATTTATCGGCTGTCAGTTCTATGATCGTGAAAGCCAGAAAGGGTGCAATTTTAGTCGTGCGATGCTGAAAGATGCCATTTTTAAAAGCTGTGATTTATCCATGGCGGATTTTCGCAATGCCAGTGCGCTTGGCATTGAAATTCGCCACTGCCGCGCACAAGGCGCAGATTTCCGCGGCGCAAGCTTTATGAATATGATCACCACGCGCACCTGGTTTTGTAGCGCATATATCACGAATACAAATCTAAGCTACGCCAATTTTTCGAAAGTCGTGCTGGAAAAGTGTGAGCTGTGGGAAAACCGTTGGATGGGTACCCAGGTACTGGGCGCGACGTTCAGTGGTTCAGATCTCTCCGGCGGCGAGTTTTCGACTTTCGACTGGCGAGCAGCAAACTTCACACATTGCGATCTGACCAATTCGGAGTTGGGTGACTTAGATATTCGGGGGGTTGATTTACAAGGCGTTAAGTTGGACAACTACCAGGCATCGTTGCTCATGGAACGTCTTGGCATCGCGATTATTGGCTAG
resfindernewid_27,qnrB17_1_JN173051,ATGGCTCTGGCACTCGTTGGCGAAAAAATTGACAGAAACCGCTTCACCGGTGAGAAAATTGAAAATAGTACATTTTTTAACTGTGATTTTTCAGGTGCCGACCTGAGCGGCACTGAATTTATCGGCTGTCAGTTCTATGATCGTGAAAGCCAGAAAGGGTGCAATTTTAGTCGTGCGATGCTGAAAGATGCCATTTTTAAAAGCTGTGATTTATCCATGGCGGATTTTCGCAATTCCAGTGCGCTGGGCATTGAAATTCGCCACTGCCGCGCACAAGGCGCAGATTTCCGCGGCGCAAGCTTTATGAATATGATCACCACACGCACCTGGTTTTGTAGCGCATATATCACGAATACCAATCTAAGCTACGCCAATTTTTCGAAAGTCGTGTTGGAAAAGTGTGAGCTGTGGGAAAACCGTTGGATGGGTGCCCAGGTACTGGGCGCGACGTTCAGTGGTTCAGATCTCTCAGGCGGCGAGTTTTCGACTTTCGACTGGCGAGCAGCGAACTTCACACATTGCGATCTGACCAATTCGGAGTTGGGTGACTTAGATATTCGGGGCGTTGATTTACAAGGCGTTAAGCTGGACAACTACCAGGCGTCGTTGCTCATGGAGCGGCTTGGCATCGCGGTGATTGGTTAG
resfindernewid_28,qnrB17_2_AM919398,ATGGCTCTGGCACTCGTTGGCGAAAAAATTGACAGAAACCGTTTCACCGGTGAGAAAATTGAAAATAGTACATTTTTTAACTGTGATTTTTCAGGTGCCGACCTGAGCGGCACTGAATTTATCGGCTGTCAGTTCTATGATCGTGAAAGCCAGAAAGGGTGCAATTTTAGTCGTGCGATGCTGAAAGATGCCATTTTTAAAAGCTGTGATTTATCCATGGCGGATTTTCGCAATTCCAGTGCGCTGGGCATTGAAATTCGCCACTGCCGCGCACAAGGCGCAGATTTCCGCGGCGCAAGCTTTATGAATATGATCACCACGCGCACCTGGTTTTGTAGCGCATATATCACGAATACCAATCTAAGCTACGCCAATTTTTCGAAAGTCGTGTTGGAAAAGTGTGAGCTGTGGGAAAACCGTTGGATGGGTGCCCAGGTACTGGGCGCGACGTTCAGTGGTTCAGATCTCTCCGGCGGCGAGTTTTCGACTTTCGACTGGCGAGCAGCGAACTTCACACATTGCGATCTGACCAATTCGGAGTTGGGTGACTTAGATATTCGGGGCGTTGATTTACAAGGCGTTAAGCTGGACAACTACCAGGCGTCGTTGCTCATGGAGCGGCTTGGCATCGCGGTGATTGGTTAG
resfindernewid_29,qnrB18_1_AM919399,ATGGCTCTGGCACTCGTTGGCGAAAAAATTGACAGAAACCGTTTCACCGGTGAGAAAATTGATAATAGTACATTTTTTAACTGTGATTTTTCAGGTGCCGACCTGAGCGGCACTGAATTTATCGGCTGTCAGTTCTATGATCGTGAAAGCCAGAAAGGGTGCAATTTTAGTCGTGCGATGCTGAAAGATGCCATTTTTAAAAGCTGTGATTTATCCATGGCGGATTTTCGCAATGCCAGTGCGCTGGGCATTGAAATTCGCCACTGCCGCGCACAAGGCGCAGATTTCCGCGGCGCAAGTTTTATGAATATGATCACTACTCGCACCTGGTTTTGTAGTGCATATATCACTAACACAAATCTAAGCTACGCCAATTTTTCGAAAGTCGTGCTGGAAAAGTGTGAGCTGTGGGAAAACCGTTGGATGGGTGCCCAGGTACTGGGCGCGACGTTCAGTGGTTCAGATCTCTCCGGCGGCGAGTTTTCGACTTTCGACTGGCGAGCAGCAAACTTCACACATTGCGATCTGACCAATTCGGAGTTGGGGGACTTAGATATTCGGGGCGTTGATTTACAAGGCGTTAAGTTGGACAACTACCAGGCATCGTTGCTCATGGAGCGACTTGGCATCGCGGTGATTGGTTAG
resfindernewid_30,qnrB19_1_EU432277,ATGACTCTGGCATTAGTTGGCGAAAAAATTGACAGAAATCGCTTCACCGGTGAGAAAGTTGAAAATAGTACATTTTTTAACTGCGATTTTTCAGGTGCCGACCTGAGCGGCACTGAATTTATCGGCTGCCAGTTCTATGATCGCGAAAGTCAGAAAGGGTGCAATTTTAGTCGCGCAATGCTGAAAGATGCCATTTTCAAAAGCTGTGATTTATCAATGGCAGATTTCCGCAACGTCAGTGCCTTGGGCATTGAAATTCGCCACTGCCGCGCACAAGGCGCAGATTTCCGCGGTGCAAGCTTTATGAATATGATCACCACGCGCACCTGGTTTTGCAGCGCATATATCACTAATACTAATCTAAGCTACGCCAATTTTTCGAAAGTCGTGTTGGAAAAGTGTGAGCTGTGGGAAAACCGCTGGATGGGGACTCAGGTACTGGGTGCGACGTTCAGTGGTTCAGATCTCTCCGGCGGCGAGTTTTCGACTTTCGACTGGCGAGCAGCAAACTTCACACATTGCGATCTGACCAATTCGGAGTTAGGTGACTTAGATATTCGGGGTGTTGATTTACAAGGCGTTAAGTTAGACAGCTACCAGGCATCGTTGCTCATGGAGCGGCTTGGCATCGCTGTGATTGGTTAG
resfindernewid_31,qnrB20_1_AB379831,ATGGCTCTGGCACTCGTTGGCGAAAAAATTAACAGAAACCGCTTCACCGGTGAGAAAATTGAAAATAGTACATTTTTTAACTGTGATTTTTCAGGTGCCGACCTGAGCGGCACTGAATTTATCGGCTGTCAGTTCTATGATCGTGAAAGCCAGAAAGGGTGCAATTTTAGTCGTGCGATGCTGAAAGATGCCATTTTTAAAAGCTGTGATTTATCCATGGCGGATTTTCGCAATGCCAGTGCGCTTGGCATTGAAATTCGCCACTGTCGTGCGCAAGGCGCAGATTTTCGCGGCGCAAGTTTTATGAATATGATCACTACTCGCACCTGGTTTTGCAGTGCATATATCACTAACACAAATCTAAGCTACGCCAATTTTTCGAAAGTCGTGTTGGAAAAGTGTGAGCTGTGGGAAAACCGTTGGATGGGGGCCCAGGTACTGGGCGCGACGTTCAGTGGTTCAGATCTCTCCGGCGGCGAGTTTTCGACTTTCGACTGGCGAGCAGCAAACTTCACACATTGCGATCTGACCAATTCGGAGTTGGGTGACTTAGATATTCGGCGCGTTGATTTACAAGGCGTTAAGTTGGACAACTACCAGGCATCGTTGCTCATGGAACGTCTTGGCATCGCGGTGATTGGTTAG
resfindernewid_32,qnrB21_1_FJ611948,ATGACTCTGGCATTAGTTGGCGAAAAAATTGACAGAAACCGCTTCACCGGTGAAAAAGTTGAAAATAGCACTTTTTTTAACTGTGATTTTTCGGGTGCCGACCTTAGCGGTACTGAATTTATCGGCTGTCAGTTCTATGATCGAGAAAGCCAGAAAGGGTGCAATTTCAGTCGCGCAATACTGAAAGATGCCATTTTTAAAAGCTGTGATTTATCCATGGCGGATTTTCGCAACGTCAGTGCGTTGGGCATAGAAATTCGCCACTGCCGCGCACAGGGTGCAGATTTTCGCGGCGCAAGTTTCATGAATATGATCACCACGCGCACCTGGTTTTGCAGCGCATATATCACTAATACCAATCTAAGCTACGCCAACTTTTCGAAGGCCGTGCTTGAAAAGTGCGAATTGTGGGAAAATCGCTGGATGGGAACTCAGGTACTGGGTGCGACGTTGAGTGGTTCCGATCTCTCCGGTGGCGAGTTTTCGTCGTTCGACTGGCGGACGGCAAATTTCACGCACTGTGATTTGACCAATTCAGAACTGGGTGATTTAGATATTCGGGGCGTCGATTTACAAGGTGTCAAATTGGACAGCTATCAGGCCGCATTGCTCATGGAACGTCTTGGCATCGCTGTGATTGGCTAG
resfindernewid_33,qnrB22_1_FJ981621,ATGACTCTGGCGTTAGTTGGCGAAAAAATTGACAGAAACAGGTTCACCGGTGAAAAAGTCGAAAATAGCACATTTTTCAACTGTGATTTTTCGGGTGCCGACCTTTGCGGTACTGAATTTATTGGCTGCCAGTTTTATGATCGAGAAAGCCAGAAAGGGTGTAATTTTAGTCGCGCTAACCTGAAGGATGCCATTTTCAAAAGTTGTGATCTCTCCATGGCGGATTTCAGAAATATCAATGCGCTGGGAATCGAAATTCGCCACTGCCGGGCACAAGGGTCAGATTTTCGCGGCGCAAGCTTTATGAATATGATCACCACCCGCACCTGGTTTTGTAGCGCTTATATCACCAATACCAACTTAAGCTACGCCAACTTTTCTAAAGTCGTACTGGAAAAGTGCGAGCTGTGGGAGAACCGCTGGATGGGTACTCAGGTGCTGGGCGCAACGTTCAGTGGATCAGACCTCTCTGGCGGCGAGTTTTCATCCTTCGACTGGCGAGCAGCAAACGTAACGCACTGTGATTTGACCAATTCGGAACTGGGCGATTTAGATATCCGGGTAGTTGATTTGCAAGGCGTCAAACTGGACAGCTACCAGGCATCGTTGCTCCTGGAACGTCTTGGTATCGCTGTCATGGGTTAA
resfindernewid_34,qnrB23_1_FJ981622,ATGGCTCTGGCACTCGTTGGCGAAAAAATTGACAGAAACCGCTTCACCGGTGAGAAAATTGAAAATAGTACATTTTTTTACTGTGATTTTTCAGGTGCCGACCTGAGCGGCACTGAATTTATCGGCTGTCAGTTCTATGATCGTGAAAGCCAGAAAGGGTGCAATTTTAGTCGTGCGATGCTGAAAGATGCCATTTTTAAAAGCTGTGATTTATCCATGGCGGATTTTCGCAATGCCAGTGCGCTTGGCATTGAAATTCGCCACTGTCGTGCGCAAGGCGCAGATTTCCGCGGCGCAAGCTTTATGAATATGATCACTACTCGCACCTGGTTTTGCAGCGCATATATCACTAACACAAATCTAAGCTACGCCAATTTTTCGAAAGTCGTGCTGGAAAAGTGTGAGCTGTGGGAAAACCGTTGGATGGGTGCCCAGGTACTGGGCGCGACGTTCAGTGGTTCAGATCTCTCCGGCGGCGAGTTTTCGACTTTCGACTGGCGAGCAGCAAACTTCACACATTGCGATCTGACCAATTCGGAGTTGGGGGACTTAGATATTCGGGGCGTTGATTTACAAGGCGTTAAGTTGGACAACTACCAGGCATCGTTGCTCATGGAACGTCTTGGCATCGCGATTATTGGCTAG
resfindernewid_35,qnrB24_1_HM192542,ATGGCACTGGCACTCGTTGGCGAAAAAATTGACAGAAACCGCTTCACCGGTGAGAAAATTGAAAATAGTACATTTTTTAACTGTGATTTTTCAGGTGCCGACATGAGCGGCACTGAATTTATCGGCTGTCAGTTCTATGATCGTGAAAGCCAGAAAGGGTGCAATTTTAGTCGTGCGATGCTGAAAGATGCCATTTTTAAAAGCTGTGATTTATCCATGGTGGATTTTCGCAATGCCAGTGCGCTTGGCATTGAAATTCGCCACTGTCGTGCGCAAGGCGCAGATTTCCGCGGCGCAAGCTTTATGAATATGATCACTACTCGCACCTGGTTTTGCAGCGCATATATCACTAACACAAATCTAAGCTACGCCAATTTTTCGAAAGTCGTGCTGGAAAAATGTGAGCTGTGGGAAAACCGTTGGATGGGTGCCCAGGTACTGGGCGCGACGTTCAGTGGTTCAGATCTTTCCGGCGGCGAGTTTTCGACTTTCGACTGGCGAGCAGCAAACTTCACACATTGCGATCTGACCAATTCGGAGTTGGGTGACTTAGATATTCGGGGCGTTGATTTACAAGGCGTTAAGTTGGACAACTACCAGGCATCGTTGCTCATGGAACGTCTTGGCATCGCGGTGATTGGCTAG
resfindernewid_36,qnrB25_1_HQ172108,ATGGCTCTGGCGTTAGTTGGCGAAAAAATTGACAGAAACCGCTTCACCGGTGAAAAAGTTGAAAATAGCACTTTTTTTAACTGTGATTTTTCGGGTGCCGACCTTAGCGGTACTGAATTTATCGGCTGTCAGTTCTATGATCGAGAAAGCCAGAAAGGGTGCAATTTCAGTCGCGCAATACTGAAAGATGCCATTTTTAAAAGCTGTGATTTATCCATGGCGGATTTTCGCAATGTCAGTGCGTTGGGCATAGAAATTCGCCACTGCCGCGCACAGGGTGCAGATTTTCGCGGCGCAAGTTTCATGAATATGATCACCACGCGCACCTGGTTTTGCAGCGCATATATCACTAGTACCAATCTAAGCTACGCCAACTTTTCGAAGGCCGTGCTTGAAAAGTGCGAATTGTGGGAAAATCGCTGGATGGGAACTCAGGTGCTGGGTGCGACGTTGAGTGGTTCCGATCTCTCCGGTGGCGAGTTTTCGTCGTTCGACTGGCGGACGGCAAATTTCACGCACTGTGATTTGACCAATTCAGAACTGGGTGATTTAGATATTCGGGGCGTCGATTTACAAGGTGTCAAATTGGACAGCTATCAGGCCGCATTGCTCATGGAACGTCTTGGCATCGCTATCATTGGCTAA
resfindernewid_37,qnrB26_1_HQ386846,ATGGCTCTGGCACTCGTTGGCGTAAAAATTGACAGAAACCGTTTCACCGGTGAGAAAATTGAAAATGGTACATTTTTTAATTGTGATTTTTCAGGTGCCGACCTGAGCGGCACTGAATTTATCGGCTGTCAGTTCTATGATCGTGAAAGCCAGAAAGGGTGCAATTTTAGTCGTGCGATGCTGAAAGATGCCATTTTTAAAAGCTGTGATTTATCCATGGCGGATTTTCGCAATGCCAGTGCGCTGGGCATTGAAATTCGCCACTGCCGCGCACAAGGCGCAGATTTCCGCGGCGCAAGCTTTATGAATATGATCACCACGCGCACCTGGTTTTGTAGCGCATATATCACGAATACCAATCTAAGCTACGCCAATTTTTCGAAAGTCGTGTTGGAAAAGTGTGAGCTGTGGGAAAACCGTTGGATGGGTGCCCAGGTACTGGGCGCGACGTTCAGTGGTTCAGATCTCTCCGGCGGCGAGTTTTCGACTTTCGACTGGCGAGCAGCGAACTTCACACATTGCGATCTGACCAATTCGGAGTTGGGTGACTTAGATATTCGGGGCGTTGATTTACAAGGCGTTAAGCTGGACAACTACCAGGCGTCGTTGCTCATGGAGCGGCTTGGCATCGCGGTGATTGGTTAG
resfindernewid_38,qnrB27_1_HM439641,ATGACTCTGGCATTAGTTAGCGAAAAAATTGACAGAAACCGCTTCACCGGGGAAAAAGTTGAAAACAGTACTTTTTTTAACTGTGATTTTTCAGGGGCCGATCTTAGCGGCACTGAATTTATCGGCTGTCAGTTTTATGATCGCGAAAGCCAGAAAGGGTGTAATTTTAGTCGCGCAATGCTGAAAGATGCCATTTTTAAAAGTTGCGATTTATCCATGGCGGATTTTCGCAACGCCAGTGCCCTGGGAATTGAAATTCGCCACTGCCGCGCGCAGGGTTCAGATTTTCGCGGCGCGAGTTTTATGAACATGATCACCACGCGGACCTGGTTTTGCAGCGCATACATCACGAATACCAATCTAAGCTACGCCAACTTTTCGAAGGTTGTCCTGGAAAAGTGCGAGCTGTGGGAAAACCGCTGGATGGGAACTCAGGTAGCGGGTGCAACGTTCAGTGGATCAGATCTCTCGGGCGGTGAATTTTCAGCGTTCGACTGGCGGGCCGCAAACTTCACGCACTGTGATTTGACCAATTCAGAACTGGGTGATTTAGATATTCGGGGTGTAGATTTACAAGGCGTCAAATTGGATAGCTATCAGGCAGCGTTGCTGATGGAGCGGCTTGGCATCGCGGTGATTGGCTAG
resfindernewid_39,qnrB28_1_HM439643,ATGACTCTGGCATTAGTTAGCGAAAAAATTGACAGAAACCGCTTCACCGGGGAAAAAGTTGAAAACAGTACTTTTTTTAACTGTGATTTTTCAGGGGCCGATCTTAGCGGCACTGAATTTATCGGCTGTCAGTTTTATGATCGCGAAAGCCAGAAAGGGTGTAATTTTAGTCGCGCAATGCTGAAAGATGCCATTTTTAAAAGTTGCGATTTATCCATGGCGGATTTTCGCAACGTCAGTGCCCTGGGAATTGAAATTCGCCACTGCCGCGCGCAGGGTTCAGATTTTCGCGGCGCGAGTTTTATGAACATGATCACCACGCGGACCTGGTTTTGCAGCGCATACATCACGAATACCAATCTAAGCTACGCCAACTTTTCGAAGGTTGTCCTGGAAAAGTGCGAGCTGTGGGAAAACCGCTGGATGGGAACTCAGGTAGCGGGTGCAACGTTCAGTGGATCAGATCTCTCGGGAGGTGAATTTTCAGCGTTCGACTGGCGGGCCGCAAATTTCACGCACTGTGATTTGACCAATTCAGAACTGGGTGATTTAGATATTCGGGGTGTAGATTTACAAGGCGTCAAATTGGATAGCTATCAGGCAGCGTTGCTGATGGAGCGGCTTGGCATCGCGGTGATTGGTTAG
resfindernewid_40,qnrB29_1_HM439649,ATGGCACTGGCACTCGTTGGCGAAAAAATTGACAGAAACCGCTTCACCGGTGAGAAAATTGAAAATAGTACATTTTTTAACTGTGATTTTTCAGGTGCCGACCTGAGCGGCACTGAATTTATCGGCTGTCAGTTCTATGATCGTGAAAGCCAGAAAGGGTGCAATTTTAGTCGTGCGATGCTGAAAGATGCCATTTTTAAAAGCTGTGATTTATCCATGGTGGATTTTCGCAATGCCAGTGCGCTTGGCATTGAAATTCGCCACTGTCGTGCGCAAGGCGCAGATTTCCGCGGCGCAAGCTTTATGAATATGATCACTACTCGCACCTGGTTTTGCAGCGCATATATCACTAACACAAATCTAAGCTACGCCAATTTTTCGAAAGTCGTGCTGGAAAAATGTGAGCTGTGGGAAAACCGTTGGATGGGTGCCCAGGTACTGGGCGCGACGTTCAGTGGTTCAGATCTTTCCGGCGGCGAGTTTTCGACTTTCGACTGGCGAGCAGCAAACTTCACACATTGCGATCTGACCAATTCGGAGTTGGGTGACTTAGATATTCGGGGCGTTGATTTACAAGGCGTTAAGTTGGACAACTACCAGGCATCGTTGCTCATGGAACGTCTTGGCATCGCGGTGATTGGCTAG
resfindernewid_41,qnrB30_1_HM439650,ATGGCACTGGCACTCGTTGGCGAAAAAATTGACAGAAACCGCTTCACCGGTGAGAAAATTGAAAATAGTACATTTTTTAACTGTGATTTTTCAGGTGCCGACCTGAGCGGCACTGAATTTATCGGCTGTCAGTTCTATGATCGTGAAAGCCAGAAAGGGTGCAATTTTAGTCGTGCGATGCTAAAAGATGCCATTTTTAAAAGCAGTGATTTATCCATGGCGGATTTTCGCAATGCCAGTGCGCTGGGCATTGAAATTCGCCACTGCCGCGCACAAGGCGCAGATTTCCGCGGCGCAAGTTTTATGAATATGATCACTACTCGCACCTGGTTTTGTAGTGCATATATCACTAACACAAATCTAAGCTACGCCAATTTTTCGAAAGTCGTGCTGGAAAAGTGTGAGCTGTGGGAAAACCGTTGGATGGGTGCCCAGGTACTGGGCGCGACGTTCAGTGGTTCAGATCTCTCCGGCGGCGAGTTTTCGACTTTCGACTGGCGAGCAGCAAACTTCACACATTGCGATCTGACCAATTCGGAGTTGGGGGACTTAGATATTCGGGGCGTTGATTTACAAGGCGTTAAGTTGGACAACTACCAGGCATCGTTGCTCATGGAACGTCTTGGCATCGCGGTGATTGGTTAG
resfindernewid_42,qnrB31_1_HQ418999,ATGGCTCTGGCGCTCGTGGGCGAAAAAATTGACAGAAACCGTTTCACCGGTGAGAAAATTGAAAATAGTACATTTTTTTTATGTGATTTTTCAGGAGCCGACCTGAGCGGCACTGAGTTTATCGGCTGTCAATTCTATGATCGTGAAAGCCAGAAAGGCTGCAATTTTAGTCGTGCGATGTTAAAGGATGCCATTTTTAAAAGCTGCGATTTATCCATGGCGGATTTTCGCAATGCAAGCGCCCTGGGTATTGAGATTTCTCATTGTAGGGCTCAGGGTGCAGATTTTCGCGGCGCAAGCTTTATGAACATGATTACCACGCGCACTTGGTTCTGCAGCGCGTATATCACGAATACGAATCTGTCTTATGCCAATTTTTCGAAAGTCGTGTTGGAGAAGTGTGAGTTATGGGAAAACCGTTGGATGGGTGCCCAGGTACTGGGCGCGACGTTCAGTGGTTCAGATCTCTCCGGCGGCGAGTTTTCAACTTTCGACTGGCGAGCAGCAAACTTTACACATTGCGATCTCACAAATTCGGAGTTGGGTGACTTAGATATTCGTCGGGTTGATTTACAAGGCGTTAAGTTGGACAACTACCAGGCTTCGTTGCTCATGGAGCGACTTGGCATCGCGATAATTGGTTGA
resfindernewid_43,qnrB32_1_JN173054,ATGGCTCTGGCACTCGTTGGCGAAAAAATTGACAGAAACCGTTTCACCGGTGAGAAAATTGAAAATAGTACATTTTTTAACTGTGATTTTTCAGGTGCCGACCTAAGTGGTACTGAATTTATCGGCTGTCAGTTCTATGATCGTGAAAGCCAGAAAGGGTGCAATTTTAGTCGTGCAATGCTAAAAGATGCCATTTTTAAAAGCTGTGATTTATCCATGGCGGATTTTCGCAATGCCAGTGCGCTGGGCATTGAAATTCGCCACTGCCGCGCACAAGGCGCAGATTTCCGCGGCGCAAGCTTTATGAATATGATCACTACACGCACCTGGTTTTGCAGCGCATATATCACTAACTCAAATCTAAGCTACGCCAATTTTTCGAAAGTCGTGCTGGAAAAGTGTGAGCTGTGGGAAAACCGTTGGATGGGTGCCCAGGTACTGGGCGCGACGTTCAGTGGTTCAGATCTCTCCGGCGGCGAGTTTTCGACTTTCGACTGGCGAGCAGCAAACTTCACACATTGCGATCTGACCAATTCGGAGTTGGGTGACTTAGATATTCGGGGCGTTGATTTACAAGGCGTTAAGTTGGACAACTACCAGGCATCGTTGCTCATGGAACGTCTTGGCATCGCGATTATTGGCTAG
resfindernewid_44,qnrB33_1_JN173055,ATGACTCTGGCATTAGTTAGCGAAAAAATTGACAGAAACCGCTTCACCGGGGAAAAAGTTGAAAACAGTACTTTTTTTAACTGTGATTTTTCAGGGGCCGATCTTAGCAGCACTGAATTTATCGGCTGTCAGTTTTATGATCGCGAAAGCCAGAAAGGGTGTAATTTTAGTCGCGCAATGCTGAAAGATGCCATTTTTAAAAGTTGCGATTTATCCATGGCGGATTTTCGCAACGCCAGTGCCCTGGGAATTGAAATTCGCCACTGCCGCGCGCAGGGTTCAGATTTTCGCGGCGCGAGTTTTATGAACATGATCACCACGCGGACCTGGTTTTGCAGCGCATACATCACGAATACCAATCTAAGCTACGCCAACTTTTCGAAGGTTGTCCTGGAAAAGTGCGAGCTGTGGGAAAACCGCTGGATGGGAACTCAGGTAGCGGGTGCAACGTTCAGTGGATCAGATCTCTCGGGCGGTGAATTTTCAGCGTTCGACTGGCGGGCCGCAAATTTCACGCACTGTGATTTGACCAATTCAGAACTGGGTGATTTAGATATTCGGGGTGTAGATTTACAAGGCGTCAAATTGGATAGCTATCAGGCAGCGTTGCTGATGGAGCGGCTTGGCATCGCGGTGATTGGTTAG
resfindernewid_45,qnrB34_1_JN173056,ATGACTCTGGCGTTAGTTGGCGAAAAAATTGACAGAAACAGATTCACTGGTGCGAAAGTTGAAAATAGCACATTTTTCAACTGTGATTTTTCGGGTGCCGACCTCAGCGGTACTGAGTTTATTGGCTGCCAGTTCTATGATCGAGAGAGCCAGAAAGGGTGTAATTTTAGTCGCGCTATCCTGAAAGATGCCATTTTCAAAAGTTGTGATCTCTCCATGGCGGGTTTCAGGAATGTGAGCGCGCTGGGAATCGAAATTCGCCACTGCCGCGCACAAGGTTCAGATTTTCGCGGCGCAAGCTTTATGAATATGATTACCACACGCACCTGGTTTTGTAGCGCCTATATCACCAATACCAACTTAAGCTACGCCAACTTTTCAAAAGTCGTACTGGAAAAGTGCGAGCTGTGGGAAAACCGTTGGATGGGTACTCAGGTACTGGGGGCGACGTTCAGTGGTTCAGATCTTTCCGGCGGTGAGTTTTCGTCGTTCGACTGGCGGGCCGCAAACTTTACGCACTGTGATTTGACCAATTCAGAACTGGGCGATCTCGATGTCCGGGGTGTTGATTTGCAAGGCGTCAAACTGGACAGCTACCAGGCATCGTTGATCCTGGAACGTCTTGGCATCGCTGTCATTGGTTAA
resfindernewid_46,qnrB35_1_JN173057,ATGGCTCTGGCATTAATTGGCGAAAAAATTGACAGAAACCGCTTCACCGGTGCAAAAGTTGAAAATAGCACTTTTTTTAACTGTGATTTTTCGGGCGCCGACCTTAGCGGTACTGAATTTATCGGCTGTCAGTTCTATGATCGAGAAAGCCAGAAAGGGTGCAATTTCAGTCGCGCAATACTGAAAGATGCCATTTTTAAAAGCTGTGATTTATCCATGGCGGATTTTCGCAACGTCAGTGCGTTGGGCATAGAAATTCGCCACTGCCGAGCACAGGGTGCAGATTTTCGCGGCGCAAGTTTCATGAATATGATCACCACGCGCACCTGGTTTTGCAGCGCATATATCACTAATACCAATCTAAGCTATGCCAACTTTTCGAAGGCCGTGCTTGAAAAGTGCGAATTGTGGGAAAATCGCTGGATGGGAACTCAGATGCTGGGTGCGACGTTGAGTGGTTCCGATCTCTCCGGTGGCGAGTTTTCGTCGTTCGACTGGCGGACGGCAAATTTCACGCACTGTGATTTGACCAATTCAGAACTGGGTGATTTAGATATTCGGGGCGTCGATTTACAAGGTGTCAAATTGGACAGCTATCAGGCCGCGTTGCTCATGGAACGTCTTGGCATCGCTGTCATTGGCTAA
resfindernewid_47,qnrB36_1_JN173058,ATGACTCTGGCATTAGTTGGCGAAAAAATTGACAGAAATCGCTTCACCGGTGAGAAAGTTGAAAATAGTACATTTTTTAACTGCGATTTTTCAGGTGCCGACCTGAGCGGCACTGAATTTATCGGCTGCCAGTTCTATGATCGCGAAAGTCAGAAAGGATGCAATTTTAGTCGCGCAATGCTGAAAGATACCATTTTCAAAAGCTGTGATTTATCAATGGCAGATTTCCGCAACGTCAGCGCATTGGGCATTGAAATTCGCCACTGCCGCGCACAAGGCGCAGATTTCCGCGGTGCAAGCTTTATGAATATGATCACCACGCGCACCTGGTTTTGCAGCGCATATATCACTAATACCAATCTAAGCTACGCCAATTTTTCGAAAGTCGTGTTGGAAAAGTGTGAGCTATGGGAAAACCGCTGGATGGGGACTCAGGTACTGGGTGCGACGTTCAGTGGTTCAGATCTCTCCGGCGGCGAGTTTTCGACTTTCGACTGGCGAGCAGCAAACTTCACACATTGCGATCTGACCAATTCGGAGTTAGGTGACTTAGATATTCGGGGTGTTGATTTACAAGGCGTTAAGTTAGACAACTACCAGGCATCGTTGCTCATGGAGCGGCTTGGCATCGCTGTGATTGGTTAG
resfindernewid_48,qnrB37_1_JN173059,ATGACTCTTGCGTTAGTTGGCGAAAAAATTGACAGAAACAGGTTCACCGGTGAGAAAGTCGAAAATAGCACATTTTTCAACTGTGATTTTTCGGGTGCCGACCTTAGCGGTACTGAGTTTATTGGCTGCCAATTTTATGATCGAGAGAGCCAGAAAGGGTGTAATTTTAGCCGCGCTATCCTGAAAGATGCCATTTTCAAAAGTTGCGATCTCTCCATGGCGGATTTCAGGAATGTGAGTGCGCTGGGAATCGAAATTCGCCACTGCCGCGCACAAGGTTCAGATTTTCGCGGCGCAAGCTTTATGAATATGATTACCACACGCACCTGGTTTTGTAGCGCCTATATCACCAATACCAACTTAAGCTACGCCAACTTTTCAAAAGTCGTACTGGAAAAGTGCGAGCTGTGGGAAAACCGCTGGATGGGAACTCAGGTACTGGGGGCGACGTTCAGTGGTTCAGATCTTTCCGGCGGTGAGTTTTCGTCGTTCGACTGGCGAGCCGCAAACGTTACGCACTGTGATTTGACCAATTCAGAACTGGGCGATCTCGATGTCCGGGGTGTTGATTTGCAAGGAGTCAAACTGGACAGCTACCAGGCATCGTTGATCCTGGAACGTCTTGGCATCGCTGTCATTGGTTAA
resfindernewid_49,qnrB38_1_JN173060,ATGGCTCTGGCATTAATTGGCGAAAAAATTGACAGAAACCGCTTCACCGGTGAAAAAGTTGAAAATAGCACTTTTTTTAACTGTGATTTTTCGGGTGCCGACCTTAGCGGTACTGAATTTATCGGCTGTCAGTTCTATGATCGAGAAAGCCAGAAAGGGTGCAATTTCAGTCGCGCAATACTGAAAGATGCCATTTTTAAAAGCTGTGATTTATCCATGGCGGATTTTCGCAACGTCAGTGCGTTGGGCATAGAAATTCGCCACTGCCGCGCACAGGGTGCAGATTTTCGCGGCGCAAGTTTCATGAATATGATCACCACGCGCACCTGGTTTTGCAGCGCATATATCACTAATACCAATCTAAGCTACGCCAACTTTTCGAAGGCCGTGCTTGAAAAGTGCGAATTGTGGGAAAATCGCTGGATGGGAACTCAGGTACTGGGTGCGACGTTGAGTGGTTCCGATCTCTCCGGTGGCGAGTTTTCGTCGTTCGACTGGCGGACGGCAAATTTCACGCACTGTGATTTGACCAATTCAGAACTGGGTGATTTAGATATTCGGGGCGTCGATTTACAAGGTGTCAAATTGGACAGCTATCAGGCCGCATTGCTCATGGAACGTCTTGGCATCGCTGTCATTGGCTAA
resfindernewid_50,qnrB39_1_ABWL02000005,ATGACTCTGGCGTTGGTTGGCGAAAAAATTGACAGAAACAGGTTCACCGGTGTGAAAGTTGAAAATAGCACGTTTTTCAACTGTGATTTTTCGGGTACCGACCTTAGCGGCACTGAATTTATTGGCTGCCAGTTTTATGATCGAGAGAGCCAGAAAGGGTGTAATTTTAGTCGCGCTATCCTGAAAGATGCCATTTTCAAAAGCTGTGATTTATCCATGGCGGATTTCAGAAATGCCAGCGCGCTGGGAATCGAGATTCGCCACTGCCGCGCGCAAGGTTCGGATTTTCGCGGTGCCAGTTTTATGAATATGATCACCACCCGCACCTGGTTTTGCAGCGCTTATATCACCAATACAAACTTAAGCTACGCCAACTTTTCGAAAGTCGTACTGGAAAAGTGCGAGCTGTGGGAAAACCGTTGGATGGGTACTCAGGTACTGGGGGCGACGTTCAGTGGTTCAGATCTTTCCGGCGGCGAGTTTTCGTCGTTCGACTGGCGGGCCGCGAACTTTACGCACTGTGACCTGACCAACTCGGAGCTGGGTGATTTAGACGTCCGTGGGGTGGATTTACAAGGCGTTAAACTGGACAGCTACCAGGCGTCTTTGATCCTGGAGCGTCTTGGCATCGCTGTCATTGGTTAA
resfindernewid_51,qnrB40_1_JN166689,ATGACTCTGGCATTAGTTGGCGAAAAAATTGACAGAAATCGCTTCACTGGTGAGAAAGTTGAAAATAGTACATTTTTTAACTGCGATTTTTCAGGTGCCGACCTGAGCGGCACTGAATTTATCGGCTGCCAGTTCTATGATCGCGAAAGTCAGAAAGGATGCAATTTTAGTCGCGCAATGCTGAGAGATGCCATTTTCAAAAGCTGTGATTTATCAATGGCAGATTTCCGCAACGTCAGCGCATTGGGCATTGAAATTCGCCACTGCCGCGCACAAGGCGCAGATTTCCGCGGTGCAAGCTTTATGAATATGATCACCACGCGCACCTGGTTTTGCAGCGCATATATCACTAATACCAATCTAAGCTACGCCAATTTTTCGAAAGTCGTGTTGGAAAAGTGTGAGCTATGGGAAAACCGCTGGATGGGGACTCAGGTACTGGGTACGACGTTCAGTGGTTCAGATCTCTCCGGCGGCGAGTTTTCGACTTTCGACTGGCGAGCAGCAAACTTCACACATTGCGATCTGACCAATTCGGAGTTAGGTGACTTAGATATTCGGGGTGTTGATTTACAAGGCGTTAAGTTAGACAACTACCAGGCATCGTTGCTCATGGAGCGGCTTGGCATCGCTGTGATTGGTTAG
resfindernewid_52,qnrB41_1_JN166690,ATGGCTCTGGCACTCGTTGGCGATAAAATTGACAGAAACCGTTTCACCGGTGAGAAAATTGAAAATAGTACATTTTTTAACTGTGATTTTTCAGGTGCCGACCTGAGCGGCACTGAATTTATCGGCTGTCAGTTCTATGATCGTGAAAGCCAGAAAGGGTGCAATTTTAGTCGTGCGATGCTGAAAGATGCCATTTTTAAAAGCTGTGATTTATCCATGGCGGATTTTCGCAATTCCAGTGCGCTGGGCATTGAAATTCGCCACTGCCGCGCACAAGGCGCAGATTTCCGCGGCGCAAGCTTTATGAATATGATCACTACTCGCACCTGGTTTTGCAGCGCATATATCACTAACACAAATCTAAGCTACGCCAATTTTTCGAAAGTCGTGCTGGAAAAATGTGAGCTGTGGGAAAACCGTTGGATGGGTGCCCAGGTACTGGGCGCGACGTTCAGTGGTTCAGATCTTTCCGGCGGCGAGTTTTCGACTTTCGACTGGCGAGCAGCAAACTTCACACATTGCGATCTGACCAATTCGGAGTTGGGTGACTTAGATATTCGGGGCGTTGATTTACAAGGCGTTAAGCTGGACAACTACCAGGCGTCGTTGCTCATGGAGCGACTTGGCATCGCGGTGATTGGTAGC
resfindernewid_53,qnrB42_1_JN680743,ATGGCTCTGGTATTAGTTGGCGAAAAAATTGACAGAAACTGTTTCACCGGTGAGAAAATTGAAAATAGTACATTTTTTAACTGTGATTTTTCAGGTGCCGACCTGAGCGGCACTGAATTTATCGGCTGTCAGTTCTATGATCGTGAAAGCCAGAAAGGGTGCAATTTTAGTCGTGCGATGCTGAAAGATGCCATTTTTAAAAGCTGTGATTTATCCATGGCGGATTTTCGCAATTCCAGTGCGCTGGGCATTGAAATTCGCCACTGCCGCGCACAAGGCGCAGATTTCCGCGGCGCAAGCTTTATGAATATGATCACCACGCGCACCTGGTTTTGTAGCGCATATATCACGAATACCAATCTAAGCTACGCCAATTTTTCGAAAGTCGTGTTGGAAAAGTGTGAGCTGTGGGAAAACCGTTGGATAGGTGCCCAGGTACTGGGCGCGACGTTCAGTGGTTCAGATCTCTCCGGCGGCGAGTTTTCGACTTTCGACTGGCGAGCAGCAAACTTCACACATTGCGATCTGACCAATTCGGAGTTGGGTGACTTAGATATTCGGGGCGTTGATTTACAAGGCGTTAAGTTGGACAACTACCAGGCATCGTTGCTCATGGAGCGACTTGGCATCGCTATTATTGGCTAA
resfindernewid_54,qnrB43_1_JQ349151,ATGGCTCTGGCACTCGTTGGCGAAAAAATTGACAGAAACCGCTTCACCGGTGAGAAAATTGAAAATAGTACATTTTTTAACTGTGATTTTTCAGGTGCCGACCTGAGCGGCACTGAATTTATCGGCTGTCAGTTCTATGATCGTGAAAGCCAGAAAGGGTGCAATTTTAGTCGTGCGATGCTGAAAGATGCCATTTTTAAAAGCTGTGATTTATCCATGGCGGATTTTCGCAATGCCAGTGCGCTTGGCATTGAAATTCGCCACTGTCGTGCGCAAGGCGCAGATTTCCGCGGCGCAAGCTTTATGAATATGATCACTACTCGCACCTGGTTTTGCAGCGCATATATCACTAACACAAATCTAAGCTACGCCAATTTTTCGAAAGTCGTGTTGGAAAAATGTGAGCTGTGGGAAAACCGTTGGATGGGTGCCCAGGTACTGGGCGCGACGTTCAGTGGTTCAGATCTTGCCGGCGGCGAGTTTTCGACTTTCGACTGGCGAGCAGCAAACTTCACACATTGCGATCTGACCAATTCGGAGTTGGGTGACTTAGATATTCGGGGCGTTGATTTACAAGGCGTTAAGTTGGACAACTACCAGGCATCGCTGCTCATGGAACGTCTTGGCATCGCGGTAATTGGTTA
resfindernewid_55,qnrB44_1_JQ349153,ATGGCTCTGGCACTCGTTGGCGAAAAAATTGACAGAAACCGTTTCACCGGTGAGAAAATTGAAAATAGTACATTTTTTAACTGTGATTTTTCAGGTGCCGACCTAAGTGGTACTGAATTTATCGGCTGTCAGTTCTATGATCGTGAAAGCCAGAAAGGGTGCAATTTTAGTCGTGCAATGCTGAAAGATGCCATTTTTAAAAGCTGTGATTTATCCATGGCGGATTTTCGCAATGCCAGTGCGCTGGGCATTGAAATTCGCCACTGCCGCGCACAAGGTGCAGATTTCCGCGGCGCAAGCTTTATGAATATGATCACTACACGCACCTGGTTTTGCAGCGCATATATCACTAACACAAATCTAAGCTACGCCAATTTTTCGAAAGTCGTGCTGGAAAAGTGTGAGCTGTGGGAAAACCGTTGGATGGGTGCCCAGGTACTGGGCGCGACGTTCAGTGGTTCAGATCTCTCCGGCGGCGAGTTTACGACTTTCGACTGGCGAGCAGCAAACTTCACACATTGCGATCTGACCAATTCGGAGTTGGGTGACTTAGATATTCGGGGCGTTGATTTACAAGGCGTTAAGTTGGACAACTACCAGGCATCGTTGCTCATGGAACGTCTTGGCATCGCGGTCATTGGTTA
resfindernewid_56,qnrB45_1_JQ349152,ATGGCTCTGGCACTCGTTGGCGAAAAAATTGACAGAAACCGCTTCACCGGTGAGAAAATTGAAAATAGTACATTTTTTAACTGTGATTTTTCAGGTGCCGACCTGAGCGGCACTGAATTTATCGGCTGTCAGTTCTATGATCGTGAAAGCCAGAAAGGGTGCAATTTTAGTCGTACGATGCTGAAAGATGCCATTTTTAAAAGCTGTGATTTATCCATGGCGGATTTTCGCAATGCCAGTGCGCTTGGCATTGAAATTCGCCACTGTCGTGCGCAAGGCGCAGATTTCCGCGGCGCAAGCTTTATGAATATGATCACTACTCGCACCTGGTTTTGTAGTGCATATATCACTAACACAAATCTAAGCTACGCCAATTTTTCGAAAGTCGTGCTGGAAAAGTGTGAGCTGTGGGAAAACCGTTGGATGGGTGCCCAGGTACTGGGCGCGACGTTCAGTGGTTCAGATCTCTCCGGCGGCGAGTTTTCGACTTTCGACTGGCGAGCAGCAAACTTCACACATTGCGATCTGACCAATTCGGAGTTGGGTGACTTAGATATTCGGGGCGTTGATTTACAAGGCGTTAAGTTGGACAACTACCAGGCATCGTTGCTCATGGAACGTCTTGGCATCGCGGTGATTGGTTA
resfindernewid_57,qnrB46_1_JQ349154,ATGACTCTGGCATTAGTTGGCGAAAAAATTGACAGAAATCGCTTCACTGGTGAGAAAGTTGAAAATAGTACATTTTTTAACTGCGATTTTTCAGGTGCCGACCTGAGCGGCACTGAATTTATCGGCTGCCAGTTCTATGATCGCGAAAGTCAGAAAGGATGCAATTTTAGTCGCGCAATGCTGAGAGATGCCATTTTCAAAAGCTGTGATTTATCAATGGCAGATTTCCGCAACGTCAGCGCATTGGGCATTGAAATTCGCCACTGCCGCGCACAAGGCGCAGATTTCCGCGGTGCAAGCTTTATGAATATGATCACCACGCGCACCTGGTTTTGCAGCGCATATATCACTAATACCAATCTAAGCTACGCCAATTTTTCGAAAGTCGTGTTGGAAAAGTGTGAGCTATGGGAAAACCGCTGGATGGGGACTCAGGTACTGGGTGCGACGTTCAGTGGTTCAGATCTCTCCGGCGGCGAGTTTTCGACTTTCGACTGGCGAGCAGCAAACTTCACACATTGCGATCTGACCAATTCGGAGTTAGGTGACTTAGATACTCGGGGTGTTGATTTACAAGGCGTTAAGTTAGACAACTACCAGGCATCGTTGCTCATGGAGCGGCTTGGCATCGCGGTAATTGGTTA
resfindernewid_58,qnrB47_1_JQ349155,ATGACTCTGGCATTAGTTGGCGAAAAAATTGACAGAAATCGCTTCACCGGTGAGAAAGTTGAAAATAGTACATTTTTTAACTGCGATTTTTCAGGTGCCGACCTGAGCGGCACTGAATTTATCGGCTGCCAGTTCTATGATCGCGAAAGTCAGAAAGGATGCAATTTTAGTCGCGCAATGCTGAGAGATGCCATTTTCAAAAGCTGTGATTTATCAATGGCAGATTTCCGCAACGTCAGCGCATTGGGCATTGAAATTCGCCACTGCCGCGCACAAGGCGCAGATTTCCGCGGTGCAAGCTTTATGAATATGATCACCACGCGCACCTGGTTTTGCAGCGCATATATCACTAATACCAATCTAAGCTACGCCAATTTTTCGAAAGTCGTGTTGGAAAAGTGTGAGCTATGGGAAAACCGCTGGATGGGGACTCAGGTACTGGGTGCGACGTTCAGTGGTTCAGATCTCTCCGGCGGCGAGTTTTCGACTTTCGACTGGCGAGCAGCAAACTTCACACATTGCGATCTGACCAATTCGGAGTTAGGTGACTTAGATATTCGGGGTGTTGATTTACAAGGCGTTAAGTTAGACAACTACCAGGCATCGTTGCTCATGGAGCGGCTTGGCATCGCGGTAATTGGTTA
resfindernewid_59,qnrB48_1_JQ762640,ATGGCTCTGGCACTCGTTGGCGAAAAAATTGACAGGAACCGCTTCACCGGTGAGAAAATTGAAAATAGTACATTTTTTAACTGTGATTTTTCAGGTGCCGACCTGAGCGGCACTGAATTTATCGGCTGTCAGTTCTATGATCGTGAAAGCCAGAAAGGGTGCAATTTTAGTCGTGCGATGCTGAAAGATGCCATTTTTAAAAGCTGTGATTTATCCATGGCGGATTTTCGCAATGCCAGTGCGCTTGGCATTGAAATTCGCCACTGTCGTGCGCAAGGCGCAGATTTTCGCGGCGCAAGCTTTATGAATATGATCACCACACGCACCTGGTTTTGCAGCGCATATATAACTAACACAAATCTAAGCTACGCCAATTTTTCGAAAGTCGTGCTGGAAAAATGTGAGCTGTGGGAAAACCGTTGGATGGGTGCCCAGGTACTGGGCGCGACGTTCAGTGGTTCAGATCTTTCCGGCGGCGAGTTTTCGACTTTCGACTGGCGAGCAGCAAACTTCACACATTGCGATCTGACCAATTCGGAGTTGGGTGGCTTAGATATTCGGGGCGTTGATTTACAAGGCGTTAAGTTGGACAACTACCAGGCATCGTTGCTCATGGAACGTCTTGGCATCGCGATTATTGGCTAG
resfindernewid_60,qnrB49_1_JQ582718,ATGGCACTGGCACTCGTTGGCGAAAAAATTGACAGAAACCGCTTCACCGGTGAGAAAATTGAAAATAGTACATTTTTTAACTGTGATTTTTCAGGTGCCGACCTGAGCGGCACTGAATTTATCGGCTGTCAGTTCTATGATCGTGAAAGCCAGAAAGGGTGCAATTTTAGTCGTGCGATGCTGAAAGATGCCATTTTTAAAAGCTGTGATTTATCCATGGCGGATTTTCGCAATGCCAGTGCGCTTGGCATTGAAATTCGCCACTGTCGTGCGCAAGGCGCAGATTTTCGCGGCGCAAGTTTTATGAATATGATCACTACTCGCACCTGGTTTTGCAGTGCATATATCACTAACACAAATCTAAGCTACGCCAATTTTTCGAAAGTAGTGTTGGAAAAGTGTGAGCTGTGGGAAAACCGTTGGATGGGGACCCAGGTACTGGGCGCGACGTTCAGTGGTTCAGATCTCTCCGGCGGCGAGTTTTCGACTTTCGACTGGCGAGCAGCAAACTTCACACATTGCGATCTGACCAATTCGGAGTTGGGTGACTTAGATATTCGGCGCGTTGATTTACAAGGCGTTAAGTTGGACAACTACCAGGCATCGTTGCTCATGGAACGTCTTGGCATCGCGATTATTGGCTAG
resfindernewid_61,qnrB50_1_JX440357,ATGACTCTGGCATTAGTTGGCGAAAAAATTGACAGAAAGCGCTTCACCGGTGAGAAAGTTGAAAATAGTACATTTTTTAACTGCGATTTTTCAGGTGCCGACCTGAGCGGCACTGAATTTATCGGCTGCCAGTTCTATGATCGCGAAAGTCAGAAAGGATGCAATTTTAGTCGCGCAATGCTGAAAGATGCCATTTTCAAAAGCTGTGATTTATCAATGGCAGATTTCCGCAACGTCAGCGCATTGGGCATTGAAATTCGCCACTGCCGCGCACAAGGCGCAGATTTCCGCGGTGCAAGCTTTATGAATATGATCACCACGCGCACCTGGTTTTGCAGCGCATATATCACTAATACCAATCTAAGCTACGCCAATTTTTCGAAAGTCGTGTTGGAAAAGTGTGAGCTATGGGAAAACCGCTGGATGGGGACTCAGGTACTGGGTGCGACGTTCAGTGGTTCAGATCTCTCCGGCGGCGAGTTTTCGACTTTCGACTGGCGAGCAGCAAACTTCACACATTGCGATCTGACCAATTCGGAGTTAGGTGACTTAGATATTCGGGGTGTTGATTTACAAGGCGTTAAGTTAGACAACTACCAGGCATCGTTGCTCATGGAGCGGCTTGGCATCGCTGTGATTGGTTAG
resfindernewid_62,qnrB51_1_JX440358,ATGACTCTGGCATTAGTTGGCGAAAAAATTGACAGAAATCGCTTCACCGGTGAGAAAGTTGAAAATAGTACATTTTTTAACTGCGATTTTTCAGGTGCCGACCTGAGCGGCACTGAATTTATCGGCTGCCAGTTCTATGATCGCGAAAGTCAGAAAGGATGCAATTTTAGTCGCGCAATGCTGAGAGATGCCATTTTCAAAAGCTGTGATTTATCAATGGCAGATTTCCGCAACGTCAGCGCATTGGGCATTGAAATTCGCCACTGCCGTGCACAAGGCGCAGATTTCCGCGGTGCAAGCTTTATGAATATGATCACCACGCGCACCTGGTTTTGCAGCGCATATATCACTAATACCAATCTAAGCTACGCCAATTTTTCGAAAGTCGTGTTGGAAAAGTGTGAGCTATGGGAAAACCGCTGGATGGGGACTCAGGTACTGGGTGCGACGTTCAGTGGTTCAGATCTCTCCGGCGGCGAGTTTTCGACTTTCGACTGGCGAGCAGCAAACTTCACACATTGCGATCTGACCAATTCGGAGTTAGGTGACTTAGATATTCGGGGTGTTGATTTACAAGGCGTTAAGTTAGACAACTACCAGGCATCGTTGCTCATGGAGCGGCTTGGCATCGCTGTGATTGGTTAG
resfindernewid_63,qnrB52_1_EF488762,ATGGCTCTGGCACTCGTTGGCGAAAAAATTAACAGAAACCGCTTCACCGGTGAGAAAATTGAAAATAGTACATTTTTTAACTGTGATTTTTCAGGTGCCGACCTGAGCGGCACTGAATTTATCGGCTGTCAGTTCTATGATCGTGAAAGCCAGAAAGGGTGCAATTTTAGTCGTGCGATGCTGAAAGATGCCATTTTTAAAAGCTGTGATTTATCCATGGCGGATTTTCGCAATGCCAGTGCGCTTGGCATTGAAATTAGCCACTGTCGTGCGCAAGGCGCAGATTTTCGCGGCGCAAGTTTTATGAATATGATCACTACTCGCACCTGGTTTTGCAGTGCATATATCACTAACACAAATCTAAGCTACGCCAATTTTTCGAAAGTCGTGTTGGAAAAGTGTGAGCTGTGGGAAAACCGTTGGATGGGGGCCCAGGTACTGGGCGCGACGTTCAGTGGTTCAGATCTCTCCGGCGGCGAGTTTTCGACTTTCGACTGGCGAGCAGCAAACTTCACACATTGCGATCTGACCAATTCGGAGTTGGGTGACTTAGATATTCGGCGCGTTGATTTACAAGGCGTTAAGTTGGACAACTACCAGGCATCGTTGCTCATGGAACGTCTTGGCATCGCGATTATTGGCTAG
resfindernewid_64,qnrB53_1_HQ704413,ATGGCTCTAGCGCTCGTGGGCGAAAAAATTGACAGAAACCGTTTCACCGGTGAAAAAATTGAAAATAGTACATTTTTTAACTGTGATTTTTCAGGAGCGGACCTGAGCGGCACTGAGTTTATCGGCTGCCAATTTTATGATCGTGAAAGCCAGAAAGGCTGTAATTTTAGCCGTGCGATGTTAAAGGATGCTATTTTTAAAAGCTGCGATTTATCCATGGCCGATTTTCGCAATGCAAGCGCCCTGGGTATTGAGATTCGTCATTGTAGGGCTCAGGGTGCAGATTTTCGCGGCGCAAGCTTTATGAACATGATTACCACGCGAACTTGGTTCTGCAGCGCGTATATCACGAATACGAATCTGTCTTATGCCAATTTTTCGAAAGCAGTGTTGGAGAAGTGTGAATTATGGGAAAACCGTTGGATGGGTGCCCAGGTACTGGGCGCGACGTTCAGTGGTTCAGATCTCTCCGGCGGCGAGTTTTCAACTTTCGACTGGCGAGCAGCAAACTTTACACATTGCGATCTCACAAATTCGGAGTTGGGTGACTTAGATATTCGTCGGGTTGATTTACAAGGCGTTAAGTTGGACAACTACCAGGCTTCGTTGCTCATGGAGCGACTTGGCATCGCGATAATTGGATGA
resfindernewid_65,qnrB54_1_HE820727,ATGGCACTGGCACTCGTTAGCGAAAAAATTGACAGAAACCGCTTCACCGGTGAGAAAATTGAAAATAGTACATTTTTTAACTGTGATTTTTCAGGTGCCGACCTGAGCGGCACTGAATTTATCGGCTGTCAGTTCTATGATCGTGAAAGCCAGAAAGGGTGCAATTTTAGTCGTGCGATGCTGAAAGATGCCATTTTTAAAAGCTGTGATTTATCCATGGCGGATTTTCGCAATGCCAGTGCGCTTGGCATTGAAATTCGCCACTGTCGTGCGCAAGGCGCAGATTTCCGCGGCGCAAGCTTTATGAATATGATCACTACTCGCACCTGGTTTTGTAGTGCATATATCACTAACACAAATCTAAGCTACGCCAATTTTTCGAAAGTCGTGCTGGAAAAGTGTGAGCTGTGGGAAAACCGTTGGATGGGTACCCAGGTACTGGGCGCGACGTTCAGTGGTTCAGATCTCTCCGGCGGCGAGTTTTCGACTTTCGACTGGCGAGCAGCAAACTTCACACATTGCGATCTGACCAATTCGGAGTTGGGTGACTTAGATATTCGGGGCGTTGATTTACAAGGCGTTAAGTTGGACAACTACCAGGCATCGTTGCTCATGGAACGTCTTGGCATCGCGATTATTGGCTAG
resfindernewid_66,qnrB55_1_KF730650,ATGACTCTGGCGTTAGTTGGCGAAAAAATTGACAGAAACAGGTTCACCGGTGAAAAAGTTGAAAATAGCACATTTTTCAACTGTGATTTTTCGGGTGCCGACCTGAGCGGCACTGAATTTATTGGCTGCCAGTTATATGATCGAGAAAGTCAGAAAGGATGTAATTTTAGTCGCGCTAACCTGAAAGATGCCATTTTCAAAAGTTGTGATCTCTCCATGGCTGATTTCAGGAATATCAATGCGCTGGGAATCGAAATTCGCCACTGCCGGGCACAAGGGTCAGATTTTCGCGGCGCAAGTTTTATGAATATGATCACCACCCGCACCTGGTTTTGTAGCGCCTATATCACCAATACCAACTTAAGCTACGCCAACTTTTCAAAAGTCGTACTGGAAAAGTGCGAGCTGTGGGAAAACCGCTGGATGGGTACTCAGGTGCTGGGCGCAACGTTCAGTGGATCAGACCTCTCTGGCGGCGAGTTTTCATCCTTCGACTGGCGAGCAGCAAACGTTACGCACTGTGATTTGACCAATTCGGAACTGGGCGATTTAGATATCCGCGGGGTTGATTTGCAAGGCGTCAAACTGGACAGCTACCAGGCATCGTTGCTCCTGGAACGTCTTGGTATCGCTGTCATGGGTTAA
resfindernewid_67,qnrB56_1_JX259317,ATGACTCTGGCATTAGTTGGCGAAAAAATTGACAGAAACCGCTTCACCGGTGAGAAAGTTGAAAATAGTACATTTTTTAACTGCGATTTTTCAGGTGCCGACCTGAGCGGCACTGAATTTATCGGCTGCCAGTTCTATGATCGCGAAAGTCAGAAAGGGTGCAATTTTAGTCGCGCAATGCTGAAAGATGCCATTTTCAAAAGCTGTGATTTATCAATGGCAGATTTCCGCAACGTCAGCGCATTGGGCATTGAAATTCGCCACTGCCGCGCACAAGGCGCAGATTTTCGCGGTGCAAGCTTTATGAATATGATCACCACGCGTACCTGGTTTTGCAGCGCATATATCACTAATACCAATCTAAGCTACGCCAATTTTTCGAAAGTCGTGTTGGAAAAGTGTGAGCTATGGGAAAACCGCTGGATGGGGACTCAGGTACTGGGTGCGACGTTCAGTGGTTCAGATCTCTCCGGCGGCGAGTTTTCGACTTTCGACTGGCGAGCAGGAAACTTCACACATTGCGATCTGACCAATTCGGAGTTAGGTGACTTAGATATTCGGGGTGTTGATTTACAAGGCGTTAAGTTAGACAGCTACCAGGCATCGTTGCTCATGGAGCGGCTTGGCATCGCGATTATTGGCTAG
resfindernewid_68,qnrB57_1_JX259318,ATGGCTCTGGCACTCGTTGGCGAAAAAATTGACAGAAACCGCTTCACCGGTGAGAAAATTGAAAATAGTACATTTTTTAACTGTGATTTTTCAGGTGCCGACCTGAGCGGCACTGAATTTATCGGCTGTCAGTTCTATGATCGTGAAAGCCAGAAAGGGTGCAATTTTAGTCGTGCGATGCTGAAAGATGCCATTTTTAAAAGCTGTGATTTATCCATGGCGGATTTTCGCAATGCCAGTGCGCTTGGCATTGAAATTCGCCACTGTCGTGCGCAAGGCGCAGATTTCCGCGGCGCAAGCTTTATGAATATGATCACTACTCGCACCTGGTTTTGCAGCGCATATATCACTAACACAAATCTAAGCTACGCCAATTTTTCGAAAGTCGTGTTGGAAAAATGTGAGCTGTGGGAAAACCGTTGGATGGGTGCCCAGGTACTGGGCGCGACGTTCAGTGGTTCAGATCTTTCCGGCGGCGAGTTTTCGACTTTCGACTGGCGAGCAGCAAACTTCACACATTGCGATCTGACCAATTCGGAGTTGGGTAACTTAGATATTCGGGGCGTTGATTTACAAGGCGTTAAGTTGGACAACTACCAGGCATCGCTGCTCATGGAACGTCTTGGCATCGCGATTATTGGCTAG
resfindernewid_69,qnrB58_1_JX259319,ATGGCTCTGGCACTCGTTGGCGAAAAAATTGACAGAAACCGTTTCACCGGTGAGAAAATTGATAATAGTACATTTTTTAACTGTGATTTTTCAGGTGCCGACCTGAGCGGCACTGAATTTATCGGCTGTCAGTTCTATGATCGTGAAAGCCAGAAAGGGTGCAATTTTAGTCGTGCGATGCTGAAAGATGCCATTTTTAAAAGCTGTGATTTATCCATGGCGGATTTTCGCAATGCCAGTGCGCTGGGCATTGAAATTCGCCACTGCCGCGCACAAGGCGCAGATTTCCGCGGCGCAAGTTTTATGAATATGATCACTACTCGCACCTGGTTTTGTAGTGCATATATCACTAACACAAATCTAAGCTACGCCAATTTTTCGAAAGTCGTGCTGGAAAAGTGTGAGCTGTGGGAAAACCGTTGGATGGGTGCCCAGGTACTGGGCGCGACGTTCAGTGGTTCAGATCTCTCCGGCGGCGAGTTTTCGACTTTCGACTGGCGAGCAGCAAACTTCACACATTGCGATCTGACCAATTCGGAGTTGGGGGACTTAGATATTCGGGGCGTTGATTTACAAGGCGTTAAGTTGGACAACTACCAGGCATCGTTGCTCATGGAACGTCTTGGCATCGCGATTATTGGCTAG
resfindernewid_70,qnrB59_1_JX259320,ATGACTCTGGCATTAGTTGGCGAAAAAATTGACAGAAATCGCTTCACCAGTGAGAAAGTTGAAAATAGTACATTTTTTAACTGCGATTTTTCAGGTGCCGACCTGAGCGGCACTGAATTTATCGGCTGCCAGTTCTATGATCGCGAAAGTCAGAAAGGATGCAATTTTAGTCGCGCAATGCTGAAAGATGCCATTTTCAAAAGCTGTGATTTATCAATGGCAGATTTCCGCAACGTCAGCGCATTGGGCATTGAAATTCGCCACTGCCGCGCACAAGGCGCAGATTTCCGCGGTGCAAGCTTTATGAATATGATCACCACACGCACCTGGTTTTGCAGCGCATATATCACTAATACCAATCTAAGCTACGCCAATTTTTCGAAAGTCGTGTTGGAAAAGTGTGAGCTATGGGAAAACCGCTGGATGGGGACTCAGGTACTGGGTGCGACGTTCAGTGGTTCAGATCTCTCCGGCGGCGAGTTTTCGACTTTCGACTGGCGAGCAGCAAACTTCACACATTGCGATCTGACCAATTCGGAGTTAGGTGACTTAGATATTCGGGGTGTTGATTTACAAGGCGTTAAGTTAGACAACTACCAGGCATCGTTGCTCATGGAGCGGCTTGGCATCGCGATTATTGGCTAG
resfindernewid_71,qnrB60_1_AB734055,ATGGCTCTGGCATTAATTGGCGAAAAAATTGACAGAAACCGCTTCACCGGTGAAAAAGTTGAAAATAGCACTTTTTTTAACTGTGATTTTTCGGGTGCCGACCTTAGCGGTACTGAATTTATCGGCTGTCAGTTCTATGATCGAGAAAGCCAGAAAGGGTGCAATTTCAGTCGCGCAATACTGAAAGATGCCATTTTTAAAAGCTGTGATTTATCCATGGCGGATTTTCGCAACGTCAGTGCGTTGGGCATAGAAATTCGCCACTGCCGCGCACAGGGTGCAGATTTTCGCGGCGCAAGTTTCATGAATATGATCACCACGCGCACCTGGTTTTGCAGCGCATATATCACTAATACCAATCTAAGCTACGCCAACTTTTCGAAGGCCGTGCTTGAAAAGTGCGAATTGTGGGAAAATCGCTGGATGGGAACTCAGGTGCTGGGTGCGACGTTGAGTGGTTCCGATCTCTCCGGTGGCGAGTTTTCGTCGTTCGACTGGCGGACGGCAAATTTCACGCACTGTGATTTGACCAATTCAGAACTGGGTGATTTAGATATTCGGGGCGTCGATTTACAAGGTGTCAAATTGGACAGCTATCAGGCCGTATTGCTCATGGAACGTCTTGGCATCGCTGTCATTGGCTAA
resfindernewid_72,qnrB61_1_AB734053,ATGACTCTGGCATTAGTTGGCGAAAAAATTGACAGAAATCGCTTCACCAGTGAGAAAGTTGAAAATAGTACATTTTTTAACTGCGATTTTTCAGGTGCCGACCTGAGCGGCACTGAATTTATCGGCTGCCAGTTCTATGATCGCGAAAGTCAGAAAGGATGCAATTTTAGTCGCGCAATGCTGAAAGATGCCATTTTCAAAAGCTGTGATTTATCAATGGCAGATTTCCGCAACGTCAGCGCATTGGGCATTGAAATTCGCCACTGCCGCGCACAAGGCGCAGATTTCCGCGGTGCAAGCTTTATGAATATGATCACCACGCGCACCTGGTTTTGCAGCGCATATATCACTAATACCAATCTAAGCTACGCCAATTTTTCGAAAGTCGTGTTGGAAAAGTGTGAGCTATGGGAAAACCGCTGGATGGGGACTCAGGTACTGGGTGCGACGTTCAGTGGTTCAGATCTCTCCGGCGGCGAGTTTTCGACTTTCGACTGGCGAGCAGCAAACTTCACACATTGCGATCTGACCAATTCGGAGTTAGGTGACTTAGATATTCGGGGTGTTGATTTACAAGGCGTTAAGTTAGACAACTACCAGGCATCGTTGCTCATGGAGCGGCTTGGCATCGCTGTGATTGGTTAG
resfindernewid_73,qnrB62_1_JX987101,ATGACTCTGGCATTAGTTGGCGAAAAAATTGACAGAAATCGCTTCACCGGTGAGAAAGTTGAAAATAGTACATTTTTTAACTGCGATTTTTCAGGTGCCGACCTGAGCGGCACTGAATTTATCGGCTGCCAGTTCTATGATCGCGAAAGTCAAAAAGGATGCAATTTTAGTCGCGCAATGCTGAAAGATGCCATTTTCAAAAGCTGTGATTTATCAATGGCAGATTTCCGCAACGTCAGCGCATTGGGCATTGAAATTCGCCACTGCCGCGCACAAGGCGCAGATTTCCGCGGTGCAAGCTTTATGAATATGATCACCACGCGCACCTGGTTTTGCAGCGCATATATCACTAATACCAATCTAAGCTACGCCAATTTTTCGAAAGTCGTGTTGGAAAAGTGTGAGCTATGGGAAAACCGCTGGATGGGGACTCAGGTACTGGGTGCGACGTTTAGTGGTTCAGATCTCTCCGGTGGCGAGTTTTCGACTTTCGACTGGCGAGCAGCAAACTTCACACATTGCGATCTGACCAATTCGGAGTTAGGTGACTTAGATATTCGGGGTGTTGATTTACAAGGCGTTAAGTTAGACAACTACCAGGCATCGTTGCTCATGGAGCGACTTGGCATCGCGATTATTGGCTAG
resfindernewid_74,qnrB64_1_KC580653,ATGGCTCTGGCACTCGTTGGCGATAAAATTGACAGAAACCGTTTCACCGGTGAGAAAATTGAAAATAGTACATTTTTTAACTGTGATTTTTCAGGTGCCGACCTGAGCGGCACTGAATTTATCGGCTGTCAGTTCTATGATCGTGAAAGCCAGAAAGGGTGCAATTTTAGTCGTGCGATGCTGAAAGATGCCATTTTTAAAAGCTGTGATTTATCCATGGCGGATTTTCGCAATGCCAGTGCGCTGGGCATTGAAATTCGTCACTGCCGCGCACAAGGCGCAGATTTCCGCGGCGCAAGCTTTATGAATATGATCACTACTCGCACCTGGTTTTGCAGCGCATATATCACTAACACAAATCTAAGCTATGCCAATTTTTCGAAAGTCGTGCTGGAAAAATGTGAGCTGTGGGAAAACCGTTGGATGGGTGCCCAGGTACTGGGCGCGACGTTCAGTGGTTCAGATCTCTCCGGCGGCGAGTTTTCGACTTTCGACTGGCGAGCAGCAAACTTCACACATTGCGATCTGACCAATTCGGAGTTGGGTGACTTAGATATTCGGCGCGTTGATTTACAAGGCGTTAAGTTGGACAACTACCAGGCATCGTTGCTCATGGAACGTCTTGGCATCGCGATTATTGGCTAG
resfindernewid_75,qnrB65_1_KC580654,ATGACTCTGGCGTTAGTTGGCGAAAAAATTGACAGAAACAGGTTCACCGGTGAGAAAGTCGAAAATAGCACATTTTTCAACTGTGATTTTTCGGGTGCCGACCTTAGCGGTACTGAATTTATTGGCTGCCAGTTTTATGATCGAGAAAGCCAGAAAGGGTGTAATTTTAGTCGCGCTAACCTGAAGGATGCCATTTTCAAAAGTTGTGATCTCTCCATGGCGGATTTCAGAAATATCAATGCGCTGGGAATCGAAATTCGCCACTGCCGGGCACAAGGGGCAGATTTTCGCGGCGCAAGCTTTATGAATATGATCACCACCCGCACCTGGTTTTGTAGCGCCTATATCACCAATACCAACTTAAGCTACGCCAACTTTTCTAAAGTCGTACTGGAAAAGTGCGAGCTGTGGGAAAACCGCTGGATGGGTACTCAGGTGCTGGGCGCAACGTTCAGTGGATCAGACCTCTCTGGCGGCGAGTTTTCATCCTTCGACTGGCGAGCAGCAAACGTTACGCACTGTGATTTGACCAATTCGGAACTGGGCGATTTAGATATCCGTGGGGTTGATTTGCAAGGCGTCAAACTGGACAGCTACCAGGCATCGTTGCTCCTGGAACGTCTTGGCATCGCTGTCATGGGTTAA
resfindernewid_76,qnrB66_1_KC580655,ATGGCTCTGGCACTCGTTGGCGAAAAAATTAACAGAAACCGTTTCACCGGTGAGAAAATTGAAAATAGTACATTTTTTAACTGTGATTTTTCAGGTGCCGACCTGAGCGGCACTGAATTTATCGGCTGTCAGTTCTATGATCGTGAAAGCCAGAAAGGGTGCAATTTTAGTCGTGCGATGCTGAAAGATGCCATTTTTAAAAGCTGTGATTTATCCATGGCGGATTTTCGCAATTCCAGTGCGCTGGGCATTGAAATTCGCCACTGCCGCGCACAAGGCGCAGATTTCCGCGGCGCAAGCTTTATGAATATGATCACCACGCGCACCTGGTTTTGTAGCGCATATATCACGAATACCAATCTAAGCTACGCCAATTTTTCGAAAGTCGTGTTGGAAAAGTGTGAGCTGTGGGAAAACCGTTGGATGGGTGCCCAGGTACTGGGCGCGACGTTCAGTGGTTCAGATCTCTCCGGCGGCGAGTTTTCGACTTTCGACTGGCGAGCAGCGAACTTCACACATTGCGATCTGACCAATTCGGAGTTGGGTGACTTAGATATTCGGGGCGTTGATTTACAAGGCGTTAAGCTGGACAACTACCAGGCGTCGTTGCTCATGGAGCGGCTTGGCATCGCGGTGATTGGTTAG
resfindernewid_77,qnrB67_1_KC580656,ATGACTCTGGCATTAGTTTGCGAAAAAATTGACAGAAATCGCTTCACCGGTGAGAAAGTTGAAAATAGTACATTTTTTAACTGCGATTTTTCAGGTGCCGACCTGAGCGGCACTGAATTTATCGGCTGCCAGTTCTATGATCGCGAAAGTCAGAAAGGATGCAATTTTAGTCGCGCAATGCTGAAAGATGCCATTTTCAAAAGCTGTGATTTATCAATGGCAGATTTCCGCAACGTCAGCGCATTGGGCATTGAAATTCGCCACTGCCGCGCACAAGGCGCAGATTTCCGCGGTGCAAGCTTTATGAATATGATCACCACGCGCACCTGGTTTTGCAGCGCATATATCACTAATACCAATCTAAGCTACGCCAATTTTTCGAAAGTCGTGTTGGAAAAGTGTGAACTATGGGAAAACCGCTGGATGGGGACTCAGGTACTGGGTGCGACGTTCAGTGGTTCAGATCTCTCCGGCGGCGAGTTTTCGACTTTCGACTGGCGAGCAGCAAACTTCACACATTGCGATCTGACTAATTCGGAGTTAGGTGACTTAGATATTCGGGGTGTTGATTTACAAGGCGTTAAGTTAGACAACTACCAGGCATCGTTGCTCATGGAGCGGCTTGGCATCGCTGTGATTGGTTAG
resfindernewid_78,qnrB68_1_KC580657,ATGACTCTGGCATTAGTTGGCGAAAAAATTGACAGAAATCGCTTCACCGGTGAGAAAGTTGAAAATAGTACATTTTTTAACTGCGATTTTTCAGGTGCCGACCTGAGCGGCACTGAATTTATCGGCTGCCAGTTCTATGATCGCGAAAGTCAGAAAGGATGCAATTTTAGTCGCGCAATGCTGAAAGATGCCATTTTCAAAAGCTGTGATTTATCAATGGCAGATTTCCGCAACGTCAGCGCATTGGGCATTGAAATTCGCCACTGCCGCGCACAAGGCGCAGATTTCCGCGGTGCAAGCTTTATGAATATGATCACCACGCGCACCTGGTTTTGCAGCGCATATATCACTAATACCAATCTAAGCTACGCCAATTTTTCGAAAGTCGTGTTGGAAAAGTGTGAGCTATGGGAAAACCGCTGGATGGGGACTCAGGTAATGGGTGCGACGTTTAGTGGTTCAGATCTCTCCGGTGGCGAGTTTTCGACTTTCGACTGGCGAGCAGCAAACTTCACACATTGCGATCTGACCAATTCGGAGTTAGGTGACTTAGATATTCGGGGTGTTGATTTACAAGGCGTTAAGTTAGACAACTACCAGGCATCGTTGCTCATGGAGCGGCTTGGCATCGCTGTGATTGGTTAG
resfindernewid_79,qnrB69_1_KC580658,ATGACTCTGGCGTTAGTTGGCGAAAAAATTGACAGAAACAGGTTCACCGGTGAGAAAGTCGAAAATAGCACATTTTTCAACTGTGATTTTTCGGGTGCCGACCTTAGCGGTACTGAGTTTATTGGCTGCCAATTTTATGATCGAGAGAGCCAGAAAGGGTGTAATTTTAGCCGCGCTATCCTGAAAGATGCCATTTTCAAAAGTTGCGATCTCTCCATGGCGGATTTCAGAAATGTGAGTGCGCTGGGAATCGAAATTCGCCACTGCCGCGCACAAGGTTCAGATTTTCGCGGCGCAAGCTTTATGAATATGATTACCACACGCACCTGGTTTTGTAGCGCCTATATCACCAATACCAACTTAAGCTACGCCAACTTTTCAAAAGTCGTACTGGAAAAGTGCGAGCTGTGGGAAAACCGCTGGATGGGTACTCAGGTACTTGGCGCAACGTTCAGTGGATCGGACCTCTCTGGCGGCGAGTTTTCATCGTTCGACTGGCGGGCAGCAAACTTTACGCACTGTGATTTGACCAATTCAGAACTGGGCGATCTCGATGTCCGGGGTGTTGATTTGCAAGGCGTTAAACTGGACAGCTACCAGGCATCGTTGATCCTGGAACGTCTTGGCATCGCTGTCATTGGTTAA
resfindernewid_80,qnrB70_1_KC580659,ATGACTCTGGTATTAGTAGGCGAAAAAATTGACAGAAATCGCTTCACCGGTGAGAAAGTTGAAAATAGTACATTTTTTAACTGCGATTTTTCAGGTGCCGACCTGAGCGGCACTGAATTTATCGGCTGCCAGTTCTATGATCGCGAAAGTCAGAAAGGATGCAATTTTAGTCGCGCAATGCTGAAAGATGCCATTTTCAAAAGCTGTGATTTATCAATGGCAGATTTCCGCAACGTCAGCGCATTGGGCATTGAAATTCGCCACTGCCGCGCACAAGGCGCAGATTTCCGCGGTGCAAGCTTTATGAATATGATCACCACGCGCACCTGGTTTTGCAGCGCATATATCACTAATACCAATCTAAGCTACGCCAATTTTTCGAAAGTCGTGTTGGAAAAGTGTGAGCTATGGGAAAACCGCTGGATGGGGACTCAGGTACTGGGTGCGACGTTTAGTGGTTCAGATCTCTCCGGTGGCGAGTTTTCGACTTTCGACTGGCGAGCAGCAAACTTCACACATTGCGATCTGACCAATTCGGAGTTAGGTGACTTAGATATTCGGGGTGTTGATTTACAAGGCGTTAAGTTAGACAACTACCAGGCATCGTTGCTCATGGAGCGGCTTGGCATCGCTGTGATTGGTTAG
resfindernewid_81,qnrB71_1_KC580660,ATGACTCTGGCATTAGTTGGCGAAAAAATTGGCAGAAATCGCTTCACCGGTGAGAAAGTTGAAAATAGTACATTTTTTAACTGCGATTTTTCAGGTGCCGACCTGAGCGGCACTGAATTTATCGGCTGCCAGTTCTATGATCGCGAAAGTCAGAAAGGATGCAATTTTAGTCGCGCAATGCTGAAAGATGCCATTTTCAAAAGCTGTGATTTATCAATGGCAGATTTCCGCAACGTCAGCGCATTGGGCATTGAAATTCGCCACTGCCGCGCACAAGGCGCAGATTTCCGCGGTGCAAGCTTTATGAATATGATCACCACGCGCACCTGGTTTTGCAGCGCATATATCACTAATACCAATCTAAGCTACGCCAATTTTTCGAAAGTCGTGTTGGAAAAGTGTGAGCTATGGGAAAACCGCTGGATGGGGACTCAGGTACTGGGTGCGACGTTCAGTGGTTCAGATCTCTCCGGCGGCGAGTTTTCGACTTTCGACTGGCGAGCAGCAAACTTCACACATTGCGATCTGACCAATTCGGAGTTAGGTGACTTAGATATTCGGGGTGTTGATTTACAAGGCGTTAAGTTAGACAACTACCAGGCATCGTTGCTCATGGAGCGGCTTGGCATCGCTGTGATTGGTTAG
resfindernewid_82,qnrB72_1_KC741443,ATGACTCTGGCATTAGTTTGCGAAAAAATTGACAGAAATCGCTTCACCGGTGAGAAAGTTGAAAATAGTACATTTTTTAACTGCGATTTTTCAGGTGCCGACCTGAGCGGCACTGAATTTATCGGCTGCCAGTTCTATGATCGCGAAAGTCAGAAAGGATGCAATTTTAGTCGCGCAATGCTGAAAGATGCCATTTTCAAAAGCTGTGATTTATCAATGGCAGATTTCCGCAACGTCAGCGCATTGGGCATTGAAATTCGCCACTGCCGCGCACAAGGCGCAGATTTCCGCGGTGCAAGCTTTATGAATATGATCACCATGCGCACCTGGTTTTGCAGCGCATATATCACTAATACCAATCTAAGCTACGCCAATTTTTCGAAAGTCGTGTTGGAAAAGTGTGAGCTATGGGAAAACCGCTGGATGGGGACTCAGGTACTGGGTGCGACGTTTAGTGGTTCAGATCTCTCCGGTGGCGAGTTTTCGACTTTCGACTGGCGAGCAGCAAACTTCACACATTGCGATCTGACCAATTCGGAGTTAGGTGACTTAGATATTCGGGGTGTTGATTTACAAGGCGTTAAGTTAGACAACTACCAGGCATCGTTGCTCATGGAGCGGCTTGGCATCGCTGTGATTGGTTAG
resfindernewid_83,qnrB73_1_KF443075,ATGAGTCTGGCACTAGTTAGCGAAAAAATTGACAGAAACCGCTTCACCGGGGAAAAAGTTGAAAACAGTACTTTTTTTAACTGTGATTTTTCAGGGGCCGATCTTAGCGGCACTGAATTTATCGGCTGTCAGTTTTATGATCGCGAAAGCCAGAAAGGGTGTAATTTTAGTCGCGCAATGCTGAAAGATGCCATTTTTAAAAGTTGCGATTTATCCATGGCGGATTTTCGCAACGTCAGTGCTCTGGGAATTGAAATTCGCCACTGCCGCGCGCAGGGTTCAGATTTTCGCGGCGCGAGTTTTATGAACATGATCACCACGCGGACCTGGTTTTGCAGCGCATACATCACGAATACCAATCTAAGCTACGCCAACTTTTCGAAGGTTGTCCTGGAAAAGTGCGAGCTGTGGGAAAATCGCTGGATGGGAACTCAGGTAGCGGGTGCAACGTTCAGTGGATCAGATCTCTCGGGCGGTGAATTTTCAGCGTTCGACTGGCGGGCCGCAAACTTCACGCACTGTGATTTGACCAATTCAGAACTGGGTGATTTAGATATTCGGGGTGTAGATTTACAAGGCGTCAAATTGGATAGCTATCAGGCAGCGTTGCTGATGGAGCGGCTTGGCATCGCGATTATTGGCTAG
resfindernewid_84,qnrB74_1_KJ415247,ATGGCTCTGGCACTCGTTGGCGAAAAAATTGACAGAAACCGTTTCACCGGTGAGAAAATTGAAAATAGTACATTTTTTAACTGTGATTTTTCAGGTGCCGACTTGAGCGGCACTGAATTTATCGGCTGTCAGTTCTATGATCGTGAAAGCCAGAAAGGGTGCAATTTTAGTCGTGCGATGCTGAAAGATGCCATTTTTAAAAGTTGTGATTTATCCATGGCGGATTTTCGCAATTCCAGTGCGCTGGGTATTGAAATTCGCCACTGCCGCGCACAAGGCGCAGATTTCCGCGGCGCAAGCTTTATGAATATGATTATCACGCGCACCTGGTTTTGTAGCGCATATATCACGAATACCAATCTAAGCTACGCCAATTTTTCGAAAGTCGTGTTGGAAAAGTGTGAGCTGTGGGAAAACCGTTGGATAGGTGCCCAGGTACTGGGCGCGACGTTCAGTGGTTCAGATTTCTTCGGCGGCGAGTTTTCGACTTTCGACTGGCGAGCAGCAAACTTCACACATTGCGATCTGACTAATTCGGAGTTGGGTGACTTAGATATTCGGGGCGTTGATTTACAAGGCGTTAAGTTGGACAACTACCAGGCGTCGTTGCTCATGGAGCGGCTTGGCATCGCGGTGATTGGTTAG
resfindernewid_85,qnrB75_1_KP207591,ATGGCTCTGGCACTCGTTGGCGAAAAAATTGACAGAAACCGTTTCACCGGTGAGAAAATTGAAAATAGTACATTTTTTAACTGTGATTTTTCAGGTGCCGACCTGAGCGGCACTGAATTTATCGGCTGTCAGTTCTATGATCGTGAAAGCCAGAAAGGGGGCAAATTTAGTCGTGCGATGCTGAAAGATGCCATTTTTAAAAGCTGTGATTTATCCATGGCGGATTTTCGCAATTCCAGTGCGCTGGGCATTGAAATTCGCCACTGCCGCGCACAAGGCGCAGATTTCCGCGGCGCAAGCTTTATGAATATGATCACCACGCGCACCTGGTTTTGTAGCGCATATATCACGAATACCAATCTAAGCTACGCCAATTTTTCGAAAGTCGTGTTGGAAAAGTGTGAGCTGTGGGAAAACCGTTGGATGGGTGCCCAGGTACTGGGCGCGACGTTCAGTGGTTCGGATCTCTCCGGCGGCGAGTTTTCGACTTTCGACTGGCGAGCAGCAAACTTCACACATTGCGATCTGACCAATTCGGAGTTGGGTGACTTAGATATTCGGGGCGTTGATTTACAAGGCGTTAAGCTGGACAACTACCAGGCGTCGTTGCTCATGGAGCGGCTTGGCATCGCGGTGATTGGCTAG
resfindernewid_86,qnrB76_1_KM985469,ATGGCTCTGGCACTCGTTGGCGAAAAAATTGACAGAAACCGCTTCACCGGTGAGAAAATTGAAAATAGTACATTTTTTAACTGTGATTTTTCAGGTGCCGACCTGAGCGGCACTGAATTTATCGGCTGTCAGTTCTATGATCGTGAAAGCCAGAAAGGGTGCAATTTTAGTCGTGCGATGCTGAAAGATGCCATTTTTAAAAGCTGTGATTTATCCATGGCGGATTTTCGCAATGCCAGTGCGCTTGGCATTGAAATTCGCCACTGTCGTGCGCAAGGCGCAGATTTCCGCGGCGCAAGCTTTATGAATATGATCACTACTCGCACCTGGTTTTGCAGCGCATATATCACTAACACAAATCTAAGCTACGCCAATTTTTCGAAAGTCGTGCTGGAAAAATGTGAGCTGTGGGAAAACCGTTGGATGGGTGCCCAGGTACTGGGCGCGACGTTCAGTGGTTCAGATCTTTCCGGCGGCGAGTTTTCGACTTTCGACTGGCGAGCAGCAAACTTCACACATTGCGATCTGACCAATTCGGAGTTGGGTGACTTAGATATTCGGGGCGTTGATTTACAAGGCGTTAAGTTGGACAACTACCAGGCATCGCTGCTCATGGAACGTCTTGGCATCGCGATTATTGGCTAG
resfindernewid_87,qnrB77_1_KM985470,ATGGCTCTGGCACTCGTTGGCGAAAAAATTGACAGAAACCGTTTCACCGGTGAGAAAATTGAAAATAGTACATTTTTTAACTGTGATTTTTCAGGTGCCGACCTGAGCGGCACTGAATTTATCGGCTGTCAGTTCTATGATCGTGAAAGCCAGAAAGGGTGCAATTTTAGTCGTGCGATGCTGAAAGATGCCATTTTTAAAAGCTGTGATTTATCCATGGCGGATTTTCGCAATTCCAGTGCGCTGGGCATTGAAATTCGCCACTGCCGCGCACAAGGCACAGATTTCCGCGGCGCAAGCTTTATGAATATGATCACCACGCGCACCTGGTTTTGTAGCGCATATATCACGAATACCAATCTAAGCTACGCCAATTTTTCGAAAGTCGTGTTGGAAAAGTGTGAGCTGTGGGAAAACCGTTGGATGGGTGCCCAGGTACTGGGCGCGACGTTCAGTGGTTCAGATCTCTCCGGCGGCGAGTTTTCGACTTTCGACTGGCGAGCAGCGAACTTCACACATTGCGATCTGACCAATTCGGAGTTGGGTGACTTAGATATTCGGGGCGTTGATTTACAAGGCGTTAAGCTGGACAACTACCAGGCGTCGTTGCTCATGGAGCGGCTTGGCATCGCGGTGATTGGCTAG
resfindernewid_88,qnrB78_1_KM985471,ATGGCTCTGGCACTCGTTGGCGAAAAAATTGACAGAAACCGTTTCACCGGTGAGAAAATTGAAAATAGTACATTTTTTAACTGTGATTTTTCAGGTGCCGACCTAAGTGGTACTGAATTTATCGGCTGTCAGTTCTATGATCGTGAAAGCCAGAAAGGGTGCAATTTTAGTCGTGCAATGCTGAAAGATGCCATTTTTAAAAGCTGTGATTTATCCATGGCGGATTTTCGCAATGCCAGTGCGCTGGGCATTGAAATTCGCCACTGCCGCGCACAAGGCGCAGATTTCCGCGGCGCAAGCTTTATGAATATGATCACTACACGCACCTGGTTTTGCAGCGCATATATCACTAACACAAATCTAAGCTACGCCAATTTTTCGAAAGTCGTGCTGGAAAAGTGTGAGCTGTGGGAAAACCGTTGGATGGGTGCCCAGGTACTGGGCGCGACGTTCAGTGGTTCAGATCTCTCCGGCGGCGAGTTTTCGACTTTCGACTGGCGAGCAGCAAACTTCACACATTGCGATCTGACCAATTCGGAGTTGGGTGACTTAGATATTCGGAGCGTTGATTTACAAGGCGTTAAGTTGGACAACTACCAGGCATCGTTGCTCATGGAACGTCTTGGCATCGCGATTATTGGCTAG
resfindernewid_89,qnrB80_1_KM985473,ATGGCTCTGGCACTCGTTGGCGAAAAAATTGACAGAAACCGCTTCACCGGTGAGAAAATTGAAAATAGTACATTTTTTAACTGTGATTTTTCAGGTGCCGACCTGAGCGGCACTGAATTTATCGGCTGTCAGTTCTATGATCGTGAAAGCCAGAAAGGGTGCAATTTTAGTCGTGCGATGCTGAAAGATGCCATTTTTAAAAGCTGTGATTTATCCATGGCGGATTTTCGCAATGCCAGTGCGCTTGACATTGAAATTCGCCACTGCCGCGCACAAGGCGCAGATTTCCGCGGCGCAAGCTTTATGAATATGATCACCACGCGCACCTGGTTTTGTAGCGCATATATCACGAATACAAATCTAAGCTACGCCAATTTTTCGAAAGTCGTGCTGGAAAAGTGTGAGCTGTGGGAAAACCGTTGGATGGGTACCCAGGTACTGGGCGCGACGTTCAGTGGTTCAGATCTCTCCGGCGGCGAGTTTTCGACTTTCGACTGGCGAGCAGCAAACTTCACACATTGCGATCTGACCAATTCGGAGTTGGGTGACTTAGATATTCGGGGGGTTGATTTACAAGGCGTTAAGTTGGACAACTACCAGGCATCGTTGCTCATGGAACGTCTTGGCATCGCGATTATTGGCTAG
resfindernewid_90,qnrB81_1_KX372671,ATGACTCTGGCATTAGTTGGCGAAAAAATTGACAGAAATCGCTTCACCGGTGAGAAAGTTGAAAATAGTACATTTTTTAACTGCGATTTTTCAGGTGCCGACCTGAGCGGCACTGAATTTATCGGCTGCCAGTTCTATGATCGCGAAAGTCAGAAAGGGTGCAATTTTAGTCGCGCAATGCTGAAAGATGCCATTTTCAAAAGCTGTGATTTATCAATGGCAGATTTCCGCAACGTCAGTGCCTTGGGCATTGAAATTCGCCACTGCCGCGCACAAGGCGCAGATTTCCGCGGTGCAAGCTTTATGAATATGATCACCACGCGCACCTGGTTTTGCAGCGCATATATCACTAATACTAATCTAAGCTACGCCAATTTTTCGAAAGTCGTGTTGGAAAAGTGTGAGCTGTGGGAAAACCGCTGGATGGGGACTCAGGTACTGGGTGCGACGTTCAGTGGTTCAGATCTCTCCGGCGGCGAGTTTTCGACTTTCGACTGGCGAGCAGCAAACTTCACACATTGCGATCTGACCAATTCGGAGTTAGGTGACTTAGATATTCGGGGTGTTGATTTACAAGGCGTTAAGTTAGACAGCTACCGGGCATCGTTGCTCATGGAGCGGCTTGGTATCGCTGTGATTGGTTAG
resfindernewid_91,qnrB82_1_KX372672,ATGACTCTGGCATTAGTTGGCGAAAAAATTGACAGAAATCGCTTCACCGGTGAGAAAGTTGAAAATAGTACATTTTTTAACTGCGATTTTTCAGGTGCCGACCTGAGCGGCACTGAATTTATCGGCTGCCAGTTCTATGATCGCGAAAGTCAGAAAGGGTGCAATTTTAGTCGCGCAATGCTGAAAGATGCCATTTTCAAAAGCTGTGATTTATCAATGGCAGATTTCCGCAACGTCACTGCCTTGGGCATTGAAATTCGCCACTGCCGCGCACAAGGCGCAGATTTCCGCGGTGCAAGCTTTATGAATATGATCACCACGCGCACCTGGTTTTGCAGCGCATATATCACTAATACTAATCTAAGCTACGCCAATTTTTCGAAAGTCGTGTTGGAAAAGTGTGAGCTGTGGGAAAACCGCTGGATGGGGACTCAGGTACTGGGTGCGACGTTCAGTGGTTCAGATCTCTCCGGCGGCGAGTTTTCGACTTTCGACTGGCGAGCAGCAAACTTCACACATTGCGATCTGACCAATTCGGAGTTAGGTGACTTAGATATTCGGGGTGTTGATTTACAAGGCGTTAAGTTAGACAGCTACCGGGCATCGTTGCTCATGGAGCGGCTTGGCATCGCTGTGATTGGTTAG
resfindernewid_92,qnrVC1_1_EU436855,ATGGAAAAATCAAAGCAATTATATAATCAAGTGAACTTCTCACATCAGGACTTGCAAGAACATATCTTTAGCAATTGTACTTTTATACATTGTAATTTTAAGCGCTCAAACCTCCGAGATACACAGTTCATTAACTGTACTTTCATAGAGCAGGGGGCATTGGAAGGGTGCGATTTTTCTTATGCTGATCTTCGAGATGCTTCATTTAAAAACTGTCAGCTTTCAATGTCCCATTTTAAGGGGGCAAATTGCTTTGGTATTGAACTGAGAGATTGTGATCTTAAAGGAGCAAATTTTAGTCAAGTTAGTTTTGTAAATCAGGTTTCGAATAAAATGTACTTTTGTTCTGCATACATAACAGGTTGTAACTTATCCTATGCCAATTTTGAGCAGCAGCTTATTGAAAAATGTGACCTGTTCGAAAATAGATGGATTGGTGCAAATCTTCGAGGCGCTTCATTTAAAGAATCAGATTTAAGCCGTGGTGTTTTTTCGGAAGACTGCTGGGAACAGTTTAGAGTACAAGGCTGTGATTTAAGCCATTCAGAGCTTTATGGTTTAGATCCTCGAAAGATTGATCTTACGGGTGTAAAAATATGCTCGTGGCAACAGGAACAGTTACTGGAGCAATTAGGGGTAATCATTGTTCCTGACTAA
resfindernewid_93,qnrVC3_1_HM015626,ATGGAAAAATCAAAGCAATTATATAATCAAGTGAACTTCTCACATCAGGACTTGCAAGAACATATCTTTAGCAATTGTACTTTTATACATTGTAATTTTAAGCGCTCAAACCTCCGAGATACACAGTTCATTAACTGTACTTTCATAGAGCAGGGGGCATTGGAAGGGTGCGATTTTTCTTATGCTGATCTTCGAGATGCTTCATTTAAAAACTGTCAGCTTTCAATGTCCCATTTTAAGGGGGCAAATTGCTTTGGTATTGAACTGAGAGATTGTGATCTTAAAGGAGCAAATTTTACTCAAGTTAGTTTTGTAAATCAGGTTTCGAATAAAATGTACTTTTGTTCTGCATACATAACAGGTTGTAACTTATCCTATGCCAATTTTGAGCAGCAGCTTATTGAAAAATGTGACCTGTTCGAAAATAGATGGATTGGTGCAAATCTTCGAGGCGCTTCATTTACAGAATCATATTTAAGCCGTGGTGATTTTTCGGAAGACTGCTGGGAACAGTTTAGAGTACAAGGCTGTGATTTAAGCCATTCAGAGCTTTATGGTTTAGATCCTCGAAAGATTGATCTTACGGGTGTAAAAATATGCTCGTGGCAACAGGAACAGTTACTGGAGCAATTAGGGGTAATCATTGTTCCTGACTAA
resfindernewid_94,qnrVC4_1_GQ891757,ATGGATAAAACAGACCAGTTATATGTACAAGCAGACTTTTCACATCAAGACATGAGTGGTCAGTATTTTAAAAATTGCAAATTTTTCTGCTGTTCCTTTAAACGAGCGAACCTCCGCGATACACAATTTGTAGATTGTTCTTTCATTGAACGAGGTGAATTAGAGGGGTGTGATTTTTCTTACTCGGATCTTAGAGATGCATCTTTTAAAAACTGCAGTCTTTCAATGTCGTATTTCAAAGGTGCAAATTGTTTTGGTATCGAGTTCAGAGAATGCGATTTAAAGGGTGCCAATTTTGCTCAAGCTAGCTTCATGAATCAGGTATCGAACAGAATGTATTTTTGTTCAGCTTATATAACAGGTTGTAATCTTTCATACGCCAACTTTGAAAGGCAGTGTATCGAAAAGTGTGATTTGTTTGAGAATAGATGGATTGGCGCAAATCTGAGTGGTGCATCATTTAAAGAGTCTGATTTAAGTCGGGGAGTATTTTCTGAAGGGTGTTGGAGCCAGTGTAGGTTGCAAGGTTGTGATTTGAGCCACTCGGAGTTGTATGGTTTAGACCCTCGGAAAGTTGACCTTACAGGTGTAAAAATCTGTTCGTGGCAGCAAGAACAACTTTTAGAGCAATTAGGTTTAATAGTAGTTCCTGACTAA
resfindernewid_95,qnrVC5_1_JN408080,ATGGATAAAACAGACCAGTTATATGTACAAGCAGACTTTTCACATCAAGACATGAGTGGTCAGTATTTTAAAAATTGCAAATTTTTCTGCTGTTCCTTTAAACGAGCGAACCTCCGCGATACACAATTTGTAGATTGTTCTTTCATTGAACGAGGTGAATTAGAGGGGTGTGATTTTTCTTACTCGGATCTTAGAGATGCATCTTTTAAAAACTGCAGTCTTTCAATGTCGTATTTCAAAGGTGCAAATTGTTTTGGTATCGAGTTCAGAGAATGCGATTTAAAGGGTGCCAATTTTTCTCAAGCTAGCTTCATGAATCAGGTATCGAACAGAATGTATTTTTGTTCAGCTTATATAACAGGTTGTAATCTTTCATACGCCAACTTTGAAAGGCAGTGTATCGAAAAGTGTGATTTGTTTGAGAATAGATGGATTGGCGCAAATCTGAGTGGTGCATCATTTAAAGAGTCTGATTTAAGTCGGGGAGTATTTTCTGAAGGGTGTTGGAGCCAGTGTAGGTTGCAAGGTTGTGATTTGAGCCACTCGGAGTTGTATGGTTTAGACCCTCGGAAAGTTGACCTTACAGGTGTAAAAATCTGTTCGTGGCAGCAAGAACAACTTTTAGAGCAATTAGGTTTAATAGTAGTTCCTGACTAA
resfindernewid_96,qnrVC6_1_KC202804,ATGGAAAAATCAAAGCAATTATATAATCAAGTGAACTTCTCACATCAGGACTTGCAAGAACATATCTTTAGCAATTGTACTTTTATACATTGTAATTTTAAGCGCTCAAACCTTCGAGATACACAGTTCATTAACTGTACTTTCATAGAGCAGGGGGCACTGGAAGGGTGCGATTTTTCTTATGCTGATCTTCGAGATGCTTCATTTAAAGATTGTCAGCTTTCAATGTCCCATTTTAAGGGGGCAAATTGCTTTGGTATTGAACTGAGAGATTGTGATCTTAAAGGGGCAAATTTTAGCCAAGTTAGTTTTGTAAATCAGGTTTCGAATAAAATGTACTTTTGCTCTGCATACATAACAGGTTGTAACTTATCCTATGCCAATTTTGAGCAGCAGCTTATTGAAAAATGTGACCTGTTCGAAAATAGATGGATTGGTGCAAATCTTCGAGGCGCTTCATTTAAAGAATCAGATTTAAGTCGTGGCGTTTTTTCAGAAGACTGCTGGGAACAGTTTAGAGTACAAGGCTGTGATTTAAGTCATTCAGAGCTTTATGGTTTAGATCCTCGAAAGATTGATCTTACAGGTGTAAAAATATGCTCGTGGCAACAGGAGCAGTTACTGGAGCAATTAGGGGTAATCATTGTTCCTGACTAA
resfindernewid_97,qnrVC7_1_KM555152,ATGGATAAAACAGACCAGTTATATGTACAAGCTGACTTTTCACATCAAGACTTGAGTGGTCAGTATTTTAAAAATTGCAAATTTTTCTGCTGTTCCTTTAAACGGGCAAACCTCCGCGATACACAATTTGTAGATTGTTCTTTCATTGAACGAGGAGAATTAGAGGGGTGTGATTTTTCTTACTCGGATCTTAGAGACGCATCTTTTAAAAACTGCAGTCTTTCAATGTCGTATTTCAAAGGTGCAAATTGTTTTGGTATCGAGTTCAGAGAGTGCGATTTAAAGGGGGCAAATTTTGCTCAAGCTAGCTTCATGAATCAGGTATCGAACAGAATGTATTTTTGTTCAGCCTATATAACAGGTTGTAATCTGTCATACGCAAATTTTGAAAGGCAGTGTATCGAAAAGTGTGATTTGTTTGAGAATAGATGGATTGGTGCAAATTTGAGTGGGACATCATTTAAAGAGTCTGATTTAAGTCGGGGAGTATTTTCTGAAGGGTGCTGGAGCCAGTGTAGGTTGCAAGGTTGTGATTTGAGCCACTCGGAGCTGTATGGTTTAGACCCCCGGAAAGTTGACCTTACAGGTGTAAAAATCTGTTCGTGGCAACAAGAACAACTTTTAGAGCAATTAGGTTTAATAGTAGTTCCTGACTAA
resfindernewid_98,qnrC_1_EU917444,TTGAATTATTCCCATAAAACGTACGATCAAATTGATTTTTCCGGCCAAGATTTGAGCTCTCATCACTTTTCTCACTGTAAATTTTTTGGTTGTAATTTTAATCGAGTGAATTTACGTGATGCTAAATTCATGGGTTGTACATTTATTGAATCGAATGATTTTGAAGGATGTAATTTTATCTATGCAGACCTACGAGATGCTTCATTTATGAATTGCATGCTTTCAATGGCGAATTTCCAAGGGGCAAACTGTTTTGGCCTTGAATTGAGAGAATGCGATTTAAAAGGTGCTAATTTCTCACAGGCAAACTTTGTTAATCATGTTTCTAACAAAATGTATTTTTGCTCTGCTTACATTACGGGTTGTAATTTGTCTTATGCTAATTTCGATAAGCAATGCCTTGAAAAGTGTGATTTATTTGAAAATAAATGGGTAGGTGCAAGCCTGCAAGGGGCCTCTTTTAAAGAGTCAGACTTAAGTAGGGGATCATTTTCTGATGACTTTTGGGAGCAATGCAGAATTCAGGGGTGTGATCTCACTCATTCAGAATTAAATGGCTTAGAACCTCGTAAAGTGGATTTAACTGGCGTGAAAATTTGTTCATGGCAACAAGAGCAGCTTTTGGAGCAGTTGGGGGTGATTGTTATTCCAGACAAAGTGTTTTGA
resfindernewid_99,qnrD1_1_FJ228229,ATGGAAAAGCACTTTATCAATGAAAAGTTTTCACGAGATCAATTTACGGGGAATAGAGTTAAAAATATTGCCTTTTCAAATTGTGATTTTTCAGGGGTTGATTTAACTGATACTGAATTTGTTGATTGTAGTTTTTACGACAGGAATAGCTTGGAAGGGTGTGATTTTAATAGAGCCAAACTAAAAAACGCTAGCTTTAAAAGCTGCGATTTATCAATGAGTAATTTTAAAAACATTAGCGCCTTAGGTCTTGAAATTAGTGAGTGTTTAGCTCAAGGAGCTGATTTTCGAGGGGCTAATTTTATGAATATGATAACTACAAGGTCATGGTTTTGTAGTGCTTATATAACCAAGACAAATCTTAGTTACGCTAATTTTTCTAGAGTCATATTAGAAAAGTGCGAACTGTGGGAAAATCGCTGGAATGGCACTGTGATAACTGGCGCCGTGTTTCGTGGCTCCGATCTTTCTTGTGGGGAGTTTTCATCGTTTGATTGGTCTTTGGCTGATTTTACTGGTTGTGATTTAACGGGTGGGGCGCTTGGCGAGCTTGATGCAAGGCGAATTAATTTAGATGGAGTGAAGTTGGATGGAGAGCAGGCGCTTCAGCTTGTTGAGAGTTTAGGTGTTATTGTTCACCGATAA
resfindernewid_100,qnrD2_1_KF055448,ATGGAAAAGCACTTTATCAATGAAAAGTTTTCACGAGATCAATTTACGGGGAATAGAGTTAAAAATATTGCCTTTTCAAATTGTGATTTTTCAGGGGTTGATTTAACTGATACTGAATTTGTTGATTGTAGTTTTTACGACAGGAATAGCTTGGAAGGGTGTGATTTTAATAGAGCCAAACTAAAAAACGCTAGCTTTAAAAGCTGCGATTTATCAATGAGTAATTTTAAAAACATTAGCGCCTTAGGTCTTGAGATTAGTGAGTGTTTAGCTCAAGGAGCTGATTTTCGAGGGGCTAATTTTATGAATATGATAACTACAAGGTCATGGTTTTGTAGTGCTTATATAACCAAGACAAATCTTAGTTACGCTAATTTTTCTAGAGTCATATTAGAAAAGTGCGAACTGTGGGAAAATCGCTGGAATGGCACTGTGATAACTGGCGCCGTGTTTCGTGGCTCCGATCTTTCTTGTGGGGAGTTTTCATCGTTTGATTGGTCTTTGGCTGATTTTACTGGTTGTGATTTAACGGGTGGGGCGCTTGGCGAGCTTGATGCAAGACGAACTAATTTAGATGGCGTGAAGTTGGATGGAGAACAGGCGTTTCAGCTTGTTGAGAGTTTAGGTGTTATTGTTCACCGATAA
resfindernewid_101,qnrD3_1_KX130945,ATGGAAAAGCACTTTATCAATGAAAAGTTTTCACGGGATCAATTTACGGGGAATAGAGTTAAAAATATTGCCTTTTCAAATTGTGATTTTTCAGGGGTTGATTTAACTGATACTGAATTTGTTGATTGTAGCTTTTACGACAGGAATAGCCTGGTAGGGTGTGATTTTAATAGAGCCAAACTAAAAAACGCCAGCTTTAAAAGCTGCGATTTATCAATGAGTAATTTTAAAAACATTAGCGCCTTAGGTCTTGAGATTAGTGAGTGTTTAGCTCAAGGAGTTGATTTTCGAGGGGCTAATTTTATGAATATGATAACTACAAGGTCATGGTTTTGTAGTGCTTATATAACCAAGACAAATCTTAGTTACGCTAATTTTTCTAGAGTCATATTAGAAAAGTGCGAACTGTGGGAAAATCGCTGGAATGGCACTGTGATAACTGGCGCCGTGTTTCGTGGTTCCGATCTTTCTTGTGGGGAGTTTTCATCGTTTGATTGGTCTTTGGCTGATTTTACTGGTTGTGATTTAACGGGTGGGGTGCTTGGCGAGCTTGATGCAAGACGAACTAATTTAGATGGCGTGAAGTTGGATGGAGAGCAGGCGCTTCAGCTTGTTGAGAGTTTAGGTGTTATTGTTCACCGATAA
resfindernewid_102,qnrS1_1_AB187515,ATGGAAACCTACAATCATACATATCGGCACCACAACTTTTCACATAAAGACTTAAGTGATCTCACCTTCACCGCTTGCACATTCATTCGCAGCGACTTTCGACGTGCTAACTTGCGTGATACGACATTCGTCAACTGCAAGTTCATTGAACAGGGTGATATCGAAGGCTGCCACTTTGATGTCGCAGATCTTCGTGATGCAAGTTTCCAACAATGCCAACTTGCGATGGCAAACTTCAGTAATGCCAATTGCTACGGTATAGAGTTCCGTGCGTGTGATTTAAAAGGTGCCAACTTTTCCCGAACAAACTTTGCCCATCAAGTGAGTAATCGTATGTACTTTTGCTCAGCATTTATTTCTGGATGTAATCTTTCCTATGCCAATATGGAGAGGGTTTGTTTAGAAAAATGTGAGTTGTTTGAAAATCGCTGGATAGGAACGAACCTAGCGGGTGCATCACTGAAAGAGTCAGACTTAAGTCGAGGTGTTTTTTCCGAAGATGTCTGGGGGCAATTTAGCCTACAGGGTGCCAATTTATGCCACGCCGAACTCGACGGTTTAGATCCCCGCAAAGTCGATACATCAGGTATCAAAATTGCAGCCTGGCAGCAAGAACTGATTCTCGAAGCACTGGGTATTGTTGTTTATCCTGACTAA
resfindernewid_103,qnrS2_1_DQ485530,ATGGAAACCTACCGTCACACATATCGACACCACAGTTTTTCACATCAAGATCTAAGTGATATTACTTTCACTGCTTGCACCTTTATCCGATGCGATTTTCGACGTGCTAACTTGCGTGATGCGACATTTATTAACTGCAAGTTCATTGAACAGGGTGATATCGAAGGTTGCCATTTTGATGTCGCAGACCTTCGCGATGCAAGTTTCCAACAATGCCAGCTTGCGATGGCAAACTTTAGTAACGCCAATTGCTACGGTATTGAGTTACGTGAGTGTGATTTAAAAGGGGCCAACTTTTCCCGAGCAAACTTTGCCAATCAAGTGAGTAATCGTATGTACTTTTGCTCAGCCTTTATTACTGGATGTAACCTGTCTTATGCCAATATGGAGCGGGTCTGTTTAGAAAAATGTGAGCTGTTTGAAAATCGCTGGATAGGGACTCACCTCGCGGGCGCATCACTGAAAGAGTCAGACTTAAGTCGAGGTGTTTTTTCTGAAGATGTCTGGGGACAGTTTAGCCTACAGGGTGCTAATTTATGTCACGCCGAACTCGACGGTTTAGATCCTCGAAAAGTCGATACATCAGGTATCAAAATTGCCAGCTGGCAACAAGAACAGCTTCTCGAAGCGTTGGGTATTGTTGTTTTTCCTGACTAG
resfindernewid_104,qnrS3_1_EU077611,TGGAAACCTACAATCATACATATCGGCACCGCAACTTTTCACATAAAGACTTAAGTGATCTCACCTTCACCGCTTGCACATTCATTCGCAGCGACTTTCGACGTGCTAACTTGCGTGATACGACATTCGTCAACTGCAAGTTCATTGAACAGGGTGATATCGAAGGCTGCCACTTTGATGTCGCAGATCTTCGTGATGCAAGTTTCCAACAATGCCAACTTGCGATGGCAAACTTCAGTAATGCCAATTGCTACGGTATAGAGTTCCGTGCGTGTGATTTAAAAGGTGCCAACTTTTCCCGAACAAACTTTGCCCATCAAGTGAGTAATCGTATGTACTTTTGCTCAGCATTTATTTCTGGATGTAATCTTTCCTATGCCAATATGGAGAGGGTTTGTTTAGAAAAATGTGAGTTGTTTGAAAATCGCTGGATAGGAACGAACCTAGCGGGTGCATCACTGAAAGAGTCAGACTTAAGTCGAGGTGTTTTTTCCGAAGATGTCTGGGGGCAATTTAGCCTACAGGGTGCCAATTTATGCCACGCCGAACTCGACGGTTTAGATCCCCGCAAAGTCGATACATCAGGTATCAAAATTGCAGCCTGGCAGCAAGAACTGATTCTCGAAGCACTGGGTATTGTTGTTTATCCTGACTAA
resfindernewid_105,qnrS4_1_FJ418153,ATGGAAACCTACAATCATACATATCGGCACCACAACTTTTCACATAAAGACTTAAGTGATCTCACCTTCACCGCTTGCACATTCATTCGCAGCGACTTTCGACGTGCTAACTTGCGTGATACGACATTCGTCAACTGCAAGTTCATTGAACAGGGTGATATCGAAGGCTGCCACTTTGATGCCGCAGATCTTCGTGATGCAAGTTTCCAACAATGCCAACTTGCGATGGCAAACTTCAGTAATGCCAATTGCTACGGTATAGAGTTCCGTGCGTGTGATTTAAAAGGTGCCAACTTTTCCCGAACAAACTTTGCCCATCAAGTGAGTAATCGTATGTACTTTTGCTCAGCATTTATTTCTGGATGTAATCTTTCCTATGCCAATATGGAGAGGGTTTGTTTAGAAAAATGTGAGTTGTTTGAAAATCGCTGGATAGGAACGAACCTAGCGGGTGCATCACTGAAAGAGTCAGACTTAAGTCGAGGTGTTTTTTCCGAAGATGTCTGGGGGCAATTTAGCCTACAGGGTGCCAATTTATGCCACGCCGAACTCGACGGTTTAGATCCCCGCAAAGTCGATACATCAGGTATCAAAATTGCAGCCTGGCAGCAAGAACTGATTCTCGAAGCACTGGGTATTGTTGTTTATCCTGACTAA
resfindernewid_106,qnrS5_1_HQ631377,ATGGAAACCTACCGTCACACATATCGGCACCACAACTTTTCACATAAAGACTTAAGTGCTCTCACCTTCACTGCTTGCACATTTATTCGCAGCGACTTTCGACGAGCTAACTTGCGCGATACGACATTCGTCAACTGCAAGTTCATTGAACAGGGTGATATCGAAGGCTGCCACTTTGATGTCGCAGATCTTCGTGATGCAAGTTTCCAACAATGCCAACTGGCGATGGCAAACTTCAGTAACGCCAATTGCTACGGTATTGAGTTCCGTGCGTGTGATTTAAAAGGTGCCAACTTTTCCCGAACAAACTTTGCCCATCAAGTGAGTAATCGTATGTACTTTTGCTCAGCCTTTATTACAGGATGTACTCTTTCCTATGCCAATATGGAGAGGGTTTGTTTAGAAAGATGTGAGTTGTTTGAAAATCGCTGGATAGGAACTCATCTAGCGGGTGCATCATTGAAAGAGTCAGACTTAAGTCGAGGTGTTTTTTCCGAAGATGTCTGGGGGCAATTTAGCCTACAGGGTGCCAATTTATGCCACGCCGAACTAGACGGTTTAGATCCCCGCAAAGTCGATACATCAGGTATCAAAATTGCAGCTTGGCAGCAAGAACAGCTTCTCGAAGCACTGGGTATTGTTGTTTTTCCTGACTAG
resfindernewid_107,qnrS6_1_HQ631376,ATGGAAACCTACCGTCACACATATCGACACCACAGTTTTTCACATCAAGATCTAAGTGATATTACTTTCACTGCTTGCACCTTTATCCGATGCGATTTTCGACGTGCTAACTTGCGTGATGCGACATTTATTAACTGCAAGTTCATTGAACAGGGTGATATCGAAGGTTGCCATTTTGATGTCGCAGACCTTCGCGATGCAAGTTTCCAACAATGCCAGCTTGCGATGGCAAACTTTAGTAACGCCAATTGCTACGGTATTGAGTTACGTGAGTGTGATTTAAAAGGGGCCAACTTTTCCCGAGCAAACTTTGCCAATCAAGTGAGTAATCGTATGTACTTTTGCTCAGCCTTTATTACTGGATGTAACCTGTCTTATGCCAATATGGAGCGGGTCTGTTTAGAAAAATGTGAGCTGTATGAAAATCGCTGGATAGGGACTCACCTCGCGGGCGCATCACTGAAAGAGTCAGACTTAAGTCGAGGTGTTTTTTCTGAAGATGTCTGGGGACAGTTTAGCCTACAGGGTGCTAATTTATGTCACGCCGAACTCGACGGTTTAGATCCTCGAAAAGTCGATACATCAGGTATCAAAATTGCCAGCTGGCAACAAGAACAGCTTCTCGAAGCGTTGGGTATTGTTGTTTTTCCTGACTAG
resfindernewid_108,qnrS7_1_KF730651,ATGGAAACCTACAATCATACATATCGGCACCACAACTTTTCACATAAAGACTTAAGTGATCTCACCTTCACCGCTTGCACATTCATTCGCAGCGACTTTCGACGTGCTAACTTGCGTGATACGACATTCGTCAACTGCAAGTTCATTGAACAGGGTGATATCGAAGGCTGCCACTTTGATGTCGCAGATCTTCATGATGCAAGTTTCCAACAATGCCAACTTGCGATGGCAAACTTCAGTAATGCCAATTGCTACGGTATAGAGTTCCGTGCGTGTGATTTAAAAGGTGCCAACTTTTCCCGAACAAACTTTGCCCATCAAGTGAGTAATCGTATGTACTTTTGCTCAGCATTTATTTCTGGATGTAATCTTTCCTATGCCAATATGGAGAGGGTTTGTTTAGAAAAATGTGAGTTGTTTGAAAATCGCTGGATAGGAACGAACCTAGCGGGTGCATCACTGAAAGAGTCAGACTTAAGTCGAGGTGTTTTTTCCGAAGATGTCTGGGGGCAATTTAGCCTACAGGGTGCCAATTTATGCCACGCCGAACTCGACGGTTTAGATCCCCGCAAAGTCGATACATCAGGTATCAAAATTGCAGCCTGGCAGCAAGAACTGATTCTCGAAGCACTGGGTATTGTTGTTTATCCTGACTAA
resfindernewid_109,qnrS8_1_KF730652,ATGGAAACCTACAATCATACATATCGGCACCACAACTTTTCACATAAAGACTTAAGTGATCTCACCTTCACCGCTTGCACACTCATTCGCAGCGACTTTCGACGTGCTAACTTGCGTGATACGACATTCGTCAACTGCAAGTTCATTGAACAGGGTGATATCGAAGGCTGCCACTTTGATGTCGCAGATCTTCGTGATGCAAGTTTCCAACAATGCCAACTTGCGATGGCAAACTTCAGTAATGCCAATTGCTACGGTATAGAGTTCCGTGCGTGTGATTTAAAAGGTGCCAACTTTTCCCGAACAAACTTTGCCCATCAAGTGAGTAATCGTATGTACTTTTGCTCAGCATTTATTTCTGGATGTAATCTTTCCTATGCCAATATGGAGAGGGTTTGTTTAGAAAAATGTGAGTTGTTTGAAAATCGCTGGATAGGAACGAACCTAGCGGGTGCATCACTGAAAGAGTCAGACTTAAGTCGAGGTGTTTTTTCCGAAGATGTCTGGGGGCAATTTAGCCTACAGGGTGCCAATTTATGCCACGCCGAACTCGACGGTTTAGATCCCCGCAAAGTCGATACATCAGGTATCAAAATTGCAGCCTGGCAGCAAGAACTGATTCTCGAAGCACTGGGTATTGTTGTTTATCCTGACTAA
resfindernewid_110,qnrS9_1_KF732714,ATGGAAACCTACAATCATACATATCGGCACCACAACTTTTCACATAAAGACTTAAGTGATCTCACCTTCACCGCTTGCACATTCATTCGCAGCGACTTTCGACGTGCTAACTTGCGTGATACGACATTCGTCAACTGCAAGTTCATTGAACAGGGTGATATCGAAGGCTGCCACTTTGATGTCGCAGATCTTCGTGATGCAAGTTTCCAACAATGCCAACTTGCGATGGCAAACTTCAGTAATGCCAATTGCTACGGTATAGAGTTCCGTGCGTGTGATTTAAAAGGTGCCAACTTTTTCCGAACAAACTTTGCCCATCAAGTGAGTAATCGTATGTACTTTTGCTCAGCATTTATTTCTGGATGTAATCTTTCCTATGCCAATATGGAGAGGGTTTGTTTAGAAAAATGTGAGTTGTTTGAAAATCGCTGGATAGGAACGAACCTAGCGGGTGCATCACTGAAAGAGTCAGACTTAAGTCGAGGTGTTTTTTCCGAAGATGTCTGGGGGCAATTTAGCCTACAGGGTGCCAATTTATGCCACGCCGAACTCGACGGTTTAGATCCCCGCAAAGTCGATACATCAGGTATCAAAATTGCAGCCTGGCAGCAAGAACTGATTCTCGAAGCACTGGGTATTGTTGTTTATCCTGACTAA
resfindernewid_111,qepA_1_FJ167861,ATGTCCGCCACGCTCCACGACACCGCAGCGGATCGTCGGAAGGCCACCCGCCGCGAATGGATCGGCCTGGCCGTGGTCGCCCTGCCGTGCCTGGTCTACGCCATGGACCTCACGGTGCTGAACCTGGCGCTGCCGGTGCTCAGCCGTGAACTGCAGCCCTCCAGCGCCCAGCTTCTCTGGATCCTGGACATCTACGGCTTCTTCGTCGCCGGCTTCCTGATCACCATGGGCACGCTGGGCGACCGCATCGGCCGGCGCCGGCTGTTGTTGATCGGCGCGGCGTTCTTCGCATTCGCCTCGGTGCTCGCGGCGCTGGCCGATACCGCCGCGCTGTTGATCGCGGCGCGCGCCTTGCTCGGCCTGGCCGGCGCCACCATCGCGCCGTCCACCATGGCGCTGGTCCGCAACATGTTCCACGACCCGCGCCAGCGCCAGTTCGCCATCGGCGTGTGGATCGCCGCGTTTTCGCTGGGCAGCGCGATCGGTCCGCTGGTCGGCGGCGTGTTGCTGGAGTTCTTCCACTGGGGCGCCGTGTTCTGGCTCAACGTGCCGGTGATGCTGCTGACGCTGGCGCTCGGCCCTCGCTTCCTGCCCGAGTATCGTGATCCGGACGCGGGGCACCTGGACCTGGCCAGCGTGCTGCTGTCGCTGGCGGCGGTGCTGCTGACGATCTACGGGCTCAAGCAGTTGGCCGAGCATGGAGCGGGCCTCGCCTCGATGGCTGCGCTGCTGGCCGGGCTGGCGGTCGGGGCGCTGTTCCTGCGCCGCCAGGGCCACATCGCCTACCCGCTGCTGGACCTGCGGCTGTTCGCGCACGCGCCGTTCCGCGCGGCGCTGGCGGCGTATGCGCTGGCCGCGCTGGCCATGTTCGGCGTCTACATCTTCATGACGCAGTACCTGCAGCTCGTGCTGGGGCTGTCGCCGCTGCAGGCCGGGCTGGCCACGCTGCCCTGGTCCCTGTGCTTCGTCATCGGTTCGCTGTTGTCGCCGCAGCTCGCGGCGCGCTGGCCGGCGGCGCGCATCCTCGTCGTGGGCCTGTCGGCAGCGGCGTTCGGCTTCGCCGTGCTGGGGCTGGGGCAGGGCCTGTGGTGGCTGGTGCCGGCCACGATCGTCATGGGCCTGGGCCTGGCGCCGGTGTTCACCATCGGCAACGAGATCATCATCACCAGCGCGCCGTCCGAGCGCGCGGGCGCGGCCTCGGCCTTGTCGGAGACGGTGTCCGAATTCAGCGGCGCGCTGGGCATCGCGCTGTTCGGCAGCGTCGGCCTGGTGGTCTACCGGCAGGCGCTGACCAGCGCGGCGCTGCCCGGCCTGCCGGCCGATGCGCTGCAGGCGGCCGGTGCCTCGCTCGGGGGCGCCGTGCACCTGGCCGACACCCTGCCGGCGTGGCAGGGCGCGGCCTTGCTGGCGGCCGCACGCGCGGGCTTCACCGATGCGCTGCAGGCCACGGCCTGGGCCGGCGCGGTGCTGGTGCTGGTGGCCGCTGGGCTGGTGGCGCGCCTGCTGCGCAAGCGCCCAACGCTCGCATCTGGTTGA
resfindernewid_112,qepA1_1_AB263754,TCAACCAGATGCGAGCGCTGGGCGCTTGCGCAGCAGGCGCGCCACCAGCCCAGCGGCCACCAGCACCAGCACCGCGCCGGCCCAGGCCGTGGCCTGCAGCGCATCGGTGAAGCCCGCGCGTGCGGCCGCCAGCAAGGCCGCGCCCTGCCACGCCGGCAGGGTGTCGGCCAGGTGCACGGCGCCCCCGAGCGAGGCACCGGCCGCCTGCAGCGCATCGGCCGGCAGGCCGGGCAGCGCCGCGCTGGTCAGCGCCTGCCGGTAGACCACCAGGCCGACGCTGCCGAACAGCGCGATGCCCAGCGCGCCGCTGAATTCGGACACCGTCTCCGACAAGGCCGAGGCCGCGCCCGCGCGCTCGGACGGCGCGCTGGTGATGATGATCTCGTTGCCGATGGTGAACACCGGCGCCAGGCCCAGGCCCATGACGATCGTGGCCGGCACCAGCCACCACAGGCCCTGCCCCAGCCCCAGCACGGCGAAGCCGAACGCCGCTGCCGACAGGCCCACGACGAGGATGCGCGCCGCCGGCCAGCGCGCCGCGAGCTGCGGCGACAACAGCGAACCGATGACGAAGCACAGGGACCAGGGCAGCGTGGCCAGCCCGGCCTGCAGCGGCGACAGCCCCAGCACGAGCTGCAGGTACTGCGTCATGAAGATGTAGACGCCGAACATGGCCAGCGCGGCCAGCGCATACGCCGCCAGCGCCGCGCGGAACGGCGCGTGCGCGAACAGCCGCAGGTCCAGCAGCGGGTAGGCGATGTGGCCCTGGCGGCGCAGGAACAGCGCCCCGACCGCCAGCCCGGCCAGCAGCGCAGCCATCGAGGCGAGGCCCGCTCCATGCTCGGCCAACTGCTTGAGCCCGTAGATCGTCAGCAGCACCGCCGCCAGCGACAGCAGCACGCTGGCCAGGTCCAGGTGCCCCGCGTCCGGATCACGATACTCGGGCAGGAAGCGAGGGCCGAGCGCCAGCGTCAGCAGCATCACCGGCACGTTGAGCCAGAACACGGCGCCCCAGTGGAAGAACTCCAGCAACACGCCGCCGACCAGCGGACCGATCGCGCTGCCCAGCGAAAACGCGGCGATCCACACGCCGATGGCGAACTGGCGCTGGCGCGGGTCGTGGAACATGTTGCGGACCAGCGCCATGGTGGACGGCGCGATGGTGGCGCCGGCCAGGCCGAGCAAGGCGCGCGCCGCGATCAACAGCGCGGCGGTATCGGCCAGCGCCGCGAGCACCGAGGCGAATGCGAAGAACGCCGCGCCGATCAACAACAGCCGGCGCCGGCCGATGCGGTCGCCCAGCGTGCCCATGGTGATCAGGAAGCCGGCGACGAAGAAGCCGTAGATGTCCAGGATCCAGAGAAGCTGGGCGCTGGAGGGCTGCAGTTCACGGCTGAGCACCGGCAGCGCCAGGTTCAGCACCGTGAGGTCCATGGCGTAGACCAGGCACGGCAGGGCGACCACGGCCAGGCCGATCCATTCGCGGCGGGTGGCCTTCCGACGATCCGCTGCGGTGTCGTGGAGCGTGGCGGACAT
resfindernewid_113,qepA2_1_EU847537,ATGTCCGCCACGCTCCACGACACCGCAGCGGATCGTCGGAAGGCCACCCGCCGCGAATGGATCGGCCTGGCCGTGGTCGCCCTGCCGTGCCTGGTCTACGCCATGGACCTCACGGTGCTGAACCTGGCGCTGCCGGTGCTCAGCCGTGAACTGCAGCCCTCCAGCGCCCAGCTTCTCTGGATCCTGGACATCTACGGCTTCTTCGTCGCCGGCTTCCTGATCACCATGGGCACGCTGGGCGACCGCATCGGCCGGCGCCGGCTGTTGTTGATCGGCGCGGCGTTCTTCGCATTCGGCTCGGTGCTCGCGGCGCTGGCCGATACCGCCGCGCTGTTGATCGCGGCGCGCGCCTTGCTCGGCCTGGCCGGCGCCACCATCGCGCCGTCCACCATGGCGCTGATCCGCAACATGTTCCACGACCCGCGCCAGCGCCAGTTCGCCATCGGCGTGTGGATCGCCGCGTTTTCGCTGGGCAGCGCGATCGGTCCGCTGGTCGGCGGCGTGTTGCTGGAGTTCTTCCACTGGGGCGCCGTGTTCTGGCTCAACGTGCCGGTGATGCTGCTGACGCTGGCGCTCGGCCCTCGCTTCCTGCCCGAGTATCGTGATCCGGACGCGGGGCACCTGGACCTGGCCAGCGTGCTGCTGTCGCTGGCGGCGGTGCTGCTGACGATCTACGGGCTCAAGCAGTTGGCCGAGCATGGAGCGGGCCTCGCCTCGATGGCTGCGCTGCTGGCCGGGCTGGCGGTCGGGGCGCTGTTCCTGCGCCGCCAGGGCCACATCGCCTACCCGCTGCTGGACCTGCGGCTGTTCGCGCACGCGCCGTTCCGCGCGGCGCTGGCGGCGTATGCGCTGGCCGCGCTGGCCATGTTCGGCGTCTACATCTTCATGACGCAGTACCTGCAGCTCGTGCTGGGGCTGTCGCCGCTGCAGGCCGGGCTGGCCACGCTGCCCTGGTCCCTGTGCTTCGTCATCGGTTCGCTGTTGTCGCCGCAGCTCGCGGCGCGCTGGCCGGCGGCGCGCATCCTCGTCGTGGGCCTGTCGGCAGCGGCGTTCGGCTTCGCCGTGCTGGGGCTGGGGCAGGGCCTGTGGTGGCTGGTGCCGGCCACGATCGTCATGGGCCTGGGCCTGGCGCCGGTGTTCACCATCGGCAACGAGATCATCATCACCAGCGCGCCGTCCGAGCGCGCGGGCGCGGCCTCGGCCTTGTCGGAGACGGTGTCCGAATTCAGCGGCGCGCTGGGCATCGCGCTGTTCGGCAGCGTCGGCCTGGTGGTCTACCGGCAGGCGCTGACCAGCGCGGCGCTGCCCGGCCTGCCGGCCGATGCGCTGCAGGCGGCCGGTGCCTCGCTCGGGGGCGCCGTGCACCTGGCCGACACCCTGCCGGCGTGGCAGGGCGCGGCCTTGCTGGCGGCCGCACGCGCGGGCTTCACCGATGCGCTGCAGGCCACGGCCTGGGCCGGCGCGGTGCTGGTGCTGGTGGCCGCTGGGCTGGTGGCGCGCCTGCTGCGCAAGCGCCCAGCGCTCGCATCTGGTTGA
resfindernewid_114,qepA3_1_JQ064560,ATGTCCGCCACGCTCCACGACACCGCAGCGGATCGTCGGAAGGCCACCCGCCGCGAATGGATCGGCCTGGCCGTGGTCGCCCTGCCGTGCCTGGTCTACGCCATGGACCTCACGGTGCTGAACCTGGCGCTGCCGGTGCTCAGCCGTGAACTGCAGCCCTCCAGCGCCCAGCTTCTCTGGATCCTGGACATCTACGGCTTCTTCGTCGCCGGCTTCCTGATCACCATGGGCACGCTGGGCGACCGCATCGGCCGGCGCCGGCTGTTGTTGATCGGCGCGGCGTTCTTCGCATTCGCCTCGGTGCTCGCGGCGCTGGCCGATACCGCCGCGCTGTTGATCGCGGCGCGCGCCTTGCTCGGCCTGGCCGGCGCCACCATCGCGCCGTCCACCATGGCGCTGGTCCGCAACATGTTCCACGACCCGCGCCAGCGCCAGTTCGCCATCGGCGTGTGGATCGCCGCGTTTTCGCTGGGCAGCGCGATCGGTCCGCTGGTCGGCGGCGTGTTGCTGGAGTTCTTCCACTGGGGCGCCGTGTTCTGGCTCAACGTGCCGGTGATGCTGCTGACGCTGGCGCTCGGCCCTCGCTTCCTGCCCGAGTATCGTGATCCGGACGCGGGGCACCTGGACCTGGCCAGCGTGCTGCTGTCGCTGGCGGCGGTGCTGCTGACGATCTACGGGCTCAAGCAGTTGGCCGAGCATGGAGAGGGCCTCGCCTCGATGGCTGCGCTGCTGGCCGGGCTGGCGGTCGGGGCGCTGTTCCTGCGCCGCCAGGGCCACATCGCCTACCCGCTGCTGGACCTGCGGCTGTTCGCGCACGCGCTGTTCCGCGCGGCGCTGGCGGCGTATGCGCTGGCCGCGCTGGCCATGTTCGGCGTCTACATCTTCATGACGCAGTACCTGCAGCTCGTGCTGGGGCTGTCGCCGCTGCAGGCCGGGCTGGCCACGCTGCCCTGCTCCCTGTGCTTCGTCATCGGTTCGCTGTTGTCGCCGCAGCTCGCGGCGCGCTGGCCGGCGGCGCGCATCCTCGTCGTGGGCCTGTCGGCAGCGGCGTTCGGCTTCGCCGTGCTGGGGCTGGGGCAGGGCCTGTGGTGGCTGGTGCCGGCCACGATCGTCAAGGGCCTGGGCCTGGCGCCGGTGTTCACCATCGGCAACGAGATCATCATCACCAGCGCGCCGTCCGAGCGCGCGGGCGCGGCCTCGGCCTTGTCGGAGACGGTGTCCGAATTCAGCGGCGCGCTGGGCATCGCGCTGTTCGGCAGCGTCGGCCTGGTGGTCTACCGGCAGGCGCTGACCAGCGCGGCGCTGCCCGGCCTGCCGGCCGATGCGCTGCAGACGGCCGGTGCCTCGCTCGGGGGCGCCGTGCACCTGGCCGACACCCTGCCGGCGTGGCAGGGCGCGGCCTTGCTGGCGGCCGCACGCGCGGGCTTCACCGATGCGCTGCAGGCCACGGCCTGGGCCGGCGCGGTGCTGGTGCTGGTGGCCGCTGGGCTGGTGGCGCGCCTGCTGCGCAAGCGCCCAGCGCTCGCATCTGGTTGA
resfindernewid_115,qepA4_1_KX580704,ATGTCCGCCACGCTCCACGACACCGCAGCGGATCGTCGGAAGGCCACCCGCCGCGAATGGATCGGCCTGGCCGTGGTCGCCCTGCCGTGCCTGGTCTACGCCATGGACCTCACGGTGCTGAACCTGGCGCTGCCGGTGCTCAGCCGTGAACTGCAGCCCTCCAGCGCCCAGCTTCTCTGGATCCTGGACATCTACGGCTTCTTCGTCGCCGGCTTCCTGATCACCATGGGCACGCTGGGCGACCGCATCGGCCGGCGCCGGCTGTTGTTGATCGGCGCGGCGTTATTCGCATTCGCCTCGGTGCTCGCGGCGCTGGCCGATACCGCCGCGCTGTTGATCGCGGCGCGCGCCTTGCTCGGCCTGGCCGGCGCCACCATCGCGCCGTCCACCATGGCGCTGATCCGCAACATGTTCCACGACCCGCGCCAGCGCCAGTTCGCCATCGGCGTGTGGATCGCCGCGTTTTCGCTGGGCAGCGCGATCGGTCCGCTGGTCGGCGGCGTGTTGCTGGAGTTCTTCCACTGGGGCGCCGTGTTCTGGCTCAACGTGCCGGTGATGCTGCTGACGCTGGCGCTCGGCCCTCGCTTCCTGCCCGAGTATCGTGATCCGGACGCGGGGCACCTGGACCTGGCCAGCGTGCTGCTGTCGCTGGCGGCGGTGCTGCTGACGATCTACGGGCTCAAGCAGTTGGCCGAGCATGGAGCGGGCCTCGCCTCGATGGCTGCGCTGCTGGCCGGGCTGGCGGTCGGGGCGCTGTTCCTGCGCCGCCAGGGCCACATCGCCTACCCGCTGCTGGACCTGCGGCTGTTCGCGCACGCGCCGTTCCGCGCGGCGCTGGCGGCGTATGCGCTGGCCGCGCTGGCCATGTTCGGCGTCTACATCTTCATGACGCAGTACCTGCAGCTCGTGCTGGGGCTGTCGCCGCTGCAGGCCGGGCTGGCCACGCTGCCCTGGTCCCTGTGCTTCGTCATCGGTTCGCTGTTGTCGCCGCAGCTCGCGGCGCGCTGGCCGGCGGCGCGCATCCTCGTCGTGGGCCTGTCGGCAGCGGCGTTCGGCTTCGCCGTGCTGGGGCTGGGGCAGGGCCTGTGGTGGCTGGTGCCGGCCACGATCGTCATGGGCCTGGGCCTGGCGCCGGTGTTCACCATCGGCAACGAGATCATCATCACCAGCGCGCCGTCCGAGCGCGCGGGCGCGGCCTCGGCCTTGTCGGAGACGGTGTCCGAATTCAGCGGCGCGCTGGGCATCGCGCTGTTCGGCAGCGTCGGCCTGGTGGTCTACCGGCAGGCGCTGACCAGCGCGGCGCTGCCCGGCCTGCCGGCCGATGCGCTGCAGGCGGCCGGTGCCTCGCTCGGGGGCGCCGTGCACCTGGCCGACACCCTGCCGGCGTGGCAGGGCGCGGCCTTGCTGGCGGCCGCACGCGCGGGCTTCACCGATGCGCTGCAGGCCACGGCCTGGGCCGGCGCGGTGCTGGTGCTGGTGGCCGCTGGGCTGGTGGCGCGCCTGCTGCGCAAGCGCCCAGCGCTCGCATCTGGTTGA
resfindernewid_116,aac(6')-Ib-cr_1_DQ303918,ATGAGCAACGCAAAAACAAAGTTAGGCATCACAAAGTACAGCATCGTGACCAACAGCAACGATTCCGTCACACTGCGCCTCATGACTGAGCATGACCTTGCGATGCTCTATGAGTGGCTAAATCGATCTCATATCGTCGAGTGGTGGGGCGGAGAAGAAGCACGCCCGACACTTGCTGACGTACAGGAACAGTACTTGCCAAGCGTTTTAGCGCAAGAGTCCGTCACTCCATACATTGCAATGCTGAATGGAGAGCCGATTGGGTATGCCCAGTCGTACGTTGCTCTTGGAAGCGGGGACGGACGGTGGGAAGAAGAAACCGATCCAGGAGTACGCGGAATAGACCAGTTACTGGCGAATGCATCACAACTGGGCAAAGGCTTGGGAACCAAGCTGGTTCGAGCTCTGGTTGAGTTGCTGTTCAATGATCCCGAGGTCACCAAGATCCAAACGGACCCGTCGCCGAGCAACTTGCGAGCGATCCGATGCTACGAGAAAGCGGGGTTTGAGAGGCAAGGTACCGTAACCACCCCATATGGTCCAGCCGTGTACATGGTTCAAACACGCCAGGCATTCGAGCGAACACGCAGTGATGCCTAA
resfindernewid_117,aac(6')-Ib-cr_2_EF636461,ATGACTGAGCATGACCTTGCGATGCTCTATGAGTGGCTAAATCGATCTCATATCGTCGAGTGGTGGGGCGGAGAAGAAGCACGCCCGACACTTGCTGACGTACAGGAACAGTACTTGCCAAGCGTTTTAGCGCAAGAGTCCGTCACTCCATACATTGCAATGCTGAATGGAGAGCCGATTGGGTATGCCCAGTCGTACGTTGCTCTTGGAAGCGGGGACGGAAGGTGGGAAGAAGAAACCGATCCAGGAGTACGCGGAATAGACCAGTTACTGGCGAATGCATCACAACTGGGCAAAGGCTTGGGAACCAAGCTGGTTCGAGCTCTGGTTGAGTTGCTGTTCAATGATCCCGAGGTCACCAAGATCCAAACGGACCCGTCGCCGAGCAACTTGCGAGCGATCCGATGCTACGAGAAAGCGGGGTTTGAGAGGCAAGGTACCGTAACCACCCCATATGGTCCAGCCGTGTACATGGTTCAAACACGCCAGGCATTCGAGCGAACACGCAGTGATGCCTAA
resfindernewid_118,oqxA_1_EU370913,ATGAGCCTGCAAAAAACCTGGGGAAACATTCACCTGACCGCGCTCGGCGCGATGATGCTCTCCTTTCTGCTCGTCGGCTGCGACGACAGCGTCGCACAGAATGCTGCGCCTCCCGCCCCGACGGTCAGCGCCGCTAAGGTGCTGGTGAAGTCGATCAGTCAGTGGGATAGTTTTAACGGTCGCATTGAAGCGGTGGAGAGCGTTCAGCTTCGCCCTCGCGTCTCGGGATACATTGATAAAGTGAATTACACTGACGGCCAGGAGGTGAAAAAGGGCCAGGTGCTGTTCACGATAGATGACAGAACCTATCGCGCCGCGCTGGAGCAGGCGCAGGCGGCGTTGGCAAGAGCCAAAACGCAGGCCAGCCTCGCGCAAAGCGAGGCGAACCGCACCGATAAATTAGTCCATACCAACCTCGTCTCCCGTGAAGAGTGGGAGCAGCGCCGGTCAGCCGCGGTTCAGGCGCAGGCCGACATTCGCGCCGCGCAGGCGGCGGTGGATGCCGCGCAGCTTAACCTCGACTTCACCAAAGTGACCGCCCCTATTGACGGCCGCGCCAGCCGGGCGCTGATCACCAGCGGTAACCTGGTCACCGCGGGCGACACCGCCAGCGTGCTCACCACCCTGGTCTCGCAAAAGACGGTGTACGTCTACTTTGACGTCGACGAGTCAACCTACCTCCACTATCAAAACCTCGCCCGCCGCGGGCAAGGCGCGTCCAGCGATAATCAGGCGCTCCCGGTGGAGATTGGCCTGGTGGGCGAGGAGGGTTACCCCCACCAGGGCAAAGTGGATTTTCTCGATAATCAGTTAACGCCGAGTACCGGCACCATCCGCATGCGTGCGCTGCTGGATAACTCGCAGCGTCTGTTCACGCCGGGGCTGTTTGCCCGCGTGCGTCTGCCGGGCAGCGCAGAGTTCAAAGCCACGCTGATCGACGACAAAGCGGTACTGACCGATCAGGATCGTAAATACGTCTATATCGTTGATAAAGATGGTAAAGCACAGCGCCGCGACATTACCCCAGGGCGGCTGGCAGACGGTTTACGCATCGTTCAGAAGGGGTTGAATCCTGGGGATAGCGTCATCGTCGACGGCTTACAAAAAGTGTTTATGCCGGGTATGCCGGTTAACGCCAAAACCGTTGCCATGACCTCCAGCGCCACCCTTAACTGA
resfindernewid_119,oqxB_1_EU370913,ATGGACTTTTCCCGCTTTTTTATCGACAGGCCGATTTTCGCCGCGGTGCTGTCGATTTTAATTTTTATCACCGGGTTAATCGCTATCCCACTGCTGCCGGTGAGCGAATATCCGGATGTCGTCCCGCCGAGCGTCCAGGTGCGCGCGGAGTATCCCGGCGCCAACCCGAAAGTGATTGCCGAGACCGTGGCGACGCCGCTGGAGGAAGCGATCAACGGCGTTGAAAACATGATGTACATGAAATCGGTCGCCGGCTCCGACGGCGTGCTGGTCACCACCGTCACCTTCCGCCCGGGTACCGACCCGGATCAGGCGCAGGTTCAGGTGCAGAACCGCGTCGCGCAGGCCGAAGCGCGTCTGCCGGAGGATGTACGCCGTCTGGGGATCACCACCCAGAAGCAGTCTCCGACGCTGACCCTGGTGGTGCATCTGTTCTCCCCCGGCGGGAAGTACGACTCGCTGTATATGCGCAACTACGCCACGCTGAAAGTGAAGGATGAGCTGGCGCGCCTGCCCGGCGTCGGCCAGATCCAGATTTTTGGCTCCGGTGAATATGCGATGCGCGTCTGGCTGGATCCCAATAAGGTCGCTGCCCGCGGTCTGACGGCCTCGGATGTGGTGACGGCGATGCAGGAGCAAAACGTCCAGGTGTCTGCCGGACAGCTTGGCGCCGAGCCGCTGCCGCAGGAGAGCGATTTCCTGATCTCCATTAACGCCCAGGGCCGTCTGCATACCGAAGAAGAGTTTGGCAATATCATTCTGAAAACGGCGCAGGATGGCTCGCTGGTCCGCCTGCGCGACGTGGCGCGCATCGAGATGGGTTCCGGTAGCTATGCGCTGCGCTCCCAGCTCAACAATAAGGATGCGGTCGGGATCGGTATCTTCCAGTCACCCGGCGCTAACGCCATCGATCTGTCGAACGCGGTACGCGCCAAAATGGCCGAGCTGGCCACCCGCTTCCCGGAAGATATGCAATGGGCGGCGCCGTACGACCCGACGGTTTTCGTCCGCGACTCCATCCGCGCGGTGGTGCAGACGCTGCTGGAGGCGGTAGTGCTGGTGGTGCTGGTAGTGATCCTGTTCCTGCAGACCTGGCGCGCGTCGATTATCCCGTTGATCGCTGTGCCGGTATCGGTGGTGGGTACCTTCAGCATTCTCTATCTGCTGGGCTTCTCGCTGAATACCCTGAGCCTGTTCGGGCTGGTACTGGCTATCGGTATCGTGGTGGACGACGCCATCGTGGTGGTGGAGAACGTCGAGCGTAATATCGAAGAGGGGCTTGCGCCGCTTGCCGCGGCGCATCAGGCGATGCGTGAGGTCTCCGGGCCGATTATCGCCATTGCGCTGGTGCTGTGTGCGGTGTTCGTGCCGATGGCGTTTCTCTCCGGGGTCACCGGCCAGTTCTACAAACAGTTCGCGGTGACCATCGCCATCTCGACGGTGATCTCGGCCATCAACTCGCTGACGCTCTCCCCGGCGCTGGCGGCCCTGCTGTTAAAGCCGCACGGCGCGAAGAAAGACCTCCCTACCCGGCTGATCGATCGCCTGTTTGGCTGGATTTTCCGTCCGTTTAACCGCTTTTTCCTGCGCAGCTCGAACGGCTATCAGGGACTGGTAGGCAAAACGCTTGGACGCCGTGGCGCAGTGTTTGCGGTGTACCTGCTGCTGCTCTGCGCCGCTGGGGTGATGTTTAAAGTCGTCCCCGGCGGGTTTATTCCCACCCAGGATAAGCTGTATCTCATTGGCGGCGTGAAGATGCCGGAAGGGTCGTCGCTGGCGCGCACCGACGCGGTGATCCGCAAAATGAGCGAGATCGGGATGAATACCGAAGGGGTCGACTATGCGGTCGCTTTCCCGGGGCTTAACGCGCTGCAGTTCACCAACACGCCGAATACCGGGACGGTCTTTTTTGGCCTGAAACCGTTCGACCAGCGCAAACACACGGCGGCGGAAATTAACGCGGAGATCAACGCCAAAATCGCGCAAATCCAGCAGGGCTTTGGCTTTTCCATCCTGCCGCCGCCGATTTTAGGTCTGGGTCAGGGTTCCGGCTACTCCCTGTACATCCAGGATCGCGGAGGGCTGGGCTATGGCGCGCTGCAAAGCGCGGTGAATGCGATGTCCGGGGCGATTATGCAGACGCCGGGGATGCACTTCCCGATCTCGACTTACCAGGCTAACGTGCCGCAGCTGGACGTGCAGGTCGATCGCGATAAGGCGAAAGCGCAGGGGGTATCGCTAACCGATCTGTTCGGTACGCTGCAGACCTATCTCGGCTCGTCTTATGTCAATGACTTTAACCAGTTCGGGCGTACCTGGCGCGTGATGGCCCAGGCTGACGGACCATACCGCGAGAGCGTGGAAGATATCGCCAATCTGCGCACCCGCAATAATCAGGGCGAAATGGTACCGATCGGCAGTATGGTGAATATCAGTACCACCTACGGGCCGGATCCGGTGATCCGCTACAACGGTTATCCGGCGGCGGACCTGATTGGCGATGCCGATCCGCGGGTCCTCTCTTCTTCGCAGGCGATGACGCATCTGGAAGAGCTGTCGAAGCAGATCCTGCCGAATGGGATGAATATTGAGTGGACGGATCTCAGCTTCCAGCAGGCCACCCAGGGCAACACGGCGCTGATCGTCTTCCCGGTGGCGGTGCTGCTGGCATTCCTCGTACTGGCCGCGCTGTATGAAAGCTGGACCCTGCCGCTGGCGGTGATCCTTATCGTACCGATGACGATGCTCTCCGCGCTGTTTGGCGTCTGGCTGACCGGGGGCGATAACAACGTCTTCGTGCAGGTGGGTCTGGTGGTCCTGATGGGCCTGGCCTGTAAAAACGCCATTCTGATCGTCGAGTTTGCCCGCGAGCTGGAGATCCAGGGGAAAGGCATCATGGAAGCGGCGCTGGAGGCATGCCGCCTGCGTCTGCGCCCGATCGTGATGACCTCCATCGCCTTTATCGCCGGGACCATTCCGCTGATCCTCGGCCACGGCGCGGGGGCGGAAGTCCGCGGCGTCACCGGGATCACGGTGTTCTCCGGGATGCTGGGCGTGACGCTCTTCGGTCTGTTCCTGACGCCGGTGTTTTACGTGACGCTACGGAAACTGGTGACCCGCAGGAAGCCGGTCCAGGAGGATCTGCCCGCCTAG
resfindernewid_120,qnrE1_1_KY073238,ATGGCATTGATTTTTGAAGGCGAAAAAATAGGTCGTAACCGTTTTACCGGAGAGAAAATAGAGAATGCAATCTTTCGTAACTGCGACTTTTCCGGTACGGATTTAACCAGCTCGGAGTTTATCGGCTGTCAGTTCTATGACCGGGAAAGCCAGCAGGGCGGTAACTTTAATCGGGCGCAACTTAAAGATGCTATTTTCAAAAGCTGCGATTTATCGATGGCGGATTTCAGGCATTCAAATGCATTAGGCATCGAAATCCGTGAATGCAGGGCGCAAGGGGCCGATTTCCGCGGGGCCAGTTTTATGAACATGATCACCACCCGTACCTGGTTTTGCTGTGCTTACATCACAAAAAGCAACCTGAGCTATGCCAATTTTTCGAAGGTGGTTCTGGAAAAATGCGAGCTGTGGGAAAACCGCTGGAACGGCGCGCAGATACTTGGCGCCACCTTTAGCGGCTCGGATCTGTCTGGGGGCGAGTTCTCATCCTTTGACTGGCGAGCGGCCAATTTTACCCACTGCGATCTGACCAATTCAGAACTGGGTGATCTGGACGTGCGGGGTATTGATTTGCAGGGCGTCAAACTGGACAGCTATCAGGTTTCCCAGTTGATGGAGCGACTTGGCATCGCTGTTTTAGGCTAA
resfindernewid_121,crpP_1_HM560971,GTGTCAAAGAAAGCGACCGGTACCGACAAGCTGGACAGACGACACTTCAACGATCCCCACCGGACTGTACGGGCTATTGGTGCTGAGGCCGCGCGGAAAGGGCTACGGGTGTTCGACTGCCCCTACAGTCATCCTGCGATGCGGGCGTCCTGGTTGAAAGGGTTTGCCCAGGAGCAGCAACAGCAGCTCGATTTCTGA
