resfindernewid_1,dfrA19_1_EU855687,ATGAGTCACCCACAACTTGAGCTAATAGTCGCTGTGGATTCTAAGTTGGGATTCGGGAAAGGCGGCAAGATTCCATGGAAATGCAAAGAAGACATGGCGCGATTTACGCGGATTTCTAAAGAGATCCGCGTGTGCGTTATGGGGAAACACACGTATACTGACATGCGTGACATGCAGTTAGAAAAGGATGGCGCCGAGGAGCGAATCAAGGAGAAAGGAATTCTCCCCGAACGCGAATCGTTCGTGATCTCCTCGACGTTAAAACAAGAAGATGTCATAGGCGCTACTGTCGTTCCTGATCTTCGTGCTGTGATCAACCTGTATGAGAATACCGATCAACGCATTGCTGTCATTGGTGGGGAGAAGTTGTACATTCAAGCTCTTTCATCAGCAACGAAACTGCACATGACCATAATTCCAAGAGAGTTCGACTGTGATCGATTTATTCCTGTTGATCCGATCCAGAACAATTTTCACATTGATTCCAGTGCCAGCGAGACTGTGGAGGCAACCGTTGATGAGACTCAAGAGCGCATTCACTTTGCTACTTACGTGCGTAACAATCAGTAA
resfindernewid_2,dfrA27_1_FJ459817,GTGAAAATATCACTAATGGCTGCAAAAGCAAGAAATGGGGTTATTGGCTGCGGCTCGGATATCCCGTGGAACGCTAAAGGTGAGCAGCTGCTTTTTAAAGCAATAACTTACAATCAATGGCTCTTAGTCGGCCGTAAAACATTTGAGGCAATGGGGGCTCTCCCAAATAGAAAGTATGCAGTTGTCAGCCGCTCAGGATCGGTAGCTACTAACGATGATGTGGTTGTGTTTCCATCTATAGAAGCAGCAATGAGGGAGCTAAAGACTCTTACGAACCATGTTGTTGTTTCTGGTGGTGGAGAGATCTACAAGAGTCTGATCGCCCATGCCGACACGCTACATATCTCGACAATAGATTCCGAGCCAGAGGGCAATGTTTTCTTTCCGGAAATCCCCAAAGAGTTCAATGTGGTGTTCGAGCAGGAATTTCATTCAAATATAAATTATCGCTATCAAATCTGGCAAAGGGGTTAA
resfindernewid_3,dfrA31_1_AB200915,ATGAAAATATCCATTATGGCAGCAGTTTCTGAGAATGGAGTAATTGGCTCTGGATTGGATATACCTTGGCATGTACAAGGTGAGCAGCTCCTGTTCAAAGCTATGACTTACAATCATTGGCTTTTAGTCGGTCGTAAAACTTTCGACTCAATGGGTAAACTTCCCAATAGGAAATATGCTGTGGTTACTCGCTCAGAAATGGTCTCGAATGATCCAGATGTTATTTATTTCACCAGCATTGAATCGGCATTATCTTACTTAGACAATACGACAACACATGTCTTTGTTTCTGGTGGTGGTGAAATTTACAAAGCATTAATCGAACAAGCAGATGTTATCCATCTTTCAGTGATTCATAAGCACATCTCTGGCGACGTGTTTTTCCCTTCAGTTCCACAGAGTTTCAAACAAACATTTGAGCAAAGTTTCAGTTCAAATATTGATTACACGTACCAAATTTGGGCAAAGGGCTAA
resfindernewid_4,dfrA30_1_AM997279,GTGAAAGTATCATTAATGGCTGCAAGAGCGAGAAACGGAGTGATCGGTTGCGGTCCACACATACCCTGGTCCGCGAAAGGAGAGCAGCTACTCTTTAAAGCCCTGACGTACAACCAGTGGCTTTTGGTTGGCCGCAAGACGTTCGAATCAATGGGGGCGCTCCCCAACAGGAAATACGCGGTCGTTACTCGCTCAGCCTGGACGGCCAATAATGACAACGTAGTAGTATTCCCGTCGATCGAAGAGGCCATGGGCGGTCTAGCTAAACTCAACGGTCACGTTATAGTGTCTGGTGGCGGGGAGATTTACAGAGAAACGTTGCCCATGGCCTCTACGCTCCATGTATCGACGATCGACATTGAGCCAGAAGGGGATGTTTTCTTCCCGAATATTCCCAACTTCTTCGAAGTTGTTTTTGAGCAACATTTTAGTTCAAACATTAACTATTGCTATCAAATTTGGAAAAAGGGTTAA
resfindernewid_5,dfrK_1_FN377602,ATGAAAGTTTCTTTAATTGCTGCGATGGATAAGAACAGGGTAATAGGTAAAGAGAATGACATACCTTGGAGAATCCCAGAGGATTGGGAGTATGTTAAAAATACTACAAAGGGATATCCAATTATATTAGGAAGGAAGAATCTTGAATCAATCGGAAGAGCATTACCTGGAAGAAGGAATATTATTCTGACAAGAGATAAGGGGTTCAGCTTTAATGGTTGTGAAATCGTCCATTCAATAGAAGATGTTTTTGAGTTATGTAATAGCGAAGAGGAAATTTTCATTTTCGGGGGAGAACAAATTTATAATTTGTTTCTACCATATGTTGAGAAAATGTACATTACAAAAATTCATTACGAATTTGAAGGAGATACATTCTTTCCAGAAGTGAATTATGAAGAGTGGAACGAAGTATCTGTTACACAAGGAATAACAAATGAAAAAAATCCTTATACATATTATTTTCATATTTATGAGCGAAAAGCTTCTTGA
resfindernewid_6,dfrA23_1_AJ746361,ATGCCAACAGTTGAGATTATTGTTGCAGTTGATCCTGTTGGGGGATTTGGCCGGAATGGCCAAATCCCTTGGACGTGCAAGGAAGACATGAAGCGCTTCACCACCATATCCAAAGAGATTCGAGTGTGTGTGATGGGGAAGAACACATACAAAGACATGCTCGATATGCAAATGAAGAAGGAAGGCGCTGAAGAACGAATCAAAGAGAAGGGAATTCTTCCGGAGCGCGAATCTTACGTCGTGTCCTCGACTTTGAAGCCCGAGGACGTCATTGGAGCCACGGTAGTTCCGGACCTACGTGCGGTGCTCAATCAATATCACGACAGCGATCAACGAATAGCTGTCATTGGTGGAGAAAAGCTGTACGTGCAAGCCCTCGCATCTGCCACAAAAGTCCACATGACGGTAATGCACAAGCCATATAACTGCGATCGGACGTTGCCGATGTCATACATCGACAAAAAGTTTGTTGCAGGTCAAGGGTCTATCACCATTCAAACTGCGGTAGATGGTGAGACCCATCCCGTGAAGTTCATCACATATGAGCGCGCTCGGCCGTAA
resfindernewid_7,dfrA17_1_FJ460238,TTGAAAATATCATTGATTTCTGCAGTGTCAGAAAATGGCGTAATCGGTAGTGGTCCTGATATCCCGTGGTCAGTAAAAGGTGAGCAACTACTCTTTAAAGCGCTCACATATAATCAATGGCTCCTTGTCGGAAGAAAAACATTTGACTCTATGGGTGTTCTTCCAAATCGCAAATATGCAGTAGTGTCAAAGAACGGAATTTCAAGCTCAAATGAAAACGTCCTAGTTTTTCCTTCAATAGAAAATGCTTTGAAAGAGCTATCAAAAGTTACAGATCATGTATATGTCTCTGGCGGGGGTCAAATCTATAATAGCCTTATTGAAAAAGCAGATATAATTCATTTGTCTACTGTTCACGTTGAAGTCGAAGGTGATATCAAATTCCCTATAATGCCTGAGAATTTCAATTTGGTTTTTGAACAGTTTTTTATGTCTAATATAAATTATACATACCAGATTTGGAAAAAAGGCTAA
resfindernewid_8,dfrB2_1_J01773,ATGGGTCAAAGTAGCGATGAAGCCAACGCTCCCGTTGCAGGGCAGTTTGCGCTTCCCCTGAGTGCCACCTTTGGCTTAGGGGATCGCGTACGCAAGAAATCTGGTGCCGCTTGGCAGGGTCAAGTCGTCGGTTGGTATTGCACAAAACTCACTCCTGAAGGCTATGCGGTCGAGTCCGAATCCCACCCAGGCTCAGTGCAAATTTATCCTGTGGCTGCACTTGAACGTGTGGCCTAA
resfindernewid_9,dfrA14_5_DQ388123,ATGAGAACCTTGAAAGTATCATTGATAGCTGCGAAAGCGAAAAACGGCGTGATTGGTTGCGGTCCAGACATATCCTGGTCCGCGAAAGGGGAGCAGCTACTTTTTAAAGCATTGACCTACAATCAGTGGCTTCTGGTGGGTCGCAAGACGTTTGAATCTATGGGCGCACTCCCCAATAGGAAATACGCGGTCGTTACCCGCTCAGGTTGGACATCAAATGATGACAATGTAGTTGTATTTCAGTCAATCGAAGAGGCCATGGACAGGCTAGCTGAATTCACCGGTCACGTTATAGTGTCTGGTGGCGGAGAAATTTACCGAGAAACATTACCCATGGCCTCTACGCTCCACTTATCGACGATCGACATCGAGCCAGAGGGGGATGTTTTCTTCCCGAGTATTCCAAATACCTTCGAAGTTGTTTTTGAGCAACACTTTACTTCAAACATTAACTATTGCTATCAAATTTGGAAAAAGGGTTAA
resfindernewid_10,dfrA25_1_DQ267940,ATGGCTGCAAGAGCGAAAAATGGCGTAATCGGTTGCGGTCCTGACATTCCTTGGTCTGCCAAAGGGGAACAGCTTCTTTTCAAAGCACTGACCTATAACCAATGGCTTTTGGTAGGGCGCAAAACATTTGAGTCTATGGGGCCGCTGCCCAATAGGAAATACGCGGTTGTTACCCGCTCAAACTGGACAGCGGCTAATGAAAACGTAGTGGTTTTCCCGTCGATTGACGAAGCGATGGGTAGATTAGGCGAGATCACTGACCATGTCATCGTCGCCGGTGGTGGAGAAATCTACCATGAAACGATACCCATGGCCTCTACTCTGCATGTGTCGACAATCGACGTTGAGCCAGAGGGAGACGTTTTCTTTCCGAACATTCCTGGGAAGTTTGATGTCGTTTTTGAGCAACAATTTACATCAAACATTAACTATTGCTATCAAATCTGGCAAAAGGGTTAA
resfindernewid_11,dfrA10_1_L06418,ATGAATATATCACTTATCTTTGCCAATGAATTAATTACCAGAGCATTCGGTAATCAAGGCAAATTACCTTGGCAATTCATTAAAGAAGATATGCAGTTCTTCCAGAAGACTACAGAAAATTCTGTAGTCGTTATGGGATTAAATACATGGAGATCTCTACCTAAGATGAAGAAGCTTGGTAGAGACTTCATTGTCATATCTTCAACTATCACAGAGCACGAAGTGCTCAACAATAATATCCAAATATTCAAATCATTTGAGAGCTTCTTAGAAGCATTCAGAGACACAACCAAACCAATCAATGTCATTGGTGGTGTTGGTTTATTATCTGAAGCGATAGAACATGCTAGCACTGTTTACATGAGTTCTATTCATATGGTTAAACCTGTTCATGCTGATGTGTATGTACCGGTAGAACTAATGAATAAACTCTATAGTGATTTCAAATATCCAGAAAATATTCTATGGGTAGGTGATCCAATAGATTCTGTGTATAGCTTGTCTATTGATAAGTTTGTTAGACCAGCTTCGCTGGTTGGGGTGCCAAATGATATTAATACGTGA
resfindernewid_12,dfrK_2_FN677369,ATGAAAGTTTCTTTAATTGCTGCGATGGATAAGAATAGGGTATTAGGTAAAGAGAATGACATACCTTGGAGAATCCCAAAGGATTGGGAGTATGTTAAAAATACTACAAAGGGATATCCAATTATATTAGGAAGGAAGAATCTTGAATCAATCGGAAGAGCATTACCTGGAAGAAGAAATATTATTCTGACAAGAGATAAGGGTTTCAGCTTTAATGGTTGTGAAATTGTCCATTCAATAGAAGATGTTTTTGAGATATGTAATAACGAAGAGGAAATTTTCATTTTCGGGGGAGAACAAATTTATAATTTGTTTCTACCATATGTTGAGAAAATGTACATTACAAAAATTCATTACGAATTTGAAGGAGATACATTCTTTCCAGAAGTGAATTATGAAGAGTGGAGCGAAGTATCTGTTACACAAGGAATAACAGATGAAAAAAATCCTTATACATACTATTTTCATATTTATGAACGAAAAGCTTATTGA
resfindernewid_13,dfrB1_1_U36276,ATGGAACGAAGTAGCAATGAAGTCAGTAATCCAGTTGCTGGCAATTTTGTATTCCCATCGAACGCCACGTTTGGTATGGGAGATCGCGTGCGCAAGAAATCCGGCGCCGCCTGGCAAGGTCAGATTGTCGGGTGGTACTGCACAAATTTGACCCCCGAAGGCTACGCCGTCGAGTCTGAGGCTCACCCAGGCTCAGTACAGATTTATCCTGTTGCGGCGCTTGAACGCATCAACTGA
resfindernewid_14,dfrK_3_FN812951,ATGAAAGTTTCTTTAATTGCTGCGATGGATAAGAATAGGGTATTAGGTAAAGAGAATGACATACCTTGGAGAATCCCAAAGGATTGGGAGTATGTTAAAAATACTACAAAGGGATATCCAATTATATTAGGAAGGAAGAATCTTGAATCAATCGGAAGAGCATTACCTGGAAGAAGAAATATTATTCTGACAAGAGATAAGGGTTTCAGCTTTAATGGTTGTGAAATTGTCCATTCAATAGAAGATGTTTTTGAGATATGTAATAACGAAGAGGAAATTTTCATTTTCGGGGGAGAACAAATTTATAATTTGTTTCTACCATATGTTGAGAAAATGTACATTACAAAAATTCATTACGAATTTGAAGGAGATACATTCTTTCCAGAAGTGAATTATGAAGAGTGGAGCGAAGTATCTGTTACACAAGGAATAACAGATGAAAAAAATCCTTATACATACTATTTTCATATTTATGAGCGAAAAGCTTCTTGA
resfindernewid_15,dfrB4_1_AJ429132,ATGAATGAAGGAAAAAATGAGGTCAGTACTTCAGCTGCTGGCCGGTTCGCATTCCCATCAAACGCCACGTTTGCCTTGGGGGATCGCGTACGCAAGAAGTCTGGCGCTGCTTGGCAGGGGCGCATTGTCGGGTGGTACTGCACAACACTTACCCCTGAAGGCTACGCCGTCGAGTCCGAATCTCACCCAGGCTCAGTCCAGATTTATCCCATGACTGCGCTTGAACGGGTGGCCTGA
resfindernewid_16,dfrB3_2_FM877478,ATGGACCAACACAACAATGGAGTCAGTACTCTAGTTGCTGGCCAGTTTGCGCTCCCATCGCACGCCACGTTTGGCCTGGGAGATCGCGTGCGCAAGAAATCTGGCGCCGCTTGGCAGGGTCAAGTTGTCGGGTGGTACTGCACAAAACTGACCCCTGAAGGCTATGCCGTCGAGTCCGAGTCTCACCCCGGTTCAGTACAGATTTACCCTGTGGCTGCGCTTGAACGCGTGGCCTGA
resfindernewid_17,dfrA28_2_FM877476,GTGAAAATATCACTAATGGCTGCAAAAGCAAGAAATGGGGTTATTGGCTGCGGCTCTGATATCCCTTGGAACGCTAAAGGCGAGCAGCTGCTTTTTAAAGCAATAACTTACAATCAGTGGCTTTTAGTCGGCCGCAAAACATTTGAGGCAATGGGGGCTCTCCCAAATAGAAAGTATGCAGTTGTCAGCCGCTCAGGATCGGTAGCTACTAACGATGATATGGTTGTGTTTCCATCTATAGAAGCAGCAATGGGTAAGCTAAAGACTCTTACGAACCATGTTGTTGTTTCTGGTGGTGGAGAGATCTATAAGAGTCTGATCGCCCATGCCGACACGCTACATATTTCGACAATAGATTCCGAGCCAGAGGGCAATGTTTTCTTTCCGGAAATCCCCAAAGATTTCAATGTGGTGTTCGAGCAGGAATTTCATTCAAATATAAATTATCGATATCAAATCTGGCAAAGGGGTTAA
resfindernewid_18,dfrA21_1_AY552589,ATGAACCCGGAATCGGTCCGCATTTATCTGGTCGCTGCCATGGGTGCCAATCGGGTTATTGGCAATGGTCCCGATATCCCCTGGAAAATCCCAGGTGAGCAGAAGATTTTTCGCAGGCTCACCGAGAGCAAAGTGGTCGTTATGGGCCGCAAGACATTTGAGTCCATAGGCAAGCCCTTACCAAACCGCCACACAGTGGTGCTCTCGCGCCAAGCTCGTTATAGCGCTCCTGGTTGTGCAGTTGTTTCAACGCTGTCACAGGCTATCGCCATCGCAGCCGAACACGGCAAAGAACTCTACGTAGCCGGCGGAGCCGAGGTATATGCGCTGGCGCTACCGCATGCCAACGGCGTCTTTCTATCTGAGGTACATCAAACCTTTGAGGGTGACGCCTTCTTCCCAGTGCTTAACGCAGCAGAATTCGAGGTTGTCTCATCCGAAACCATTCAAGGCACAATCACGTACACGCACTCCGTCTATGCGCGTCGTAACGGCTAA
resfindernewid_19,dfrA26_1_AM403715,ATGGCTGATGAAGAATACGACCCGCTACTCGATGACGACATGGAAGATGCCAAAGTCGCCGTCATTGCTGCCCGTGCGCAAAACGGTTGCATTGGTCGCCACGGCAAGCTGCCGTGGAAGCTGCCCGGTGACCTGAAATACTTCCGTGAGCGCACCTGGGGCAAGCCCATCATCATGGGGCGCAAAACCTGGGAATCACTCAATGGTGCCTTGCCGGGGCGCACCAACATCGTGGTAACGCGTCAACAAGGTTATGAAGCCGAAGGTGCTCGCGTGGTCGATAGCATCGAAGAAGCCATTAGCTTGGCACAGTCTATCGCCTTAATCGAAGCCGTTGATGAAATCATGGTGCTGGGCGGCGGCGAAATCTATACCCAAGCCTTACCGCAAGCCGACATTCTCTATCTCACCGAAGTACACGCCTCGGTCGACGGCGATGCCTTCTTCCCCGACGTGGACCTCAGCCAATATCAAGAAACCCAACGCCAGGACTTCGAGCCATCGGGCGGCAACCCTTACCCGTTTAGCTTTGTGGTCTATCAGCGGACGTAG
resfindernewid_20,dfrA15_4_AJ867237,GTGAAACTATCACTAATGGCAGCAATTTCGAAGAATGGAGTTATCGGAAATGGCCCAGATATTCCATGGAGTGCCAAAGGGGAACAATTACTCTTCAAAGCGATTACCTATAATCAGTGGCTTTTGGTAGGCCGAAAGACTTTCGAGTCAATGGGGGCTTTACCCAACCGAAAATATGCCGTTGTAACTCGTTCAAGCTTCACTTCCAGTGATGAGAATGTATTGGTATTTCCATCTATCGATGAAGCGCTAAATCATCTGAAGACGATAACGGATCATGTGATTGTGTCTGGTGGTGGTGAAATATACAAAAGCCTGATCGATAAAGCTGATACTTTACATATTTCAACAATCGACATTGAGCCAGAAGGTGATGTCTATTTTCCAGAAATCCCCGGTAGTTTTAGGCCAGTTTTTAGCAAAGACTTCGTGTCCAACATAAATTATAGTTACCAAATCTGGCAAAAGGGTTAA
resfindernewid_21,dfrA13_1_Z50802,ATGAACCCGGAATCGGTCCGCATTTATCTGGTCGCTGCCATGGGTGCCAATCGGGTTATTGGCAATGGTCCCGATATCCCCTGGAAAATCCCAGGTGAGCAGAAGATTTTTCGCAGGCTCACCGAGAGCAAAGTGGTCGTTATGGGCCGCAAGACATTTGAGTCCATAGGCAAGCCCTTACCAAACCGCCACACAGTGGTGCTCTCGCGCCAAGCTGGTTATAGCGCTCCTGGTTGTGCAGTTGTTTCAACGCTGTCACACGTATCGCCATCGACAGCCGAACACGGCAAAGAACTCTACGTAGCGCGCGGAGCCGAGGTATATGCGCTGGCGCTACCGCATGCCAACGGCGTCTTTCTATCTGAGGTACATCAAACCTTTGAGGGTGACGCCTTCTTCCCAGTGCTTAACGCAGCAGAATTCGAGGTTGTCTCATCCGAAACCATTCAAGGCACAATCACGTACACGCACTCCGTCTATGCGCGTCGTAACGGCTAA
resfindernewid_22,dfrG_1_AB205645,ATGAAAGTTTCTTTGATTGCTGCGATGGATAAGAATAGAGTGATTGGCAAAGAGAATGACATTCCTTGGAGGATTCCCAAGGACTGGGAATATGTTAAAAATACTACAAAGGGACATCCGATAATATTAGGTAGGAAGAACCTTGAATCAATCGGAAGAGCCTTACCTGACAGAAGAAATATTATTCTGACGAGAGATAAGGGGTTTACCTTTAATGGTTGTGAAATTGTTCATTCAATAGAAGATGTTTTTGAGTTATGTAAAAACGAAGAAGAAATTTTTATTTTCGGAGGAGAACAGATTTATAATTTGTTTTTCCCTTATGTTGAGAAAATGTACATCACAAAAATACATCATGAATTCGAAGGAGATACTTTTTTTCCAGAAGTGAATTATGAGGAATGGAATGAGGTATTTGCCCAAAAAGGGATAAAGAATGATAAAAATCCGTATAACTACTATTTTCATGTATATGAAAGAAAAAACTTATTGAGTTAA
resfindernewid_23,dfrA6_1_Z86002,ATGAAAATATCTCTTATGGCAGCTGTTTCCGAGAATGGAGTAATTGGCTCTGGATTGGATATACCTTGGCATGTACAAGGCGAGCAGCTCCTATTCAAAGCCATGACTTACAATCAATGGCTTCTAGTTGGTCGTAAAACCTTCGACTCAATGGGTAAACTTCCGAATAGAAAATATGCAGTGGTTACTCGTTCTAAAATTATCTCGAATGACCCTGATGTTGTGTATTTCGCAAGTGTTGAATCGGCATTAGCTTACCTAAACAATGCGACAGCACATATCTTTGTTTCTGGTGGTGGTGAAATATATAAAGCTTTAATCGATCAAGCAGATGTTATCCATCTTTCAGTGATTCACAAGCATATCTCTGGCGATGTGTTTTTTCCTCCAGTTCCACAGGGCTTCAAGCAAACATTTGAGCAAAGTTTCAGTTCAAATATTGATTACACGTACCAAATTTGGGCAAAGGGCTAA
resfindernewid_24,dfrA20_1_AJ605332,ATGGGTATTAAATATAGCTTAATTGTTGCAATTGGGAAACACCGAGAAATGGGTGCTGACAATGATTTGCTTTGGCACTTACCAAGAGATATGCAATTTTTTAAGGAAACGACAACGGGTCACGCTGTTGTAATGGGAAGAAAAAGTTGGGAATCTATTCCTCAGAAGTACAGACCGCTTCCAAATCGTTTAAACTTCGTTTTAACACGAGATAAAAACTATAGTGCAGAAGGTGCAACAGTGATTTATGATTTAAAAGAAGTCGCACAACATCTTGAAGGAAAAAACTTAACATGCTTCATTATTGGTGGTGCTCAAATCTACCAACTGGCCTTAGAAACAGGACTTTTAAATGAAATGTATGTCACACAAGTACATAACACATTTGAAGAAGCTGACACCTTTTTCCCTTTTGTAAATTGGGGAGAATGGGAAGAAGAAGATATTTTAGAACAAGATAAAGATGAAAAACATCTTTATTCATTTAATATAAAGAAATTTACGCGTTAA
resfindernewid_25,dfrA3_1_J03306,ATGTTGATTTCTTTGATTGCAGCTTTGGCTCATAACAACTTGATTGGCAAAGATAATCTTATTCCATGGCATCTACCTGCCGATCTGCGTCATTTCAAAGCTGTCACCCTGGGGAAACCTGTGGTGATGGGACGTCGCACCTTTGAGTCGATCGGGCGGCCATTGCCAGGACGGCGCAATGTTGTCGTTAGTCGCAATCCCCAATGGCAGGCCGAAGGGGTGGAGGTGGCTCCCTCGCTGGATGCGGCTCTGGCGCTATTAACCGACTGTGAGGAAGCGATGATCATCGGTGGCGGGCAACTCTATGCCGAGGCTCTGCCCCGAGCGGATCGCTTGTATCTAACCTACATTGACGCTCAGTTGAACGGTGATACCCATTTCCCGGATTACCTATCGCTTGGGTGGCAGGAGTTGGAGCGGTCAACGCATCCTGCTGACGATAAGAACAGCTATGCCTGCGAATTTGTTACCTTGAGTCGTCAGCGCTGA
resfindernewid_26,dfrA5_1_X12868,GTGAAAGTATCATTAATGGCTGCAAAAGCGAAAAACGGAGTGATTGGTTGCGGTCCACACATACCCTGGTCCGCGAAAGGAGAGCAGCTACTCTTTAAAGCCTTGACGTACAACCAGTGGCTTTTGGTGGGCCGCAAGACGTTCGAATCTATGGGAGCACTCCCTAATAGGAAATACGCGGTCGTTACTCGCTCAGCCTGGACGGCCGATAATGACAACGTAATAGTATTCCCGTCGATCGAAGAGGCCATGTACGGGCTGGCTGAACTCACCGATCACGTTATAGTGTCTGGTGGCGGGGAGATTTACAGAGAAACATTGCCCATGGCCTCTACGCTCCATATATCGACGATTGATATTGAGCCGGAAGGAGATGTTTTCTTTCCGAATATTCCCAATACCTTCGAAGTTGTTTTTGAGCAACACTTTAGCTCAAACATTAACTATTGCTATCAAATTTGGCAAAAGGGTTAA
resfindernewid_27,dfrA8_1_U10186,ATGATCGAGCTTCATGCCATTTTAGCTGCCACCGCCAATGGTTGCATTGGGAAGGACAACGCACTTCCCTGGCCACCACTAAAAGGCGATCTGGCCAGATTCAAAAAATTGACCATGGGGAAGGTGGTCATTATGGGGCGCAAGACCTATGAGAGCTTGCCCGTCAAATTAGAAGGTCGCACCTGCATCGTTATGACGCGCCAAGCGCTGGAGCTTCCGGGTGTTCGTGACGCTAACGGCGCTATCTTCGTGAACAACGTCAGCGACGCCATGCGGTTCGCTCAAGAAGAGAGCGTGGGCGATGTGGCCTACGTCATTGGTGGCGCTGAGATATTCAAGCGACTTGCCTTGATGATCACGCAGATTGAATTGACCTTTGTTAAGCGACTGTACGAAGGCGACACCTACGTTGATCTGGCCGAAATGGTCAAAGACTACGAGCAGAATGGCATGGAAGAACATGACCTTCACACTTACTTCACTTACCGTAAAAAGGAGCTTACAGAATGA
resfindernewid_28,dfrA9_1_X57730,ATGGCTTCTCTAAACATGATTGTCGCTGTCAATAAGACAGGAGGTATCGGATTTGAAAATCAGATTCCGTGGCATGAACCAGAAGATTTAAAACACTTCAAAGCTGTTACAATGAACTCAGTTTTGATTATGGGTAGAAAAACTTTTGCCTCACTGCCTAAAGTGCTGCCCGGACGACTTCATGTGGTAGTCAGTAAAACAGTACCACCCACCCAGAACACTGATCAAGTTGTGTATGTAAGTACATACCAGATCGCAGTAAGAACTGCAAGCTTGTTGGTTGACAAACCAGAGTATTCTCAAATTTTTGTAATTGGTGGGAAGAGTGCGTACGAGAACTTAGCTGCCTACGTGGACAAACTCTACTTAACTAGAGTACAGCTCAACACACAACAAGACACTGAACTGGATTTATCCCTATTCAAGTCATGGAAACTCGTATCTGAGGTCCCGACCATTACTGAAAACAAAACAAAACTTATTTTCCAAATTTGGATTAACCCTAACCCTATTAGTGAGGAACCCACATGTTAG
resfindernewid_29,dfrA14_2_Z50805,TTGAAAGTATCATTGATAGCTGCGAAAGCGAAAAACGGCGTGATTGGTTGCGGTCCAGACATACCGTGGTCCGCGAAAGGGGAGCAGCTACTTTTTAAAGCATTGACCTACAATCAGTGTCTTCTGGTGGGTCGCAAGACGTTTGAATCTATGGGCGCACTCCCCAATAGGAAATACGCGGTCGTTACCCGCTCAGGTTGGACATCAAATGATGACAATGTAGTTGTATTTCAGTCAATCGAAGAGGCCATGGACAGGCTAGCTGAATTCACCGGTCACGTTATAGTGTCTGGTGGCGGAGAAATTTACCGAGAAACATTACCCATGGCCTCTACGCTCCACTTATCGACGATCGACATCGAGCCAGAGGGGGATGTTTTCTTCCCGAGTATTCCAAATACCTTCGAAGTTGTTTTTGAGCAACACTTTACTTCAAACATTAACTATTGCTATCAAATTTGGAAAAAGGGTTAA
resfindernewid_30,dfrA16_1_AF077008,GTGAAGTTATCACTAATGGCTGCCAAGTCGAAGAACGGTATTATCGGTAATGGACCAGATATTCCATGGAGCGCCAAAGGGCAGCAACTTCTATTTAGGGCAATTATATATAATCAATGGCTTTTAGTTGGACGCAAAACTTTTGAGTCAATGGGCGCTCTCCCAAATCGAAAGTATGCAGTTGTAACTCGCTCTAATTTTTCTACGAATGATGAGGGTGTAATGGTTTTCTCCTCAATTCAGGATGCCTTAATAAATTTAGAGGAAATCACGGATCATGTTATCGTTTCTGGTGGTGGTGAAATATACAAAAGCTTGATTTCCAAAGTAGATACTTTGCATATTTCAACAGTCGACATCGAGCGAGATGGAGACATAGTTTTTCCTGAAATCCCAGATACATTCAAGTTGGTATTTGAGCAAGATTTCGAGTCTAACATTAACTATTGTTATCAAATCTGGCAAAAGAGTTAA
resfindernewid_31,dfrA18_1_AJ310778,ATGAGTCACCCACAACTTGAGCTAATAGTCGCTGTGGATTCTAAGTTGGGATTCGGGAAAGGCGGCAAGATTCCATGGAAATGCAAAGAAGACATGGCGCGATTTACGCGGATTTCTAAAGAGATCCGCGTGTGCGTTATAGGGAAACACACGTATACTGACATGCGTGACATGCAGTTAGAAAAGGATGGCGCCGAGGAGCGAATCAAGGAGAAAGGAATTCTCCCCGAACGCGAATCGTTCGTGATCTCCTCGACGTTAAAACAAGAAGATGTCATAGGCGCTACTGTCGTTCCTGATCTTCGTGCTGTGATCAACCTGTATGAGAATACCGATCAACGCATTGCTGTCATTGGTGGGGAGAAGTTGTACATTCAAGCTCTTTCATCAGCAACGAAACTGCACATGACCATAATTCCAAGAGAGTTCGACTGTGATCGATTTATTCCTGTTGATCCGATCCAGAACAATTTTCACATTGATTCCAGTGCCAGCGAGACTGTGGAGGCAACCGTTGATGAGACTCAAGAGCGCATTCACTTTGCTACTTACGTGCGTAACAATCAGTAA
resfindernewid_32,dfrA24_1_AJ972619,ATGACCTATCAGTTGGACGTGAGCAAAATTCTGTCGTTTGACCTGGAGGCCATCGTTGCTGCTACTGAGAACGGCGGCATCGGTTACAAAGGTGACCTCCCATGGCGTCTACAAGGCGATCTGAAGCGTTTTCGCGAAATCACCCAAGGCGGTATAGTCATCATGGGTGCAGGCACGTATAAGAGCCTCCCAAGTCCTCTGAAAGACCGCATCAATATCGTCATCACCAAGAAGTCAGAGATTTCTTGGACGGCTTGCTATGACGTGCGTGTGGTCAACAGTCCAGAAGACGCTTTGCGCATGGTTGGTCGCATTATCGACGAGAAAGAAGAGCAAGGTCGTGATCGACCTCGTGTATTCGTTATCGGCGGGGCTTCGATCTATCAGGCACTGATGCCTTTCGTTTCTACGCTCCACTGGACTGAGGTGCATGTTGAACAACTGCCAGAGGAAATCGGTCTCGATACGTATATCGAAGACTTCCTTTCTCTGCGTGGGACTTCTACACCGAAGAGAAAGTCGAATCTGGTTTTACCACCCACACCTACCACACCCTGA
resfindernewid_33,dfrA32_1_GU067642,TTGAAAATTTCATTGATTTCTGCAGTGTCAGAAAATGGCGTAATCGGTAGTGGTCCTGATATTCCGTGGTCAGCAAAAGGTGAGCAGCTAATCTTTAAGGCGCTCACATACAATCAGTGGCTTCTTGTTGGAAGGAAAACATTTGACTCTATGGGAGTTCTTCCAAATCGCAAATATGCAGTAGTGTCAAAGAATGGAATTTCAGGGTCAAATGAAAACGTCTTGGTTTTTCCTTCAATAGAAAATGCTTTGCAAGAACTATCTAAAATTACAGATCATGTATATATTTCGGGTGGGGGGCAAATCTATGAAAGCCTTATTGAAAAAGCAGATATAATTCATCTATCTACTATTCATGTTGAGGTTGAAGGTGATATTAAATTCCCTATATTACCTGAAGGTTTCAACTTGGTTTTTGAACAGTTTTTTGTGTCTAATATAAATTATACATATCAAATTTGGAAAAAAGGCTAA
resfindernewid_34,dfrA33_1_FM957884,ATGAACCCGGAATCGGTCCGCATTTATCTGGTCGCTGCCATGGGTGCCAATCGGGTTATTGGCAATGGCCCTGATATCCCTTGGAATATCCCTGGTGAGCAAAAGATTTTTCGCAGGCTCACCGAGGGCAAAGTGGTCGTTATGGGCCGCAAGACGTTTGAGTCCATAGGCAAGCCCTTACCAAACCGTCGCACAGTGGTGCTCTCGCGCCAAGCTAGTTATAGCGCTGCTGGTTGTGCAGTTGTTTCAACGCTGTCGCAGGCTATTGCCATCGCAGCCGAACACGGCAAGGAACTCTACGTGGCCGGCGGAGCCGAGGTATATGCACTGGCACTACCTCGTGCCGATGGCGTCTTTCTATCTGAGGTACATCAAACCTTCGAGGGTGACGCCTTCTTCCCAGCGCTCGACGCAGCAGAATTCGACGTTGTCTCAGCCGAAACCGTTCAAGCCACAATCACGTACACGCACTCCGTCTATGCACGTCGTAACGGCTAA
resfindernewid_35,dfrB3_1_X72585,ATGGACCAACACAACAATGGAGTCAGTACTCTAGTTGCTGGCCAGTTTGCGCTCCCATCGCACGCCACGTTTGGCCTGGGAGATCGCGTGCGCAAGAAATCTGGCGCCGCTTGGCAGGGTCAAGTTGTCGGGTGGTACTGCACAAAACTGACCCCTGAAGGCTATGCCGTCGAGTCCGAGTCTCACCCCGGTTCAGTACAGATTTATCCTGTGGCTGCGCTTGAACGCGTGGCCTGA
resfindernewid_36,dfrB5_1_AY943084,ATGGACCAAGGCAGAAGTGAAGTCAGTAATCCAGTTGCTGGCCAGTTTGCGTTCCCTTCAAACGCCGCGTTCGGAATGGGAGATCGCGTGCGCAAGAAATCTGGCGCCGCTTGGCAAGGCCAGATTGTCGGGTGGTACTGCACAAAATTGACCCCTGAAGGGTACGCTGTCGAGTCTGAGGCTCACCCTGGCTCGGTACAGATTTATCCTGTTGCGGCACTGGAACGCATCAACTGA
resfindernewid_37,dfrB6_1_DQ274503,ATGGACCAAGGTAGCAATGAAGTCATTAATCCAGTCGCTGGCCAGTTTGCGTCCCCATCGAACGCCACGTTTGGTATGGGAGATCGCGTGCGCAAGAAATCTGGCGCCGCCTGGCAAGGTCAGATTGTCGGGTGGTACAGCACAAAGTTGACCCCTGAAGGCTACGCTGTCGAGTCTGAGGCTCACCCTGGCTCGGTGCAGATTTATCCTGTTGCCGCGCTTGAACGCGTCAACTGA
resfindernewid_38,dfrB7_1_DQ993182,ATGGATCAAAGTAGTAAGGAAGTCAGTTCTCCAGCTACTGACCAGTTTGCGCTCCCATTCCGCGCCACGTTTGGCCTGGGAGATCGCGTACGCAAGAAATCTGGCGCCGCTTGGCAGGGTCAAGTTGTCGGCTGGTACAGCACAAAACTAACCCCAGAAGGCTATGCCGTCGAGTCCGAGTCTCATCCGGGCTCTGTACAAATCTATCCTGTTGCCGCGCTTGAACGCGTGGCCTAA
resfindernewid_39,dfrB8_1_GU295656,ATGGACCAAGGTAGCAATGAAGTCGGTAATCCAGTTGCGGGCCAGTTTTCGTTCCCATCGAACGCCGCGTTTAGTATGGGAGATCGCGTGCGCAAGAAATCGGGCGCCGCTTGGCAAGGTCAGATTGTCGGGTGGTACTGCACAAAGTTGACCCCTGAAGGCTACGCTGTCGAGTCTGAGGCTCACCCTGGCTCGGTACAGATTTATCCTGTTGCGGCGCTTGAACGCATCAACGGAGTTCAAGGTTGA
resfindernewid_40,dfrA1_1_FJ591049,GTGAAACTATCACTAATGGTAGCTATATCGAAGAATGGAGTTATCGGGAATGGCCCTGATATTCCATGGAGTGCCAAAGGTGAACAGCTCCTGTTTAAAGCTATTACCTATAACCAATGGCTGTTGGTTGGACGCAAGACTTTTGAATCAATGGGAGCATTACCCAACCGAAAGTATGCGGTCGCAACACGTTCAAGTTTTACATCTGACAATGAGAACGTATTGATCTTTCCATCAATTAAAGATGCTTTAACCAACCTAAAGAAAATAACGGATCATGTCATTGTTTCAGGTGGTGGGGAGATATACAAAAGCCTGATCGATCAAGTAGATACACTACATATATCTACAATAGACATCGAGCCGGAAGGTGATGTTTACTTTCCTGAAATCCCCAGCAATTTTAGGCCAGTTTTTACCCAAGACTTCGCCTCTAACATAAATTATAGTTACCAAATCTGGCAAAAGGGTTAA
resfindernewid_41,dfrA1_2_HM055363,GTGAAACTATCACTAATGGTAGCTATATCGAAGAATGGAGTTATCGGGAATGGCCCTGATATTCCATGGAGTGCCAAAGGTGAACAGCTCCTGCTTAAAGCTATTACCTATAACCAGTGGCTGTTGGTTGGACGCAAGACTTTTGAATCAATGGGAGCATTACCCAACCGAAAGTATGCGGTCGTAACACGTTCAAGTTTTACATCTGACAATGAGAACGTATTGATCTTTCCATCAATTAAAGATGCTTTAACCAACCTAAAGAAAATAACGGATCATGTCATTGTTTCAGGTGGTGGGGAGATATACAAAAGCCTGATCGATCAAGTAGATACACTACATATATCTACAATAGACATCGAGCCGGAAGGTGATGTTTACTTTCCTGAAATCCCCAGCAATTTTAGGCCAGTTTTTACCCAAGACTTCGCCTCTAACATAAATTATAGTTACCAAATCTGGCAAAAGGGTTAA
resfindernewid_42,dfrA1_3_GU726913,GTGAAACTATCACTAATGGTAGCTATATCGAAGAATGGAGTTATCGGGAATGGCCCTGATATTCCATGGAGTGCCAAAGGTGAACAGCTCCTGTTTAAAGCTATTACCTATAACCAATGGCTGTTGGTTGGACGCAAGACTTTTGAATCAATGGGAGCATTACCCAACCGAAAGTATGCGGTCGTAACACGTTCAAGTTTTACATCTGACAATGAGAACGTATTGATCTTTCCATCAATTAAAGATGCTTTAACCAACCTAAAGAAAATAACGGATCATGTCATTGTTTCAGGTGGTGGGGAGATATACAAAAGCCTGATCGATCAAGTAGATACACTACATATATCTACAATAGACATCGAGCCGGAAGGTGATGTTTACTTTCCTGAAATCCCCAGCAATTTTAGGCCAGTTTTTACCCAAGACTTCGCCTCTAACATAAATTATAGTTACCAAATCTGGAAAAAGGGTTAA
resfindernewid_43,dfrA1_4_AB188271,GTGAAACTATCACTAATGGTAGCTATATCGAAGAATGGAGTTATCGGGAATGGCCCTGATATTCCATGGAGTGCCAAAGGTGAACAGCTCCTGTTTAAAGCTATTACCTATAACCAATGGCTGTTGGTTGGACGCAAGACTTTTGAATCAATGGGAGCATTACCCAACCGAAAGTATGCGATCGTAACACGTTCAAGTTTTACATCTGACAATGAGAACGTATTGATCTTTCCATCAATTAAAGATGCTTTAACCAACCTAAAGAAAATAACGGATCATGTCATTGTTTCAGGTGGTGGGGAGATATACAAAAGCCTGATCGATCAAGTAGATACACTACATATATCTACAATAGACATCGAGCCGGAAGGTGATGTTTACTTTCCTGAAATCCCCAGCAATTTTAGGCCAGTTTTTACCCAAGACTTCGCCTCTAACATAAATTATAGTTACCAAATCTGGCAAAAGGGTTAA
resfindernewid_44,dfrA1_5_EU089668,GTGAAACTATCACTAATGGTAGCTATATCGAAGAATGGAGTTATCGGGAATGGCCCTGATATTCCATGGAGTGCCAAAGGTGAACAGCTCCTGTTTAAAGCTATTACCTATAACCAATGGCTGTTGGTTGGACGCAAGACTTTTGAATCAATGGGAGCATTACCCAACCGAAAGTATGCGGTCGTAACACGTTCAAGTTTTACATCTGACAATGAGAACGTAGTGATCTTTCCATCAATTAAAGATGCTTTAACCAACCTAAAGAAAATAACGGATCATGTCATTGTTTCAGGTGGTGGGGAGATATACAAAAGCCTGATCGATCAAGTAGATACACTACATATATCTACAATAGACATCGAGCCGGAAGGTGATGTTTACTTTCCTGAAATCCCCAGCAATTTTAGGCCAGTTTTTACCCAAGACTTCGCCTCTAACATAAATAATAGTTACCAATTCTGGCAAAAGGGTTAA
resfindernewid_45,dfrA1_6_FJ215857,GTGAAACTATCACTAATGGTAGCTATATCGAAGAATGGAGTTATCGGGAATGGCCCTGATATTCCATGGAGTGCCAAAGGTGAACAGCTCCTGTTTAAAGCTATTACCTATAACCAATGGCTGTTGGTTGGACGCAAGACTTTTGAATCAATGGGAGCATTACCCAACCGAAAGTATACGGTCGTAACACGTTCAAGTTTTACATCTGACAATGAGAACGTAGTGACCTTTCCATCAATTAAAGATGCTTTAACCAACCTAAAGAAAATAACGGATCATGTCATTGTTTCAGGTGGTGGGGAGATATACAAAAGCCTGATCGATCAAGTAGATACACTACATATATCTACAATAGACATCGAGCCGGAAGGTGATGTTTACTTTCCTGAAATCCCCAGCAATTTTAGGCCAGTTTTTACCCAAGACTTCGCCTCTAACATAAATTATAGTTACCAAATCTGGCAAAAGGGTTAA
resfindernewid_46,dfrA1_7_AJ400733,GTGAAACTATCACTAATGGTAGCTATATCGAAGAATGGAGTTATCGGGAATGGCCCTGATATTCCATGGAGTGCCAAAGGTGAACAGCTCCTGTTTAAAGCTATTACCTATAACCAATGGCTGTTGGTTGGACGCAAGACTTTTGAATCAATGGGAGCATTACCCAACCGAAAGTATGCGGTCGTAACACGTTCAAGCTTTACATCTGACAATGAGAACGTATTGATCTTTCCATCAATTAAAGATGCTTTACCCAACCGAAAGTATGCGGTCGTAACACGTTCAAGCTTTACATCTGACAATGAGAACGTATTGATCTTTCCATCAATTAAAGATGCTTTAACCAACCTAAAGAAAATAACGGATCATGTCATTGTTTCAGGTGGTGGGGAGATATACAAAAGCCTGATCGATCAAGTAGATACACTACATATATCTACAATAGACATCGAGCCGGAAGGTGATGTTTACTTTCCTGAAATCCCCAGCAATTTTAGGCCAGTTTTTACCCAAGACTTCGCCTCTAACATAAATTATAGTTACCAAATCTGGCAAAAGGGTTAA
resfindernewid_47,dfrA1_8_X00926,GTGAAACTATCACTAATGGTAGCTATATCGAAGAATGGAGTTATCGGGAATGGCCCTGATATTCCATGGAGTGCCAAAGGTGAACAGCTCCTGTTTAAAGCTATTACCTATAACCAATGGCTGTTGGTTGGACGCAAGACTTTTGAATCAATGGGAGCATTACCCAACCGAAAGTATGCGGTCGTAACACGTTCAAGTTTTACATCTGACAATGAGAACGTATTGATCTTTCCATCAATTAAAGATGCTTTAACCAACCTAAAGAAAATAACGGATCATGTCATTGTTTCAGGTGGTGGGGAGATATACAAAAGCCTGATCGATCAAGTAGATACACTACATATATCTACAATAGACATCGAGCCGGAAGGTGATGTTTACTTTCCTGAAATCCCCAGCAATTTTAGGCCAGTTTTTACCCAAGACTTCGCCTCTAACATAAATTATAGTTACCAAATCTGGCAAAAGGGTTAA
resfindernewid_48,dfrA1_9_AJ238350,GTGAAACTATCACTAATGGTAGCTATATCGAAGAATGGAGTTATCGGGAATGGCCCTGATATTCCATGGAGTGCCAAAGGTGAACAGCTCCTGTTTAAAGCTATTACCTATAACCAATGGCTGTTGGTTGGACGCAAGACTTTTGAATCAATGGGAGCATTACCCAACCGAAAGTATGCGGTCGTAACACGTCCAAGTTTTACATCTGACAATGAGAACGTAGTGATCTTTCCATCAATTAAAGATGCTTTAACCAACCTAAAGAAAATAACGGATCATGTCATTGTTTCAGGTGGTGGGGAGATATACAAAAGCCTGATCGATCAAGTAGATACACTACATATATCTACAATAGACATCGAGCCGGAAGGTGATGTTTACTTTCCTGAAATCCCCAGCAATTTTAGGCCAGTTTTTACCCAAGACTTCGCCTCTAACATAAATTATAGTTACCAAATCTGGCAAAAGGGTTAA
resfindernewid_49,dfrA1_10_AF203818,GTGAAACTATCACTAATGGTAGCTATATCGAAGAATGGAGTTATCGGGAATGGCCCTGATATTCCATGGAGTGCCAAAGGTGAACAGCTCCTGTTTAAGGCTATTACCTATAACCAATGGCTGTTGGTTGGACGCAAGACTTTTGAATCAATGGGAGCATTACCCAACCGAAAGTATGCGGTCGTAACACGTTCAAGTTTTACATCTGACAATGAGAACGTAGTGATCTTTCCATCAATTAAAGATGCTTTAACCAACCTAAAGAAAATAACGGATCATGTCATTGTTTCAGGTGGTGGGGAGATATACAAAAGCCTGATCGATCAAGTAGATACACTACATATATCTACAATAGACATCGAGCCGGAAGGTGATGTTTACTTTCCTGAAATCCCCAGCAATTTTAGGCCAGTTTTTACCCAAGACTTCGCCTCTAACATAAATTATAGTTACCAAATCTGGCAAAAGGGTTAA
resfindernewid_50,dfrA1_11_AJ419168,GTGAAACTATCACTAATGGTAGCTATATCGAAGAATGGAGTTATCGGGAATGGCCCTGATATTCCATGGAGTGCCAAAGGTGAACAGCTCCTGTTTAAAGCTATTACCTATAACCAATGGCTGTTGGTTGGACGCAAGACTTTTGAATCAATGGGAGCATTACCCAACCGAAAGTATGCGGTCGTAACACGTTCAAGTTTTACATCTGACAATGAGAACGTAGTGATCTTTCCATCAATTAAAGATGCTTTAACCAACCTAAAGAAAATAACGGATCATGTCATCGTTTCAGGTGGTGGGGAGATATACAAAAGCCTGATCGATCAAGTAGATACACTACATATATCTACAATAGACATCGAGCCGGAAGGTGATGTCTACTTTTCTGAAATCCCCAGCAATTTTAGGCCAGTTTTTACCCAAGACTTCGCCTCTAACATAAATTATAGTTACCAAATCTGGCAAAAGGGTTAA
resfindernewid_51,dfrA1_12_AY141977,GTGAAACTATCACTAATGGTAGCTATATCGAAGAATGGAGTTATCGGGAATGGCCCTGATATTCCATGGAGTGCCAAAGGTGAACAGCTCCTGTTTAAAGCTATTACCTATAACCAATGGCTGTTGGTTGGACGCAAGACTTTTGAATCAATGGGAGCATTACCCAACCGAAAGTATGCGGTCGTAACACGTTCAAGTTTTACATCTGACAATGAGAACGTATTGATCTTTCCATCAATTAAAGATGCTTTAACCAACCTAAAGAAAATAACGGTTCATGTCATTGTTTCAGGTGGTGGGGAGATATACAAAAGCCTGATCGATCAAGTAGATACACTACATATATCTACAATAGACATCGAGCCGGAAGGTGATGTTTACTTTCCTGAAATCCCCAGCAATTTTAGGCCAGTTTTTACCCAAGACTTCGCCTCTAACATAAATTATAGTTACCAAATCTGGCAAAAGGGTTAA
resfindernewid_52,dfrA1_13_DQ018382,GTGAAACTATCACTAATGGTAGCTATATCGAAGAATGGAGTTATCGGGAATGGCCCTGATATTCCATGGAGTGCCAAAGGTGAACAGCTCCTGTTTAAAGCTATTACCTATAACCAATGGCTGTTGGTTGGACGCAAGACTTTTGAATCAATGGGAGCATTACCCAACCGAAAGTATGCGGTCGTAACACGTTCAAGTTTTACATCTGACGATGAGAACGTATTGATCTTTCCATCAATTAAAGATGCTTTAACCCACCTAAAGAAAATAACGGATCATGTCATTGTTTCAGGTGGTGGGGAGATATACAAAAGCCTGATCGATCAAGTAGATACACTACATATATCTACAATAGACATCGAGCCGGAAGGTGATGTTTACTTTCCTGAAATCCCCAGCAATTTTAGGCCAGTTTTTACCCAAGACTTCGCCTCTAACATAAATTATAGTTACCAAATCTGGCAAAAGGGTTAA
resfindernewid_53,dfrA1_14_AB199789,GTGAAACTATCACTAATGGTAGCTATATCGAAGAATGGAGTTATCGGGAATGGCCCTGATATTCCATGGAGTGCCAAAGGTGAACAGCTCCTGTTTAAAGCTATTACCTATAACCAATGGCTGTTGGTTGGACGCAAGACTTTTGAATCAATGGGAGCATTACCCAACCGAAAGTATGCGGTCGTAACACGTTCAAGTTTTACATCTGACAATGAGAACGTATTGATCTTTCCATCAATTAAAGATGCTTTAACCAACCTAAAGAAAATAACGGATCATGTCATTGTTTCAGGTGGTGGGGAGGTATACAAAAGCCTGATCGATCAAGTAGATACACTACATATATCTACAATAGACATCGAGCCGGAAGGTGATGTTTACTTTCCTGAAATCCCCAGCAATTTTAGGCCAGTTTTTACCCAAGACTTCGCCTCTAACATAAATTATAGTTACCAAATCTGGCAAAAGGGTTAA
resfindernewid_54,dfrA1_15_FM207631,GTGAAACTATCACTAATGGTAGCTATATCGAAGAATGGAGTTATCGGGAATGGCCCTGATATTCCATGGAGTGCCAAAGGTGAACAGCTCCTGTTTAAAGCTATTACCTATAACCAATGGCTGTTGGTTGGACGCAAGACTTTTGAATCAATGGGAGCATTACCCAACCGAAAGTATGCGGTCGGAACACGTTCAAGTTTTACATCTGACAATGAGAACGTATTGATCTTTCCATCAATTAAAGATGCTTTAACCAACCTAAAGAAAATAACGGATCATGTCATTGTTTCAGGTGGTGGGGAGATATACAAAAGCCTGATCGATCAAGTAGATACACTACATATATCTACAATAGACATCGAGCCGGAAGGTGATGTTTACTTTCCTGAAATCCCCAGCAATTTTAGGCCAGTTTTTACCCAAGACTTCGCCTCTAACATAAATTATAGTTACCAAATCTGGCAAAAGGGTTAA
resfindernewid_55,dfrA1_16_FJ001872,GTGAAACTATCACTAATGGTAGCTATATCGAAGAATGGAGTTATCGGGAATGGCCCTGATATTCCATGGAGTGCCAAAGGTGAACGGCTCCTGTTTAAAGCTATTACCTATAACCAATGGCTGTTGGTTGGACGCAAGACTTTTGAATCAATGGGAGCATTACCCAACCGAAAGTATGCGGTCGTAACACGTTCAAGTTTTACATCTGACAATGAGAACGTATTGATCTTTCCATCAATTAAAGATGCTTTAACCAACCTAAAGAAAATAACGGATCATGTCATTGTTTCAGGTGGTGGGGAGATATACAAAAGCCTGATCGATCAAGTAGATACACTACATATATCTACAATAGACATCGAGCCGGAAGGTGATGTTTACTTTCCTGAAATCCCCAGCAATTTTAGGCCAGTTTTTACCCAAGACTTCGCCTCTAACATAAATTATAGTTACCAAATCTGGCAAAAGGGTTAA
resfindernewid_56,dfrA1_17_FJ489928,ATGAAACTATCACTAATGGTAGCTATATCGAAGAATGGAGTTATCGGGAATGGCCCTGATATTCCATGGAGTGCCAAAGGTGAACAGCTCCTGTTTAAAGCTATTACCTATAACCAATGGCTGTTGGTTGGACGCAAGACTTTTGAATCAATGGGAGCATTACCCAACCGAAAGTATGCGGTCGTAACACGTTCAAGTTTTACATCTGACAATGAGAACGTATTGATCTTTCCATCAATTAAAGATGCTTTAACCAACCTAAAGAAAATAACGGATCATGTCATTGTTTCAGGTGGTGGGGAGATATACAAAAGCCTGATCGATCAAGTAGATACACTACATATATCTACAATAGACATCGAGCCGGAAGGTGATGTTTACTTTCCTGAAATCCCCAGCAATTTTAGGCCAGTTTTTACCCGAGACTTCGCCTCTAACATAAATTATAGTTACCCAATCTGGCAAAAGGGTTAA
resfindernewid_57,dfrA12_1_FJ763641,ATGAACTCGGAATCAGTACGCATTTATCTCGTTGCTGCGATGGGAGCCAATCGGGTTATCGGCAATGGTCCTAATATCCCCTGGAAAATTCCGGGTGAGCAGAAGATTTTTCGCAGACTCACTGAGGGAAAAGTCGTTGTCATGGGGCGAAAGACCTTTGAGTCTATCGGCAAGCCTCTACCGAACCGTCACACATCGGTAATCTCACGCCAAGCTAACTACCGCGCCACTGGCTGCGTAGTTGTTTCAACGCTGTCGCACGCTATCGCTTTGGCATCCGAACTCGGCAATGAACTCTACGTCGCGGGCGGAACTGAGATATACACTCTGGCACTACCTCACGCCCACGGCGTGTTTCTATCTGAGGTACATCAAACCTTCGAGGGCGACGCCTTCTTCCCAATGCTCAACGAAACAGAATTCGAGCTTGTCTCAACCGAAACCATTCAAGCTGTAATTCCGTACACCCACTCCGTTTATGCGCGTCGAAACGGCTAA
resfindernewid_58,dfrA12_2_KJ546436,ATGAACTCGGAATCAGTACGCATTTATCTCGTTGCTGCGATGGGAGCCAATCGGGTTATTGGCAATGGTCCTAATATCCCCTGGAAAATTCCGGGTGAGCAGAAGATTTTTCGCAGACTCACTGATGGAAAAGTCGTTGTCATGGGGCGAAAGACCTTTGAGTCTATCGGCGAGCCTCTACCGAACCGTCACACATTGGTAATCTCACGCCAAGCTAACTACCGCGCCACTGGCTGCGTAGTTGTTTCAACGCTGTCGCACGCTATCGCTTTGGCATCCGAACTCGGCAATGAACTCTACGTCGCGGGCGGAGCTGAAATATACACTCTGGCACTACCTCACGCCCACGGCGTGTTTCTATCTGAGGTACATCAAACCTTCGAGGGTGACGCCTTCTTCCCAATGCTCAACGAAACAAAATTCGAGCTTGTCTCAACCGAAACCATTCAAGCTGTAATTCCGTACACCCACTCCGTTTATGCGCGTCGAAACGGCTAA
resfindernewid_59,dfrA12_3_KJ568502,ATGAGCTCGGAATCTGTACGCATTTATCTCGTTGCTGCGATGGGAGCCAATCGGGTTATTGGCAATGGTCCTAATATCCCCTGGAAAATTCCGGGTGAGCAGAAGATTTTTCGCAGACTCACTGAGGGAAAAGTCGTTGTCATGGGGCGAAAGACCTTTGAGTCTATCGGCAAGCCTCTACCGAACCGTCACACATTGGTAATCTCACGCCAAGCTAACTACCGCGCCACTGGCTGCGTATTTGTTTCAACGCTGTCGGACGCTATCGATTTGGCATCCGAACTCGGCAATGAACTCTACGTCGCGGGCGGAGCTGAGATATACACTCTGGCACTACCTCACGCCCACGGCGTGTTTCTATCTGAGGTACATCAAACCTTCGAGGGTGACGCCTTCTTCCCAATGCTCAACAAAACAGAATTCGAGCTTGTCTCAACCGAAACCATTCAAGCTGTAATTCCGTACACCCACTCCGTTTATGCGCGTCGAAACGGCTAA
resfindernewid_60,dfrA12_4_EU650399,ATGAACTCGGAATCAGTACGCATTTATCTCATTGCTGCGATGGGAGCCAATCGGGTTATTGGCAATGGTCCTAATATCCCCTGGAAAATTCCGGGTGAGCAGAAGATTTTTCGCAGACTCACTGAGGGAAAAGTCGTTGTCATGGGGCGAAAGACCTTTGAGTCTATCGGCAAGCCTCTACCGAACCGTCACACATTGGTAATCTCACGCCAAGCTAACTACCGCGCCACTGGCTGCGTAGTTGTTTCAACGCTGTCGCACGCTATCGCTTTGGCATCCGAACTCGGCAATGAACTCTACGTCGCGGGCGGAGCTGAGATATACACTCTGGCACTACCTCACGCCCACGGCGTGTTTCTATCTGAGGTACATCAAACCTTCGAGGGTGACGCCTTCTTCCCAATGCTCAACGAAACAGAATTCGAGCTTGTCTCAACCGAAACCATTCAAGCTGTAATTCCGTACACCCACTCCGTTTATGCGCGTCGAAACGGCTAA
resfindernewid_61,dfrA12_5_FR875302,ATGAACTCGGAATCAGTACGCATTTATCTCGTTGCTGCGATGGGATTAAATCGGGTTATTGGCAATGGTCCTAATATCCCCTGGAAAATTCCGGGTGAGCAGAAGATTTTTCGCAGACTCACTGAGGGAAAAGTCGTTGTCATGGGGCGAAAGACCTTTGAGTCTATCGGCAAGCCTCTACCGAACCGTCACACATTGGTAATCTCACGCCAAGCTAACTACCGCGCCACTGGCTGCGTAGTTGTTTCAACGCTGTCGCACGCTATCGCTTTGGCATCCGAACTCGGCAATGAACTCTACGTCGCGGGCGGAGCTGAGATATACACTCTGGCACTACCTCACGCCCACGGCGTGTTTCTATCTGAGGTACATCAAACCTTCGAGGGTGACGCCTTCTTCCCAATGCTCAACGAAACAGAATTCGAGCTTGTCTCAACCGAAACCATTCAAGCTGTAATTCCGTACACCCACTCCGTTTATGCGCGTCGAAACGGCTAA
resfindernewid_62,dfrA12_6_AY551331,ATGAACTCGGAATCAGTACGCATTTATCTCGTTGCTGCGATGGGAGCCAATCGGGTTATTGGCAATGGTCCTAATATCCCCTGGAAAATTCCGGGTGAGCAGAAGACTTTTCGCAGACTCACTGAGGGAAAAGTCGTTGTCATGGGGCGAAAGACCTTTGAGTCTATCGGTAAGCCTCTACCGAACCGTCACACATTGGTAATCTCACGCCAAGCTAACTACCGCGCCACTGGCTGCGTAGTTGTTTCAACGCTGTCGCACGCTATCGCTTTGGCATCCGAACTCGGCAATGAACTCTACGTCGCGGGCGGAGCTGAGATATACACTCTGGCACTACCTCACGCCCACGGCGTGTTTCTATCTGAGGTACATCAAACCTTCGAGGGTGACGCCTTCTTCCCAATGCTCAACGAAACAGAATTCGAGCTTGTCTCAACCGAAACCATTCAAGCTGTAATTCCGTACACCCACTCCGTTTATGCGCGTCGAAACGGCTAA
resfindernewid_63,dfrA12_7_AB196348,ATGAACTCGGAATCAGTACGCATTTATCTCGTTGCTGCGATGGGAGCCAATCGGGTTATTGGCAATGGTCCTAATATCCCCTGGAAAATTCCGGGTGAGCAGAAGATTTTTCGCAGACTCACTGAGGGAAAAGTCGTTGTCATGGGGCGAAAGACCTTTGAGTCTATCGGCAAGCCTCTACCGAACCGTCACACATTGGTAATCTCACGCCAAGCTAACTACCGCGCCACTGGCTGCGTAGTTGTTTCAACGCTGTCGCACGCTATCGCTTTGGCATCCGAACTCGGCAATAAACTCTACGTCGCGGGCGGAGCTGAGATATACACTCTGGCACTACCTCACGCCCACGGCATGTTTCTATCTGAGGTACATCAAACCTTCGAGGGTGACGCCTTCTTCCCAATGCTCAACGAAACAGAATTCGAGCTTGTCTCAACCGAAACCATTCAAGCTGTAATTCCGTACACCCACTCCGTTTATGCGCGTCGAAACGGCTAA
resfindernewid_64,dfrA12_8_AM040708,ATGAACTCGGAATCAGTACGCATTTATCTCGTTGCTGCGATGGGAGCCAATCGGGTTATTGGCAATGGTCCTAATATCCCCTGGAAAATTCCGGGTGAGCAGAAGATTTTTCGCAGACTCACTGAGGGAAAAGTCGTTGTCATGGGGCGAAAGACCTTTGAGTCTATCGGCAAGCCTCTACCGAACCGTCACACATTGGTAATCTCACGCCAAGCTAACTACCGCGCCACTGGCTGCGTAGTTGTTTCAACGCTGTCGCACGCTATCGCTTTGGCATCCGAACTCGGCAATGAACTCTACGTCGCGGGCGGAGCTGAGATATACACTCTGGCACTACCTCACGCCCACGGCGTGTTTCTATCTGAGGTACATCAAACCTTCGAGGGTGACGCCTTCTTCCCAATGCTCAACGAAACAGAATTCGAGCTTGTCTCAACCGAAACCATTCAAGCTGTAATTCCGTACACCCACTCCGTTTATGCGCGTCGAAACGGCTAA
resfindernewid_65,dfrA12_9_DQ995286,ATGAACTCGGAATCAGTACGCATTTATCTCGTTGCTGCGATGGGAGCCAATCGGGTTATTGGCAATGGTCCTAATATCCCCTGGAAAATTCCGGGTGAGCAGAAGATTTTTCGCAGACTCACTGAGGGAAAAGTCGTTGTCATGGGGCGAAAGACCTTTGAGTCTATCGGCAAGCCTCTACCGAACCGTCACACATTGGTAATCTCACGCCAAGCTAACTACCGCGCCACTGGCTGCGTAGTTGTTTCAACGCTGTCGCACGCTATCGCTTTGGCATCCGAACTCGGCAATGAACTCTACGTCGCGGGCGGAGCTGAGATATACACTCTGGCACTACCTCACGCCCACGGCGTGTTTCTATCTGAGGTACATCAAACCTTCGAGGGTGACGCCTTCTTCCCAATGCTCAACGAAACAGAATTCGAGCTTGCCTCAACCGAAACCATTCAAGCTGTAATTCCGTACACCCACTCCGTTTATGCGCGTCGAAACGGCTAA
resfindernewid_66,dfrA12_10_FM877486,ATGAACTCGGAATCAGTACGCATTTATCTCGTTGCTGCGATGGGAGCCAATCGGGTTATTGGCAATGGTCCTAATATCCCCTGGAAAATTCCGGGTGAGCAGAAGATTCTTCGCAGACTCACTGAGGGAAAAGTCGTTGTCATGGGGCGAAAGACCTTTGAGTCTATCGGCAAGCCTCTACCGAACCGTCACACATTGGTAATCTCACGCCAAGCTAACTACCGCGCCACTGGCTGCGTAGTTGTTTCAACGCTGTCGCACGCTATCGCTTTGGCATCCGAACTCGGCAATGAACTCTACGTCGCGGGCGGAGCTGAGATATACACTCTGGCACTACCTCACGCCCACGGCGTGTTTCTATCTGAGGTACATCAAACCTTCGAGGGTGACGCCTTCTTCCCAATGCTCAACGAAACAGAATTCGAGCTTGTCTCAACCGAAACCATTCAAGCTGTAATTCCGTACACCCACTCCGTTTATGCGCGTCGAAACGGCTAA
resfindernewid_67,dfrA14_1_KF921535,TTGAAAGTATCATTGATGGCTGCGAAAGCGAAAAACGGCGTGATTGGTTGCGGTCCAGACATACCCTGGTCCGCGAAAGGGGAGCAGCTACTTTTTAAAGCATTGACCTACAATCAGTGGCTTCTGGTGGGTCGCAAGACGTTTGAATCTATGGGCGCACTCCCCAATAGGAAATACGCGGTCGTTACCCGCTCAGGTTGGACATCAAATGATGACAATGTAGTTGTATTTCAGTCAATCGAAGAGGCCATGGACAGGCTAGCTGAATTCACCGGTCACGTTATAGTGTCTGGTGGCGGAGAAATTTACCGAGAAACATTACCCATGGCCTCTACGCTCCACTTATCGACGATCGACATCGAGCCAGAGGGGGATGTTTTCTTCCCGAGTATTCCAAATACCTTCGAAGTTGTTTTTGAGCAACACTTTACTTCAAACATTAACTATTGCTATCAAATTTGGAAAAAGGGTTAA
resfindernewid_68,dfrA14_3_Z50804,TTGAAAGTATCATTGATAGCTGCGAAACGAAAAAACGGCGTGATTGGTTGCGGTCCAGACATACCGTGGTCCGCGAAAGGGGAGCAGCTACTTTTTAAAGCATTGACCTACAATCAGTGTCTTCTGGTGGGTCGCAAGACGTTTGAATCTATGGGCGCACTCCCCAATAGGAAATACGCGGTCGTTACCCGCTCAGGTTGGACATCAAATGATGACAATGTAGTTGTATTTCAGTCAATCGAAGAGGCCATGGACAGGCTAGCTGAATTCACCGGTCACGTTATAGTGTCTGGTGGCGGAGAAATTTACCGAGAAACATTACCCATGGCCTCTACGCTCCACTTATCGACGATCGACATCGAGCCAGAGGGGGATGTTTTCTTCCCGAGTATTCCAAATACCTTCGAAGTTGTTTTTGAGCAACACTTTACTTCAAACATTAACTATTGCTATCAAATTTGGAAAAAGGGTTAA
resfindernewid_69,dfrA14_4_AF393510,TTGAAAGTATCATTGATAGCTGCGAAAGCGAAAAACGGCGTGATTGGTTGCGGTCCAGACATACCCTGGTCCGCGAAAGGGGAGCAGCTACTTTTTAAAGCATTGACCTACAATCAGTGGCTTCTGGTGGGTCGCAAGACGTTTGAATCTATGGGCGCACTCCCCAATAGGAAATACGCGGTCGTTACCCGCTCAGGTTGGACATCAAATGATGACAATGTAGTTGTATTTCAGTCAATCGAAGAGGCCATGGACAGGCTAGCTGAATTCACCGGTCACGTTATAGTGTCTGGTGGCGGAGAAATTTACCGAGAAACATTACCCATGGCCTCTACGCTCCACTTATCGACGATCGACATCGAGCCAGAGGGGGATGTTTTCTTCCCGAGTATTCCAAATACCTTCGAAGTTGTTTTTGAGCAACACTTTACTTCAAACATTAACTATTGCTATCAAATTTGGAAAAAGGGTTAA
resfindernewid_70,dfrA15_1_AF156486,GTGAAACTATCACTAATGGCAGCAATTTCGAAGAATGGAGTTATCGGAAATGGCCCAGATATTCCATGGAGTGCCAAAGGGGAACAATTACTCTTCAAAGCGATTACCTATAATCAGTGGCTTTTGGTAGGCCGAAAGACTTTCGAGTCAATGGGGGCTTTACCCAACCGAAAATATGCCGTTGTAACTCGTTCAAGCTTCACTTCCAGTGATGAGAATGTATTGGTATTTCCATCTATCGATGAAGCGCTAAATCATCTGAAGACGATAACGGATCATGTGATTGTGTCTGGTGGTGGTGAAATATACAAAAGCCTGATCGATAAAGCTGATACTTTACATATTTCAACAATCGACATTGAGCCAGAAGGTGATGTCTATTTTCCAGAAATCCCCGGTAGTTTTAGGCCAGTTTTTAGCCAAGACTTCGTGTCTAACATAAATTATAGTTACCAAATCTGGCAAAAGGGTTAA
resfindernewid_71,dfrA15_2_AF221900,GTGAAACTATCACTAATGGCAGCAATTTCGAAGAATGGAGTTATCGGAAATGGCCCAGATATTCCATGGAGTGCCAAAGGGGAACAATTACTCTTCAAAGCGATTACCTATAATCAGTGGCTTTTGGTAGGCCGAAAGACTTTCGAGTCAATGGGGGCTTTACCCAACCGAAAATATGCCGTTGTAACTCGTTCAAGCTTCACTTCCAGTGATGAGAATGTATTGGTATTTCCATCTATCGATGAAGCGCTAAATCATCTGAAGACGATAACGGATCATGTGATTGTGTCTGGTGGTGGTGAAATATACAAAAGCCTGATCGATAAAGTTGATACTTTACATATTTCAACAATCGACATTGAGCCAGAAGGTGATGTCTATTTTCCAGAAATCCCCAGTAGTTTTAGGCCAGTTTTTAGCCAAGACTTCGTGTCTAACATAAATTATAGTTACCAAATCTGGCAAAAGGGTTAA
resfindernewid_72,dfrA15_3_DQ647028,GTGAAACTATCACTAATGGCAGCAATTTCGAAGAATGGAGTTATCGGAAATGGTCCGGATATTCCATGGAGTGCCAAAGGGGAACAATTACTCTTCAAAGCGATTACCTATAATCAGTGGCTTTTGGTAGGCCGAAAGACTTTCGAGTCAATGGGGGCTTTACCCAACCGAAAATATGCCGTTGTAACTCGTTCAAGCTTCACTTCCAGTGATGAGAATGTATTGGTATTTCCATCTATCGATGAAGCGCTAAATCATCTGAAGACGACAACGGATCATGTGATTGTGTCTGGTGGTGGTGAAATATACAAAAGCCTGATCGATAAAGTTGATACTTTACATATTTCAACAATCGACATTGAGCCAGAAGGTGATGTCTATTTTCCAGAAATCCCCAGTAGTTTTAGGCCAGTTTTTAGCCAAGACTTCGTGTCTAACATAAATTATAGTTACCAAATCTGGCAAAAGGGTTAA
resfindernewid_73,dfrA16_2_AF174129,GTGAAGTTATCACTAATGGCTGCCAAGTCGAAGAACGGTATTATCGGTAATGGACCAGATATTCCATGGAGCGCCAAAGGCGAGCAACTTCTATTTAAGGCAATTACATATAATCAATGGCTTTTAGTTGGACGCAAAACTTTTGAGTCAATGGGCGCTCTCCCAAATCGAAAGTATGCAGTTGTAACTCGCTCTAATTTTTCTACGAATGATGAGGGTGTAATGGTTTTCTCCTCAATTCAGGATGCCTTAATAAATTTAGAGGAAATCACGGATCATGTTATCGTTTCTGGTGGTGGTGAAATATACAAAAGCTTGATTTCCAAAGTAGATACTTTGCATATTTCAACAGTCGACATCGAGCGAGATGGAGACATAGTTTTTCCTGAAATCCCAGATACATTCAAGTTGGTATTTGAGCAAGATTTCGAGTCTAACATTAACTATTGTTATCAAATCTGGCAAAAGAGTTAA
resfindernewid_74,dfrA16_3_AY878718,GTGAAGTTATCACTAATGGCTGCCAAGTCGAAGAACGGTATTATCGGTAATGGACCAGATATTCCATGGAGCGCCAAAGGCGAGCAACTTCTATTTAAGGCAATTACATATAATCAATGGCTTTTAGTTGGACGCAAAACTTTTGAGTCAATGGGCGCTCTCCCAAATCGAAAGTATGCAGTTGTAACTCGCTCTAATTTTTCTACGAATGATGAGGGTGTAATGGTTTTCTCCTCAATTCAGGATGCCTTAATAAATTTAGAGGAAATCACGGATCATGTTATCATTTCTGGTGGTGGTGAAATATACAAAAGCTTGATTTCCAAAGTAGATACTTTGCATATTGCAACAGTCGACATCGAGCGAGATGGAGACATAGTTTTTCCTGAAATCCCAGATACATTCAAGTTGGTATTTGAGCAAGATTTCGAGTCTAACATTAACTATTGTTATCAAATCTGGCAAAAGAGTTAA
resfindernewid_75,dfrA16_4_EU158182,GTGAAGTTATCACTAATGGCTGCCAAGTCGAAGAACGGTATTATCGGTAATGGACCAGATATTCCATGGAGCGCCAAAGGCGAGCAACTTCTATTTAAGGCAATTACATATAATCAATGGCTTTTAGTTGGACGCAAAACTTTTGAGTCAATGGGCGCTCTCCCAAATCGAAAGTATGCAGTTGTAACTCGCTCTAATTTTTCTACGAATGATGAGGGTGTAATGGTTTTCTCCTCAATTCAGGATGCCTTAATAAATTTAGAGGAAATCACGGGTCATGTTATCGTTTCTGGTGGTGGTGAAATATACAAAAGCTTGATTTCCAAAGTAGATACTTTGCATATTTCAACAGTCGACATCGAGCGAGATGGAGACATAGTTTTTCCTGAAATCCCAGATACATTCAAGTTGGTATTTGAGCAAGATTTCGAGTCTAACATTAACTATTGTTATCAAATCTGGCAAAAGAGTTAA
resfindernewid_76,dfrA22_1_KC200566,ATGAACCCGGAATCGGTCCGCATTTATCTGGTCGCTGCCATGGGTGCCAATCGGGTTATTGGCAATGGCCCTGATATCCCTTGGAATATCCCTGGTGAGCAAAAGATTTTTCGCAGGCTCACCGAGGGCAAAGTGGTCGTTATGGGCCGCAAGACGTTTGAGTCCATAGGCAAGCCCTTACCAAACCGTCGCACAGTGGTGCTCTCGCGCCAAGCTAGTTATAGCGCTGCTGGTTGTGCAGTTGTTTCAACGCTGTCGCAGGCTATTGCCATCGCAGCCGAACACGGCAAGGAACTCTACGTGGCCGGCGGAGCCGAGGTATATGCACTGGCACTACCTCGTGCCGATGGCGTCTTTCTATCTGAGGTACATCAAACCTTCGAGGGTGACGCCTTCTTCCCAGTGCTCGACGCAGCAGAATTCGACGTTGTCTCAGCCGAAACCGTTCAAGCCACAATTACGTACACGCACTCCGTCTATGCACGTCGTAACGGCTAA
resfindernewid_77,dfrA22_2_KF525301,ATGAACCGGGAATCGGTCCGCATTTATCTGGTCGCTGCCATGGGTGCCAATCGGGTTATTGGCAATGGCCCCGACATCCCCTGGACAATCCCAGGTGAGCAGAAGATTTTTCGCAGGCTCACCGAGGGCAAAGTGGTCGTGATGGGTCGTAAGACATTTGAGTCCATAGGAAAGCCCTTACCAAGCCGCCGCACAGTGGTGCTCTCCCGCCAAGCTGGTTATAGCGCTGCTGGTTGTGCAGTTGTTTCAACGCTGTCGCAGGCTATTGCCATCGCAGCCGAACACGGCAAAGAACTCTACGTAGCCGGCGGAGCCGAGGTATATGCACTGGCACTACCTCATGCCGACGGCGTCTTTCTATCTGAGGTACATCAAACCTTCGAGGGTGACGCCTTCTTCCCTGTGCTCAACGCAGCAGAATTCGAGGTTGTCTCAGCCGAAACCGTTCAAGCCACTATCACGTACACGCACTCCGTCTATGCACGTCGTAACGGCTAA
resfindernewid_78,dfrA22_4_AJ628423,ATGAACCCGGAATTGGTCCGCATTTATCTGGTCGCTGCCATGGGTGCCAATCGGGTTATTGGCAATGGCCCCGATATTCCCTGGAAAATCCCGGGTGAGCAAAAGATCTTTCGCAGGCTCACCGAGGGCAAAGTGGTCGTTATGGGCCGCAAGACGTTTGAGTCCATAGGCAAGCCCTTACCAAACCGCCGCACAGTGGTGCTCTCGCGCCAAGCCAGTTATAGCGCTGCTGGTTGTGCAGTTGTTTCAACGCTGTCGCAGGCTATTGCCATCGCAGCCGAACACGGCAAAGAGCTCTACGTGGCCGGCGGAGCCGAGGTATATGCACTGGCACTACCTCGTGCCGACGGCGTCTTTCTATCTGAGGTACATCAAACCTTCGAGGGTGACGCCTTCTTCCCTGTGCTCGACGAAGCAGAATTCGAGGTTGTCTCAGCCGAAACCGTTCAAGCCACAATCACGTACACGCACTCCGTCTATGCACGTCGTAACGGCTAA
resfindernewid_79,dfrA22_5_AJ968952,ATGAACCCGGAATTGGTCCGCATTTATCTGGTCGCTGCCATGGGTGCCAATCGGGTTATTGGCAATGGCCCCGATATTCCCTGGAAAATCCCGGGTGAGCAAAAGATCTTTCGCAGGCTCACCGAGGGCAAAGTGGTCGTTATGGGCCGCAAGACGTTTGAGTCCATAGGCAAGCCCTTACCAAACCGCCGCACAGTGGTGCTCTCGCGCCAAGCCAGTTATAGCGCTGCTGGTTGTGCAGTTGTTTCAACGCTGTCGCAGGCTATTGCCATCGCAGCCGAACACGGCAAAGAGCTCTACGTGGCCGGCGGAGCCGAGGTATATGCACTGGCACTACCTCGTGCCGACGGCGTCTTTCTATATGAGGTACATCAAACCTTCGAGGGTGACGCCTTCTTCCCTGTGCTCGACGAAGCAGAATTCGAGGTTGTCTCAGCCGAAACCGTTCAAGCCACAATCACGTACACGCACTCCGTCTATGCACGTCGTAACGGCTAA
resfindernewid_80,dfrA29_1_AM237806,TTGAAAATTTCTTTAATCGCAGCTCAGTCAGAAAACGGTGTTATTGGTAATGGCCCAGATATTCCATGGTCAGCAAAAGGGGAGCAGTTACTTTTCAAAGCGCTAACATATAATCAGTGGCTTCTTGTCGGAAGAAAAACATTTGAGTCAATGGGTATTCTTCCTAATCGAAAGTATGCTGTTCTTTCAAAAAATGGAATTTCACACCTTCCTGAAAACGTACTAGTTTTTTCGTCTATAGAAAATGCATTATATGAACTGGCTAAGGTAACAGACCATTTATATATTTCTGGCGGTGGTCAAATATATAATAGTCTTATTGAAAGTGCTGATACCATCCACTTATCTATCATCCACAAAGAGGTAGAAGGTGAAGTAAGGTTTCCCAAAATACCTCCTAATTACAAGTTGGTATTTGAGCAATATTATTCTTCAAATATTAATTACACTTATCAAATTTGGCAAAAAGGTT
resfindernewid_81,dfrA5_3_KF030794,GTGAATGTATCATTAATGGCTGCAAAAGCGAAAAAAGGAGGGATTGGTTGCGGTCCACACATACCCTGGTCCGCGAAAGGAGAGCAGCTACTCTTTAAAGCCTTGACGTACAACCAGTGGCTTTTGGTGGGCCGCAAGACGTTCGAATCTATGGGAGCACTCCCTAATAGGAAATACGCGGTCGTTACTCGCTCAGCCTGGACGGCCGATAATGACAACGTAATATTATTCCCGTCGATCGAAGAGGCCATGTACGGGCTGGCTGAACTCACCGATCACGTTATAGTGTCTGGTGGCGGGGAGATTTACAGAGAAACATTGCCCATGGCCTCTACACTCCATATATCGACGATTGATATTGAGCCGGAAGGAAATGTTTTCTTTCCGAATATTCCCAATACCTTCGAAGTTGTTTTTGAGCAACACTTTAACTCAAACATTAACTATTGCTATCAAATTTGGCAAAAGGGTTAA
resfindernewid_82,dfrA5_2_FJ001870,GTGAAAGTATCATTAATGGCTGCAAAAGCGAAAAACGGAGTGATTGGTTGCGGTCCACACATACCCTGGTCCGCGAAAGGAGAGCAGCTACTCTTTAAAGCCTTGACGTACAACCAGTGGCTTTTGGTGGGCCGCAAGACGTTCGAATCTATGGGAGCACTCCCTAATAGGAAATACGCGGTCGTTACTCGCTCAGCCTGGACGGCCGATAATGACAACGTAATAGTATTCCCGTCGATCGAAGAGGCCATGTACGGGCTGGCTGAACTCACCGATCACGTTATAGTGTCTGGTGGCGGGGAGATTTACAGAGAAACATTGCCCATGGCCTCTACGCTCCATATATCGACGATTGATATTGAGCCGGAAGGAGATGTTTTCTTTCCGAATATTCCCAATACCTTCGAAGTTGTTTTTGAGCAACGCTTTAGCTCAAACATTAACTATTGCTATCAAATTTGGCAAAAGGGTTAG
resfindernewid_83,dfrA5_4_AY139589,GTGAAAGTATCATTAACGGCTGCAAAAGCGAAAAACGGAGTGATTGGTTGCGGTCCACACATACCCTGGTCCGCGAAAGGAGAGCAGCTACTCTTTAAAGCCTTGACGTACAACCAGTGGCTTTTGGTGGGCCGCAAGACGTTCGAATCTATGGGAGCACTCCCTAATAGGAAATACGCGGTCGTTACTCGCTCAGCCTGGACGGCCGATAATGACAACGTAATAGTATTCCCGTCGATCGAAGAGGCCATGTACGGGCTGGCTGAACTCACCGATCACGTTATAGTGTCTGGTGGCGGGGAGATTTACAGAGAAACATTGCCCATGGCCTCTACGCTCCATATATCGACGATTGATATTGAGCCGGAAGGAGATGTTTTCTTTCCGAATATTCCCAATACCTTCGAAGTTGTTTTTGAGCAACACTTTAGCTCAAACATTAACTATTGCTATCAAATTTGGCAAAAGGGTTAA
resfindernewid_84,dfrA6_2_FJ905898,ATGAAAATATCCATTATGGCAGCTGTTTCCGAGAATGGAGTAATTGGCTCTGGATTGGATATACCTTGGCATGTATATGGTGAGCAGCTCCTGTTCAAAGCTATGACTTACAATCATTGGCTTTTAGTCGGTCGTAAAACTTTCGACTCAATGGGTAAACTTCCGAATAGGAAATATGCTGTGGTTACTCGTACTGAAATGGTCTCGAATGATCCTGATGTTGTTTATTTCACAAGCGTTGAATCGGCATTAGCTTACTTAGACCACACGACAACACATGTCTTTGTTTCTGGTGGTGGTGAAATTTACAAAGCATTAATCGAACAAGCAGATGTTATCCATCTTTCAGTGATTCATAAGCACATCTCTGGCGACGTGTTTTTCCCTTCAGTTCCACAGAGTTTCAAGCAAACATTTGAGCAAAGTTTCAGTTCAAATATTGATTACACGTACCAAATTTGGACAAAGGGCTAA
resfindernewid_85,dfrA7_1_AB161450,TTGAAAATTTCATTGATTTCTGCAACGTCAGAAAATGGCGTAATCGGTAATGGCCCTGATATCCCATGGTCAGCAAAAGGTGAGCAGTTACTCTTTAAAGCGCTCACATATAATCAGTGGCTCCTTGTTGGAAGGAAAACATTTGACTCTATGGGTGTTCTTCCAAATCGAAAATATGCAGTAGTGTCGAGGAAAGGAATTTCAAGCTCAAATGAAAATGTATTAGTCTTTCCTTCAATAGAAATCGCTTTGCAAGAACTATCGAAAATTACAGATCATTTATATGTCTCTGGTGGCGGTCAAATCTACAATAGTCTTATTGAAAAAGCAGATATAATTCATTTGTCTACTGTTCACGTTGAGGTTGAAGGTGATATCAATTTTCCTAAAATTCCAGAGAATTTCAATTTGGTTTTTGAGCAGTTTTTTTTGTCTAATATAAATTACACATATCAGATTTGGAAAAAAGGCTAA
resfindernewid_86,dfrA7_2_AJ884724,TTGAAAATTTCATTGATTTCTGCAACGTCAGAAAATGGCGTAATCGGTAATGGCCCTGATATTCCATGGAGTGCCAAAGGTGAGCAGCTCCTGTTTAAAGCTATCACATATAACCAATGGCTCCTTGTTGGAAGGAAAACATTTGACTCTATGGGTGTTCTTCCAAATCGAAAATATGCAGTAGTGTCGAGGAAAGGAATTTCAAGCTCAAATGAAAATGTATTAGTCTTTCCTTCAATAGAAATCGCTTTGCAAGAACTATCGAAAATTACAGATCATTTATATGTCTCTGGTGGCGGTCAAATCTACAATAGTCTTATTGAAAAAGCAGATATAATTCATTTGTCTACTGTTCACGTTGAGGTTGAAGGTGATATCAATTTTCCTAAAATTCCAGAGAATTTCAATTTGGTTTTTGAGCAGTTTTTTTTGTCTAATATAAATTACACATATCAGATTTGGAAAAAAGGCTAA
resfindernewid_87,dfrA7_3_EU339235,TTGAAAATTTCATTGATTTCTGCAACGTCAGAAAATGGCGTAATCGGTAATGGCCCTGATATCCCATGGTCAGCAAAAGGTGAGCAGTTACTCTTTAAAGCGCTCACATATAATCAGTGGCTCCTTGTTGGAAGGAAAACATTTGACTATATGGGTGTTCTTCCAAATCGAAAATATGCAGTAGTGTCGAGGAAAGGAATTTCAAGCTCAAATGAAAATGTATTAGTCTTTCCTTCAATAGAAATCGCTTTGCAAGAACTATCGAAAATTACAGATCATTTATATGTCTCTGGTGGCGGTCAAATCTACAATAGTCTTATTGAAAAAGCAGATATAATTCATTTGTCTACTGTTCACGTTGAGGTTGAAGGTGATATCAATTTTCCTAAAATTCCAGAGAATTTCAATTTGGTTTTTGAGCAGTTTTTTTTGTCTAATATAAATTACACATATCAGATTTGGAAAAAAGGCTAA
resfindernewid_88,dfrA7_4_FN563072,TTGAAAATTTCATTGATTTCTGCAACGTCAGAAAATGGCGTAATCGGTAATGGCCCTGATATCCCATGGTCAGCAAAAGGTGAGCAGTTACTCTCTAAAGCGCTCACATATAATCAGTGGCTCCTTGTTGGAAGGAAAACATTTGACTCTATGGGTGTTCTTCCAAATCGAAAATATGCAGTAGTGTCGAGGAAAGGAATTTCAAGCTCAAATGAAAATGTATTAGTCTTTCCTTCAATAGAAATCGCTTCGCAAGAACTATCGAAAATTACAGATCATTTATATGTCTCTGGTGGCGGTCAAATCTACAATAGTCTTATTGAAAAAGCAGATATAATTCATTTGTCTACTGTTCACGTTGAGGTTGAAGGTGATATCAATTTTCCTAAAATTCCAGAGAATTTCAATTTGGTTTTTGAGCAGTTTTTTTTGTCTAATATAAATTACACATATCAGATTTGGAAAAAAGGCTAA
resfindernewid_89,dfrA7_5_AJ419170,TTGAAAATTTCATTGATTTCTGCAACGTCAGAAAATGGCGTAATCGGTAATGGCCCTGATCTCCCATGGTCAGCAAAAGGTGAGCAGTTACTCTTTAAAGCGCTCACATATAATCAGTGGCTCCTTGTTGGAAGGAAAACATTTGACTCTATGGGTGTTCTTCCAAATCGAAAATATGCAGTAGTGTCGAGGAAAGGAATTTCAAGCTCAAATGAAAATGTATTAGTCTTTCCTTCAATAGAAATCGCTTTGCAAGAACTATCGAAAATTACAGATCATTTATATGTCTCTGGTGGCGGTCAAATCTACAATAGTCTTATTGAAAAAGCAGATATAATTCATTTGTCTACTGTTCACGTTGAGGTTGAAGGTGATATCAATTTTCCTAAAATTCCAGAGAATTTCAATTTGGTTTTTGAGCAGTTTTTTTTGTCTAATATCATTACACATATCAGATTTGGAAAAAAGGCTAACAAGTCGTTCCAGCACCAGCCTGCGCTCCTTGGACAGTTTTTAAGTCGCGGTTTTATGGTTTTCTGCGCAAAAGTATTCCATAAAACCACAACTTAA
resfindernewid_90,dfrB1_2_AM993098,ATGGAACGAAGTAGCAATGAAGTCAGTAATCCAGTTGCTGGCAATTTTGTATTCCCATCGAACGCCACGTTTGGTATAGGAGATCGCGTGCGCAAGAAATCCGGCGCCGCCTGGCAAGGTCAGATTGTCGGCTGGTACTGCACAAATTTGACCCCCGAAGGCTACGCCGTCGAGTCTGAGGCTCACCCAGGCTCAGTACAGATTTATCCTGTTGCGGCGCTTGAGCGCATCAACTGA
resfindernewid_91,dfrB2_2_AY553333,ATGGGTCAAAGTAGCCATGAAGCCAACGCTCCCGTTGCAGGGCAGTTTGCACTTCCCCTGAGTGCCACCTTTGGCTTCGGAGATCGCGTACGCAAGAAATCTGGTGCCGCTTGGCAGGGTCAAGTCGTCGGTTGGTATTGCACAAAACTCACTCCTGAAGGCTATGCGGTCGAGTCCGAATCCCACCCAGGCTCAGTGCAAATTTATCCTGTGGCTGCACTTGAACGTGTGGCCTAA
resfindernewid_92,dfrB4_2_EU339233,ATGAATGAAGGAAAAAATGAGGTCAGTACTTCAGCTGCTGGCCGGTTCGCATTCCCATCAAACGCCACGTTTGCCTTGGGGGATCGCGTACGCAAGAAGTCTGGCGCTGCTTGGCAGGGGCGCATTGTCGGGTGGTACTGCACAACACTTACCCCTGAAGGCTACGCCGTCGAGTCCGAATCTCACCCAGACTCAGTCCAGATTTATCCCATGACTGCGCTTGAACGGGTGGCCTGA
resfindernewid_93,dfrB4_3_HQ317921,ATGAATGAAGGAAAAAATGAGGTCAGTACTTCAGCTGCTGGCCGGTTCGCATTCCCATCAAACGCCACGTTTGCCTGGGGGGATCGCGTACGCAAGAAGTCTGGCGCTGCTTGGCAGGGGCGCATTGTCGGGTGGTACTGCACAACACTTACCCCTGAAGGCTACGCCGTCGAGTCCGAATCTCACCCAGGCTCAGTCCAGATTTATCCCATGACTGCGCTTGAACGGGTGGCCTGA
resfindernewid_94,dfrD_1_Z50141,TTGAAAATTTCTTTAATTGTTGCGATGGATAAGAAAAGAGTAATCGGCAAGGATAACGACATTCCATGGAGAATTTCTAGTGATTGGGAATATGTAAAAAACACTACAAAAGGACATGCAATCATATTAGGTAGAAAGAACCTTCAATCAATCGGAAGGGCTTTACCTGACAGAAGAAATATTATTTTGACTAGAGATAAAAACTTTAACTTTAAGGATTGTGAAATTGCCCATTCAATAGAAGCTGCATTTAAGTTATGCGAAAATGAAGAAGAGGTTTTCATTTTCGGGGGAGAACAGATATATGTTATGTTCTTGCCTTATGTCGAGAAAATGTACGTTACAAAAATTCATCATGAATTCGAAGGAGATACATTTTTTCCAGTAGTTAATTTTGACGATTGGAAAGAAGTATCTGTTGAAAAAGGAATAAAAGATGAAAAGAATCCTTACGATTATTATTTTCATATATATGAGAGAATTCGTTAA
resfindernewid_95,dfrA17_11_JN645876,TTGAAAATATCATTGATTTCTGCAGTGTCAGAAAATGGCGTAATCGGTAGTGGTCCTGATATCCCGTGGTCAGTAAAAGGTGAGCAACTACTCTTTAAAGCGCTCACATATAATCAATGGCTCCTTGTCGGAAGAAAAACATTTGACTCTATGGGTGTTCTTCCAAATCGCAAATATGCAGTAGTGTCAAAGAACGGAATTTCAAGCTCAAATGAAAACGTCCTAGTTTTTCCTTCAATAGAAAATGCTTTGAAAGAGCTACCAAAAGTTACAGATCATGTATATGTCTCTGGCGGGGGTCAAATCTATAATAGCCTTATTGAAAAAGCAGATATAATTCATTTGTCTACTGTTCACGTTGAAGTCGAAGGTGATATCAAATTCCCTATAATGCCTGAGAATTTCAATTTGGTTTTTGAACAGTTTTTTATGTCTAATATAAATTATACATACCAGATTTGGAAAAAAGGCTAA
resfindernewid_96,dfrA17_2_JN645879,TTGAAAATATCATTGATTTCTGCAGTGTCAGAAAATGGCGTAATCGGTAGTGGTCCTGATATCCCGTGGTCAGTAAAAGGTGAGCAACTACTCTTTAAAGCGCTCACATATAATCAATGGCTCCTTGTCGGAAGAAAAACATTTGACTCTATGGGTGTTCTTCCAAATCGCAAATATGCAGTAGTGTCAAAGAACGGAATTTCAAGCTCAAATGAAAACGTCCGAGTTTTTCCTTCAATAGAAAATGCTTTGAAAGAGCTATCAAAAGTTACAGATCATGTATATGTCTCTGGCGGGGGTCAAATCTATAATAGCCTTATTGAAAAAGCAGATATAATTCATTTGTCTACTGTTCACGTTGAAGTCGAAGGTGATATCAAATTCCCTATAATGCCTGAGAATTTCAATTTGGTTTTTGAACAGTTTTTTATGTCTAATATAAATTATACATACCAGATTTGGAAAAAAGGCTAA
resfindernewid_97,dfrA17_3_JQ414038,TTGAAAATATCATTGATTTCTGCAGTGTCAGAAAATGGCGTAATCGGTAGTGGTCCTGATATCCCGCGGTCAGTAAAAGGTGAGCAACTACTCTTTAAAGCGCTCACATATAATCAATGGCTCCTTGTCGGAAGAAAAACATTTGACTCTATGGGTGTTCTTCCAAATCGCAAATATGCAGTAGTGTCAAAGAACGGAATTTCAAGCTCAAATGAAAACGTCCTAGCTTTTCCTTCAATAGAAAATGCTTTGAAAGAGCTATCAAAAGTTACAGATCATGTATATGTCTCTGGCGGGGGTCAAATCTATAATAGCCTTATTGAAAAAGCAGATATAATTCATTTGTCTACTGTTCACGTTGAAGTCGAAGGTGATATCAAATTCCCTATAATGCCTGAGAATTTCAATTTGGTTTTTGAACAGTTTTTTATGTCTAATATAAATTATACATACCAGATTTGGAAAAAAGGCTAA
resfindernewid_98,dfrA17_4_JQ837988,TTGAAAATATCATTTATTTCTGCAGTGTCAGAAAATGGCGTAATCGGTAGTGGTCCTGATATCCCGTGGTCAGTAAAAGGTGAGCAACTACTCTTTAAAGCGCTCACATATAATCAATGGCTCCTTGTCGGAAGAAAAACATTTGACTCTATGGGTGTTCTTCCAAATCGCAAATATGCAGTAGTGTCAAAGAACGGAATTTCAAGCTCAAATGAAAACGTCCTAGTTTTTCCTTCAATAGAAAATGCTTTGAAAGAGCTATCAAAAGTTACAGATCATGTATATGTCTCTGGCGGGGGTCAAATCTATAATAGCCTTATTGAAAAAGCAGATATAATTCATTTGTCTACTGTTCACGTTGAAGTCGAAGGTGATATCAAATTCCCTATAATGCCTGAGAATTTCAATTTGGTTTTTGAACAGTTTTTTATGTCTAATATAAATTATACATACCAGATTTGGAAAAAAGGCTAA
resfindernewid_99,dfrA17_5_GU358475,TTGAAAATATCATTAATTTCTGCAGTGTCAGAAGATGGCGTAATCGGTAGTGGTCCTGATATCCCGTGGTCAGTAAAAGGTGAGCAACTACTCTTTAAAGCGCTCACATATAATCAATGGCTCCTTGTCGGAAGAAAAACATTTGACTCTATGGGTGTTCTTCCAAATCGCAAATATGCAGTAGTGTCAAAGAACGGAATTTCAAGCTCAAATGAAAACGTCCTAGTTTTTCCTTCAATAGAAAATGCTTTGAAAGAGCTATCAAAAGTTACAGATCATGTATATGTCTCTGGCGGGGGTCAAATCTATAATAGCCTTATTGAAAAAGCAGATATAATTCATTTGTCTACTGTTCACGTTGAAGTCGAAGGTGATATCAAATTCCCTATAATGCCTGAGAATTTCAATTTGGTTTTTGAACAGTTTTTTATGTCTAATATAAATTATACATACCAGATTTGGAAAAAAGGCTAA
resfindernewid_100,dfrA17_6_AF180469,TTGAAAATATCATTGATTTCTGCAGTGTCAGAAAATGGCGTAATCGGTAGTGGTCCTGATATCCCGTGGTCAGTAAAAGGTGAGCAACTACTCTTTAAAGCGCTCACATATAATCAATGGCTCCTTGTCGGAAGAAAAACATTTGACTCTATGGGCGTTCTTCCAAATCGCAAATATGCAGTAGTGTCAAAGAACGGAATTTCAAGCTCAAATGAAAACGTCCTAGTTTTTCCTTCAATAGAAAATGCTTTGAAAGAGCTATCAAAAGTTACAGATCATGTATATGTCTCTGGCGGGGGTCAAATCTATAATAGCCTTATTGAAAAAGCAGATATAATTCATTTGTCTACTGTTCACGTTGAAGTCGAAGGTGATATCAAATTCCCTATAATGCCTGAGAATTTCAATTTGGTTTTTGAACAGTTTTTTATGTCTAATATAAATTATACATACCAGATTTGGAAAAAAGGCTAA
resfindernewid_101,dfrA17_7_AB196349,TTGAAAATATCATTGATTTCTGCAGTGTCAGAAAATGGCGTAATCGGTAGTGGTCCTGATATCCCGTGGTCAGTAAAAGGTGAGCAACTACTCTTTAAAGCGCTCACATATAATCAATGGCTCCTTGTCGGAAGAAAAACATTTGACTCTATGGGTGTTCTTCCAAATCGCAAATATGCAGTAGTGTCAAAGAACGGAATTTCAAGCTCAAATGAAAACGTCCTAGTTTTTCCTTCAATAGAAAATGCTTTGAAAGAGCTATCAAAAGTTACAGATCATGTATATGTCTCTGACGGGGGTCAAATCTATAATAGCCTTATTGAAAAAGCAGATATAATTCATTTGTCTACTGTTCACGTTGAAGTCGAAGGTGATATCAAATTCCCTATAATGCCTGAGAATTTCAATTTGGTTTTTGAACAGTTTTTTATGTCTAATATAAATTATACATACCAGATTTGGAAAAAAGGCTAA
resfindernewid_102,dfrA17_8_AM932673,TTGAAAATATCATTGATTTCTGCAGTGTCAGAAAGTGGCGTAATCGGTAGTGGTCCTGATATCCCGTGGTCAGTAAAAGGTGAGCAACTACTCTTTAAAGCGCTCACATATAATCAATGGCTCCTTGTCGGAAGAAAAACATTTGACTCTATGGGTGTTCTTCCAAATCGCAAATATGCAGTAGTGTCAAAGAACGGAATTTCAAGCTCAAATGAAAACGTCCTAGTTTTTCCTTCAATAGAAAATGCTTTGAAAGAGCTATCAAAAGTTACAGATCATGTATATGTCTCTGGCGGGGGTCAAATCTATAATAGCCTTATTGAAAAAGCAGATATAATTCATTTGTCTACTGTTCACGTTGAAGTCGAAGGTGATATCAAATTCCCTATAATGCCTGAGAATTTCAATTTGGTTTTTGAACAGTTTTTTATGTCTAATATAAATTATACATACCAGATTTGGAAAAAAGGCTAA
resfindernewid_103,dfrA17_9_FJ807902,TTGAAAATATCATTGATTTCTGCAGTGCCAGAAAATGGCGTAATCGGTAGTGGTCCTGATATCCCGTGGTCAGTAAAAGGTGAGCAACTACTCTTTAAAGCGCTCACATATAATCAATGGCTCCTTGTCGGAAGAAAAACATTTGACTCTATGGGTGTTCTTCCAAATCGCAAATATGCAGTAGTGTCAAAGAACGGAATTTCAAGCTCAAATGAAAACGTCCTAGTTTTTCCTTCAATAGAAAATGCTTTGAAAGAGCTATCAAAAGTTACAGATCATGTATATGTCTCTGGCGGGGGTCAAATCTATAATAGCCTTATTGAAAAAGCAGATATAATTCATTTGTCTACTGTTCACGTTGAAGTCGAAGGTGATATCAAATTCCCTATAATGCCTGAGAATTTCAATTTGGTTTTTGAACAGTTTTTTATGTCTAATATAAATTATACATACCAGATTTGGAAAAAAGGCTAA
resfindernewid_104,dfrA17_10_AM937244,TTGAAAATATCATTGATTTCTGCAGTGTCAGAAAATGGCGTAATCGGTAGTGGTCCTGATATCCCGTGGTCAGTAAAAGGTGAGCAACTACTCTTTAAAGCGCTCACATATAATCAATGGCTCCTTGTCGGAAGAAAAACATTTGACTCTATGGGTGTTCTTCCAAATCGCAAATATGCAGTAGTGTCAAAGAACGGAATTTCAAGCTCAAATGAAAACGTCCTAGTTTTTCCTTCAATAGAAAATGCTTTGAAAGAGCTATCAAAAGTTACAGATCATGTATATGTCTCTGGCGGGGGTCAAATCTATAATAGCCTTATTGAAAAAGCAGATATAATTCATTTGTCTACTGTTCACGTTGAAGTCGAAGATGATATCAAATTCCCTATAATGCCTGAGAATTTCAATTTGGTTTTTGAACAGTTTTTTATGTCTAATATAAATTATACATACCAGATTTGGAAAAAAGGCTAA
