resfindernewid_1	0	0	.	.	.
resfindernewid_10	0	0	.	.	.
resfindernewid_100	0	0	.	.	.
resfindernewid_1000	0	0	.	.	.
resfindernewid_1001	0	0	.	.	.
resfindernewid_1002	0	0	.	.	.
resfindernewid_1003	0	0	.	.	.
resfindernewid_1004	0	0	.	.	.
resfindernewid_1005	0	0	.	.	.
resfindernewid_1006	0	0	.	.	.
resfindernewid_1007	0	0	.	.	.
resfindernewid_1008	0	0	.	.	.
resfindernewid_1009	0	0	.	.	.
resfindernewid_101	0	0	.	.	.
resfindernewid_1010	0	0	.	.	.
resfindernewid_1011	0	0	.	.	.
resfindernewid_1012	0	0	.	.	.
resfindernewid_1013	0	0	.	.	.
resfindernewid_1014	0	0	.	.	.
resfindernewid_1015	0	0	.	.	.
resfindernewid_1016	0	0	.	.	.
resfindernewid_1017	0	0	.	.	.
resfindernewid_1018	0	0	.	.	.
resfindernewid_1019	0	0	.	.	.
resfindernewid_102	0	0	.	.	.
resfindernewid_1020	0	0	.	.	.
resfindernewid_1021	0	0	.	.	.
resfindernewid_1022	0	0	.	.	.
resfindernewid_1023	0	0	.	.	.
resfindernewid_1024	0	0	.	.	.
resfindernewid_1025	0	0	.	.	.
resfindernewid_1026	0	0	.	.	.
resfindernewid_1027	0	0	.	.	.
resfindernewid_1028	0	0	.	.	.
resfindernewid_1029	0	0	.	.	.
resfindernewid_103	0	0	.	.	.
resfindernewid_1030	0	0	.	.	.
resfindernewid_1031	0	0	.	.	.
resfindernewid_1032	0	0	.	.	.
resfindernewid_1033	0	0	.	.	.
resfindernewid_1034	0	0	.	.	.
resfindernewid_1035	0	0	.	.	.
resfindernewid_1036	0	0	.	.	.
resfindernewid_1037	0	0	.	.	.
resfindernewid_1038	0	0	.	.	.
resfindernewid_1039	0	0	.	.	.
resfindernewid_104	0	0	.	.	.
resfindernewid_1040	0	0	.	.	.
resfindernewid_1041	0	0	.	.	.
resfindernewid_1042	0	0	.	.	.
resfindernewid_1043	0	0	.	.	.
resfindernewid_1044	0	0	.	.	.
resfindernewid_1045	0	0	.	.	.
resfindernewid_1046	0	0	.	.	.
resfindernewid_1047	0	0	.	.	.
resfindernewid_1048	0	0	.	.	.
resfindernewid_1049	0	0	.	.	.
resfindernewid_105	0	0	.	.	.
resfindernewid_1050	0	0	.	.	.
resfindernewid_1051	0	0	.	.	.
resfindernewid_1052	0	0	.	.	.
resfindernewid_1053	0	0	.	.	.
resfindernewid_1054	0	0	.	.	.
resfindernewid_1055	0	0	.	.	.
resfindernewid_1056	0	0	.	.	.
resfindernewid_1057	0	0	.	.	.
resfindernewid_1058	0	0	.	.	.
resfindernewid_1059	0	0	.	.	.
resfindernewid_106	0	0	.	.	.
resfindernewid_1060	0	0	.	.	.
resfindernewid_1061	0	0	.	.	.
resfindernewid_1062	0	0	.	.	.
resfindernewid_1063	0	0	.	.	.
resfindernewid_1064	0	0	.	.	.
resfindernewid_1065	0	0	.	.	.
resfindernewid_1066	0	0	.	.	.
resfindernewid_1067	0	0	.	.	.
resfindernewid_1068	0	0	.	.	.
resfindernewid_1069	0	0	.	.	.
resfindernewid_107	0	0	.	.	.
resfindernewid_1070	0	0	.	.	.
resfindernewid_1071	0	0	.	.	.
resfindernewid_1072	0	0	.	.	.
resfindernewid_1073	0	0	.	.	.
resfindernewid_1074	0	0	.	.	.
resfindernewid_1075	0	0	.	.	.
resfindernewid_1076	0	0	.	.	.
resfindernewid_1077	0	0	.	.	.
resfindernewid_1078	0	0	.	.	.
resfindernewid_1079	0	0	.	.	.
resfindernewid_108	0	0	.	.	.
resfindernewid_1080	0	0	.	.	.
resfindernewid_1081	0	0	.	.	.
resfindernewid_1082	0	0	.	.	.
resfindernewid_1083	0	0	.	.	.
resfindernewid_1084	0	0	.	.	.
resfindernewid_1085	0	0	.	.	.
resfindernewid_1086	0	0	.	.	.
resfindernewid_1087	0	0	.	.	.
resfindernewid_1088	0	0	.	.	.
resfindernewid_1089	0	0	.	.	.
resfindernewid_109	0	0	.	.	.
resfindernewid_1090	0	0	.	.	.
resfindernewid_1091	0	0	.	.	.
resfindernewid_1092	0	0	.	.	.
resfindernewid_1093	0	0	.	.	.
resfindernewid_1094	0	0	.	.	.
resfindernewid_1095	0	0	.	.	.
resfindernewid_1096	0	0	.	.	.
resfindernewid_1097	0	0	.	.	.
resfindernewid_1098	0	0	.	.	.
resfindernewid_1099	0	0	.	.	.
resfindernewid_11	0	0	.	.	.
resfindernewid_110	0	0	.	.	.
resfindernewid_1100	0	0	.	.	.
resfindernewid_1101	0	0	.	.	.
resfindernewid_1102	0	0	.	.	.
resfindernewid_1103	0	0	.	.	.
resfindernewid_1104	0	0	.	.	.
resfindernewid_1105	0	0	.	.	.
resfindernewid_1106	0	0	.	.	.
resfindernewid_1107	0	0	.	.	.
resfindernewid_1108	0	0	.	.	.
resfindernewid_1109	0	0	.	.	.
resfindernewid_111	0	0	.	.	.
resfindernewid_1110	0	0	.	.	.
resfindernewid_1111	0	0	.	.	.
resfindernewid_1112	0	0	.	.	.
resfindernewid_1113	0	0	.	.	.
resfindernewid_1114	0	0	.	.	.
resfindernewid_1115	0	0	.	.	.
resfindernewid_1116	0	0	.	.	.
resfindernewid_1117	0	0	.	.	.
resfindernewid_1118	0	0	.	.	.
resfindernewid_1119	0	0	.	.	.
resfindernewid_112	0	0	.	.	.
resfindernewid_1120	0	0	.	.	.
resfindernewid_1121	0	0	.	.	.
resfindernewid_1122	0	0	.	.	.
resfindernewid_1123	0	0	.	.	.
resfindernewid_1124	0	0	.	.	.
resfindernewid_1125	0	0	.	.	.
resfindernewid_1126	0	0	.	.	.
resfindernewid_1127	0	0	.	.	.
resfindernewid_1128	0	0	.	.	.
resfindernewid_1129	0	0	.	.	.
resfindernewid_113	0	0	.	.	.
resfindernewid_1130	0	0	.	.	.
resfindernewid_1131	0	0	.	.	.
resfindernewid_1132	0	0	.	.	.
resfindernewid_1133	0	0	.	.	.
resfindernewid_1134	0	0	.	.	.
resfindernewid_1135	0	0	.	.	.
resfindernewid_1136	0	0	.	.	.
resfindernewid_1137	0	0	.	.	.
resfindernewid_1138	0	0	.	.	.
resfindernewid_1139	0	0	.	.	.
resfindernewid_114	0	0	.	.	.
resfindernewid_1140	0	0	.	.	.
resfindernewid_1141	0	0	.	.	.
resfindernewid_1142	0	0	.	.	.
resfindernewid_1143	0	0	.	.	.
resfindernewid_1144	0	0	.	.	.
resfindernewid_1145	0	0	.	.	.
resfindernewid_1146	0	0	.	.	.
resfindernewid_1147	0	0	.	.	.
resfindernewid_1148	0	0	.	.	.
resfindernewid_1149	0	0	.	.	.
resfindernewid_115	0	0	.	.	.
resfindernewid_1150	0	0	.	.	.
resfindernewid_1151	0	0	.	.	.
resfindernewid_1152	0	0	.	.	.
resfindernewid_1153	0	0	.	.	.
resfindernewid_1154	0	0	.	.	.
resfindernewid_1155	0	0	.	.	.
resfindernewid_1156	0	0	.	.	.
resfindernewid_1157	0	0	.	.	.
resfindernewid_1158	0	0	.	.	.
resfindernewid_1159	0	0	.	.	.
resfindernewid_116	0	0	.	.	.
resfindernewid_1160	0	0	.	.	.
resfindernewid_1161	0	0	.	.	.
resfindernewid_1162	0	0	.	.	.
resfindernewid_1163	0	0	.	.	.
resfindernewid_1164	0	0	.	.	.
resfindernewid_1165	0	0	.	.	.
resfindernewid_1166	0	0	.	.	.
resfindernewid_1167	0	0	.	.	.
resfindernewid_1168	0	0	.	.	.
resfindernewid_1169	0	0	.	.	.
resfindernewid_117	0	0	.	.	.
resfindernewid_1170	0	0	.	.	.
resfindernewid_1171	0	0	.	.	.
resfindernewid_1172	0	0	.	.	.
resfindernewid_1173	0	0	.	.	.
resfindernewid_1174	0	0	.	.	.
resfindernewid_1175	0	0	.	.	.
resfindernewid_1176	0	0	.	.	.
resfindernewid_1177	0	0	.	.	.
resfindernewid_1178	0	0	.	.	.
resfindernewid_1179	0	0	.	.	.
resfindernewid_118	0	0	.	.	.
resfindernewid_1180	0	0	.	.	.
resfindernewid_1181	0	0	.	.	.
resfindernewid_1182	0	0	.	.	.
resfindernewid_1183	0	0	.	.	.
resfindernewid_1184	0	0	.	.	.
resfindernewid_1185	0	0	.	.	.
resfindernewid_1186	0	0	.	.	.
resfindernewid_1187	0	0	.	.	.
resfindernewid_1188	0	0	.	.	.
resfindernewid_1189	0	0	.	.	.
resfindernewid_119	0	0	.	.	.
resfindernewid_1190	0	0	.	.	.
resfindernewid_1191	0	0	.	.	.
resfindernewid_1192	0	0	.	.	.
resfindernewid_1193	0	0	.	.	.
resfindernewid_1194	0	0	.	.	.
resfindernewid_1195	0	0	.	.	.
resfindernewid_1196	0	0	.	.	.
resfindernewid_1197	0	0	.	.	.
resfindernewid_1198	0	0	.	.	.
resfindernewid_1199	0	0	.	.	.
resfindernewid_12	0	0	.	.	.
resfindernewid_120	0	0	.	.	.
resfindernewid_1200	0	0	.	.	.
resfindernewid_1201	0	0	.	.	.
resfindernewid_1202	0	0	.	.	.
resfindernewid_1203	0	0	.	.	.
resfindernewid_1204	0	0	.	.	.
resfindernewid_1205	0	0	.	.	.
resfindernewid_1206	0	0	.	.	.
resfindernewid_1207	0	0	.	.	.
resfindernewid_1208	0	0	.	.	.
resfindernewid_1209	0	0	.	.	.
resfindernewid_121	0	0	.	.	.
resfindernewid_1210	0	0	.	.	.
resfindernewid_1211	0	0	.	.	.
resfindernewid_1212	0	0	.	.	.
resfindernewid_1213	0	0	.	.	.
resfindernewid_1214	0	0	.	.	.
resfindernewid_1215	0	0	.	.	.
resfindernewid_1216	0	0	.	.	.
resfindernewid_1217	0	0	.	.	.
resfindernewid_1218	0	0	.	.	.
resfindernewid_1219	0	0	.	.	.
resfindernewid_122	0	0	.	.	.
resfindernewid_1220	0	0	.	.	.
resfindernewid_1221	0	0	.	.	.
resfindernewid_1222	0	0	.	.	.
resfindernewid_1223	0	0	.	.	.
resfindernewid_1224	0	0	.	.	.
resfindernewid_1225	0	0	.	.	.
resfindernewid_1226	0	0	.	.	.
resfindernewid_1227	0	0	.	.	.
resfindernewid_1228	0	0	.	.	.
resfindernewid_1229	0	0	.	.	.
resfindernewid_123	0	0	.	.	.
resfindernewid_1230	0	0	.	.	.
resfindernewid_1231	0	0	.	.	.
resfindernewid_1232	0	0	.	.	.
resfindernewid_1233	0	0	.	.	.
resfindernewid_1234	0	0	.	.	.
resfindernewid_1235	0	0	.	.	.
resfindernewid_1236	0	0	.	.	.
resfindernewid_1237	0	0	.	.	.
resfindernewid_1238	0	0	.	.	.
resfindernewid_1239	0	0	.	.	.
resfindernewid_124	0	0	.	.	.
resfindernewid_1240	0	0	.	.	.
resfindernewid_1241	0	0	.	.	.
resfindernewid_1242	0	0	.	.	.
resfindernewid_1243	0	0	.	.	.
resfindernewid_1244	0	0	.	.	.
resfindernewid_1245	0	0	.	.	.
resfindernewid_1246	0	0	.	.	.
resfindernewid_1247	0	0	.	.	.
resfindernewid_1248	0	0	.	.	.
resfindernewid_1249	0	0	.	.	.
resfindernewid_125	0	0	.	.	.
resfindernewid_1250	0	0	.	.	.
resfindernewid_1251	0	0	.	.	.
resfindernewid_1252	0	0	.	.	.
resfindernewid_1253	0	0	.	.	.
resfindernewid_1254	0	0	.	.	.
resfindernewid_1255	0	0	.	.	.
resfindernewid_1256	0	0	.	.	.
resfindernewid_1257	0	0	.	.	.
resfindernewid_1258	0	0	.	.	.
resfindernewid_1259	0	0	.	.	.
resfindernewid_126	0	0	.	.	.
resfindernewid_1260	0	0	.	.	.
resfindernewid_1261	0	0	.	.	.
resfindernewid_1262	0	0	.	.	.
resfindernewid_1263	0	0	.	.	.
resfindernewid_1264	0	0	.	.	.
resfindernewid_1265	0	0	.	.	.
resfindernewid_1266	0	0	.	.	.
resfindernewid_1267	0	0	.	.	.
resfindernewid_1268	0	0	.	.	.
resfindernewid_1269	0	0	.	.	.
resfindernewid_127	0	0	.	.	.
resfindernewid_1270	0	0	.	.	.
resfindernewid_1271	0	0	.	.	.
resfindernewid_1272	0	0	.	.	.
resfindernewid_1273	0	0	.	.	.
resfindernewid_1274	0	0	.	.	.
resfindernewid_1275	0	0	.	.	.
resfindernewid_1276	0	0	.	.	.
resfindernewid_1277	0	0	.	.	.
resfindernewid_1278	0	0	.	.	.
resfindernewid_1279	0	0	.	.	.
resfindernewid_128	0	0	.	.	.
resfindernewid_1280	0	0	.	.	.
resfindernewid_1281	0	0	.	.	.
resfindernewid_1282	0	0	.	.	.
resfindernewid_1283	0	0	.	.	.
resfindernewid_1284	0	0	.	.	.
resfindernewid_1285	0	0	.	.	.
resfindernewid_1286	0	0	.	.	.
resfindernewid_1287	0	0	.	.	.
resfindernewid_1288	0	0	.	.	.
resfindernewid_1289	0	0	.	.	.
resfindernewid_129	0	0	.	.	.
resfindernewid_1290	0	0	.	.	.
resfindernewid_1291	0	0	.	.	.
resfindernewid_1292	0	0	.	.	.
resfindernewid_1293	0	0	.	.	.
resfindernewid_1294	0	0	.	.	.
resfindernewid_1295	0	0	.	.	.
resfindernewid_1296	0	0	.	.	.
resfindernewid_1297	0	0	.	.	.
resfindernewid_1298	0	0	.	.	.
resfindernewid_1299	0	0	.	.	.
resfindernewid_13	0	0	.	.	.
resfindernewid_130	0	0	.	.	.
resfindernewid_1300	0	0	.	.	.
resfindernewid_1301	0	0	.	.	.
resfindernewid_1302	0	0	.	.	.
resfindernewid_1303	0	0	.	.	.
resfindernewid_1304	0	0	.	.	.
resfindernewid_1305	0	0	.	.	.
resfindernewid_1306	0	0	.	.	.
resfindernewid_1307	0	0	.	.	.
resfindernewid_1308	0	0	.	.	.
resfindernewid_1309	0	0	.	.	.
resfindernewid_131	0	0	.	.	.
resfindernewid_1310	0	0	.	.	.
resfindernewid_1311	0	0	.	.	.
resfindernewid_1312	0	0	.	.	.
resfindernewid_1313	0	0	.	.	.
resfindernewid_1314	0	0	.	.	.
resfindernewid_1315	0	0	.	.	.
resfindernewid_1316	0	0	.	.	.
resfindernewid_1317	0	0	.	.	.
resfindernewid_1318	0	0	.	.	.
resfindernewid_1319	0	0	.	.	.
resfindernewid_132	0	0	.	.	.
resfindernewid_1320	0	0	.	.	.
resfindernewid_1321	0	0	.	.	.
resfindernewid_1322	0	0	.	.	.
resfindernewid_1323	0	0	.	.	.
resfindernewid_1324	0	0	.	.	.
resfindernewid_1325	0	0	.	.	.
resfindernewid_1326	0	0	.	.	.
resfindernewid_1327	0	0	.	.	.
resfindernewid_1328	0	0	.	.	.
resfindernewid_1329	0	0	.	.	.
resfindernewid_133	0	0	.	.	.
resfindernewid_1330	0	0	.	.	.
resfindernewid_1331	0	0	.	.	.
resfindernewid_1332	0	0	.	.	.
resfindernewid_1333	0	0	.	.	.
resfindernewid_1334	0	0	.	.	.
resfindernewid_1335	0	0	.	.	.
resfindernewid_1336	0	0	.	.	.
resfindernewid_1337	0	0	.	.	.
resfindernewid_1338	0	0	.	.	.
resfindernewid_1339	0	0	.	.	.
resfindernewid_134	0	0	.	.	.
resfindernewid_1340	0	0	.	.	.
resfindernewid_1341	0	0	.	.	.
resfindernewid_1342	0	0	.	.	.
resfindernewid_1343	0	0	.	.	.
resfindernewid_1344	0	0	.	.	.
resfindernewid_1345	0	0	.	.	.
resfindernewid_1346	0	0	.	.	.
resfindernewid_1347	0	0	.	.	.
resfindernewid_1348	0	0	.	.	.
resfindernewid_1349	0	0	.	.	.
resfindernewid_135	0	0	.	.	.
resfindernewid_1350	0	0	.	.	.
resfindernewid_1351	0	0	.	.	.
resfindernewid_1352	0	0	.	.	.
resfindernewid_1353	0	0	.	.	.
resfindernewid_1354	0	0	.	.	.
resfindernewid_1355	0	0	.	.	.
resfindernewid_1356	0	0	.	.	.
resfindernewid_1357	0	0	.	.	.
resfindernewid_1358	0	0	.	.	.
resfindernewid_1359	0	0	.	.	.
resfindernewid_136	0	0	.	.	.
resfindernewid_1360	0	0	.	.	.
resfindernewid_1361	0	0	.	.	.
resfindernewid_1362	0	0	.	.	.
resfindernewid_1363	0	0	.	.	.
resfindernewid_1364	0	0	.	.	.
resfindernewid_1365	0	0	.	.	.
resfindernewid_1366	0	0	.	.	.
resfindernewid_1367	0	0	.	.	.
resfindernewid_1368	0	0	.	.	.
resfindernewid_1369	0	0	.	.	.
resfindernewid_137	0	0	.	.	.
resfindernewid_1370	0	0	.	.	.
resfindernewid_1371	0	0	.	.	.
resfindernewid_1372	0	0	.	.	.
resfindernewid_1373	0	0	.	.	.
resfindernewid_1374	0	0	.	.	.
resfindernewid_1375	0	0	.	.	.
resfindernewid_1376	0	0	.	.	.
resfindernewid_1377	0	0	.	.	.
resfindernewid_1378	0	0	.	.	.
resfindernewid_1379	0	0	.	.	.
resfindernewid_138	0	0	.	.	.
resfindernewid_1380	0	0	.	.	.
resfindernewid_1381	0	0	.	.	.
resfindernewid_1382	0	0	.	.	.
resfindernewid_1383	0	0	.	.	.
resfindernewid_1384	0	0	.	.	.
resfindernewid_1385	0	0	.	.	.
resfindernewid_1386	0	0	.	.	.
resfindernewid_1387	0	0	.	.	.
resfindernewid_1388	0	0	.	.	.
resfindernewid_1389	0	0	.	.	.
resfindernewid_139	0	0	.	.	.
resfindernewid_1390	0	0	.	.	.
resfindernewid_1391	0	0	.	.	.
resfindernewid_1392	0	0	.	.	.
resfindernewid_1393	0	0	.	.	.
resfindernewid_1394	0	0	.	.	.
resfindernewid_1395	0	0	.	.	.
resfindernewid_1396	0	0	.	.	.
resfindernewid_1397	0	0	.	.	.
resfindernewid_1398	0	0	.	.	.
resfindernewid_1399	0	0	.	.	.
resfindernewid_14	0	0	.	.	.
resfindernewid_140	0	0	.	.	.
resfindernewid_1400	0	0	.	.	.
resfindernewid_1401	0	0	.	.	.
resfindernewid_1402	0	0	.	.	.
resfindernewid_1403	0	0	.	.	.
resfindernewid_1404	0	0	.	.	.
resfindernewid_1405	0	0	.	.	.
resfindernewid_1406	0	0	.	.	.
resfindernewid_1407	0	0	.	.	.
resfindernewid_1408	0	0	.	.	.
resfindernewid_1409	0	0	.	.	.
resfindernewid_141	0	0	.	.	.
resfindernewid_1410	0	0	.	.	.
resfindernewid_1411	0	0	.	.	.
resfindernewid_1412	0	0	.	.	.
resfindernewid_1413	0	0	.	.	.
resfindernewid_1414	0	0	.	.	.
resfindernewid_1415	0	0	.	.	.
resfindernewid_1416	0	0	.	.	.
resfindernewid_1417	0	0	.	.	.
resfindernewid_1418	0	0	.	.	.
resfindernewid_1419	0	0	.	.	.
resfindernewid_142	0	0	.	.	.
resfindernewid_1420	0	0	.	.	.
resfindernewid_1421	0	0	.	.	.
resfindernewid_1422	0	0	.	.	.
resfindernewid_1423	0	0	.	.	.
resfindernewid_1424	0	0	.	.	.
resfindernewid_1425	0	0	.	.	.
resfindernewid_1426	0	0	.	.	.
resfindernewid_1427	0	0	.	.	.
resfindernewid_1428	0	0	.	.	.
resfindernewid_1429	0	0	.	.	.
resfindernewid_143	0	0	.	.	.
resfindernewid_1430	0	0	.	.	.
resfindernewid_1431	0	0	.	.	.
resfindernewid_1432	0	0	.	.	.
resfindernewid_1433	0	0	.	.	.
resfindernewid_1434	0	0	.	.	.
resfindernewid_1435	0	0	.	.	.
resfindernewid_1436	0	0	.	.	.
resfindernewid_1437	0	0	.	.	.
resfindernewid_1438	0	0	.	.	.
resfindernewid_1439	0	0	.	.	.
resfindernewid_144	0	0	.	.	.
resfindernewid_1440	0	0	.	.	.
resfindernewid_1441	0	0	.	.	.
resfindernewid_1442	0	0	.	.	.
resfindernewid_1443	0	0	.	.	.
resfindernewid_1444	0	0	.	.	.
resfindernewid_1445	0	0	.	.	.
resfindernewid_1446	0	0	.	.	.
resfindernewid_1447	0	0	.	.	.
resfindernewid_1448	0	0	.	.	.
resfindernewid_1449	0	0	.	.	.
resfindernewid_145	0	0	.	.	.
resfindernewid_1450	0	0	.	.	.
resfindernewid_1451	0	0	.	.	.
resfindernewid_1452	0	0	.	.	.
resfindernewid_1453	0	0	.	.	.
resfindernewid_1454	0	0	.	.	.
resfindernewid_1455	0	0	.	.	.
resfindernewid_1456	0	0	.	.	.
resfindernewid_1457	0	0	.	.	.
resfindernewid_1458	0	0	.	.	.
resfindernewid_1459	0	0	.	.	.
resfindernewid_146	0	0	.	.	.
resfindernewid_1460	0	0	.	.	.
resfindernewid_1461	0	0	.	.	.
resfindernewid_1462	0	0	.	.	.
resfindernewid_1463	0	0	.	.	.
resfindernewid_1464	0	0	.	.	.
resfindernewid_1465	0	0	.	.	.
resfindernewid_1466	0	0	.	.	.
resfindernewid_1467	0	0	.	.	.
resfindernewid_1468	0	0	.	.	.
resfindernewid_1469	0	0	.	.	.
resfindernewid_147	0	0	.	.	.
resfindernewid_1470	0	0	.	.	.
resfindernewid_1471	0	0	.	.	.
resfindernewid_1472	0	0	.	.	.
resfindernewid_1473	0	0	.	.	.
resfindernewid_1474	0	0	.	.	.
resfindernewid_1475	0	0	.	.	.
resfindernewid_1476	0	0	.	.	.
resfindernewid_1477	0	0	.	.	.
resfindernewid_1478	0	0	.	.	.
resfindernewid_1479	0	0	.	.	.
resfindernewid_148	0	0	.	.	.
resfindernewid_1480	0	0	.	.	.
resfindernewid_1481	0	0	.	.	.
resfindernewid_1482	0	0	.	.	.
resfindernewid_1483	0	0	.	.	.
resfindernewid_1484	0	0	.	.	.
resfindernewid_1485	0	0	.	.	.
resfindernewid_1486	0	0	.	.	.
resfindernewid_1487	0	0	.	.	.
resfindernewid_1488	0	0	.	.	.
resfindernewid_1489	0	0	.	.	.
resfindernewid_149	0	0	.	.	.
resfindernewid_1490	0	0	.	.	.
resfindernewid_1491	0	0	.	.	.
resfindernewid_1492	0	0	.	.	.
resfindernewid_1493	0	0	.	.	.
resfindernewid_1494	0	0	.	.	.
resfindernewid_1495	0	0	.	.	.
resfindernewid_1496	0	0	.	.	.
resfindernewid_1497	0	0	.	.	.
resfindernewid_1498	0	0	.	.	.
resfindernewid_1499	0	0	.	.	.
resfindernewid_15	0	0	.	.	.
resfindernewid_150	0	0	.	.	.
resfindernewid_1500	0	0	.	.	.
resfindernewid_1501	0	0	.	.	.
resfindernewid_1502	0	0	.	.	.
resfindernewid_1503	0	0	.	.	.
resfindernewid_1504	0	0	.	.	.
resfindernewid_1505	0	0	.	.	.
resfindernewid_1506	0	0	.	.	.
resfindernewid_1507	0	0	.	.	.
resfindernewid_1508	0	0	.	.	.
resfindernewid_1509	0	0	.	.	.
resfindernewid_151	0	0	.	.	.
resfindernewid_1510	0	0	.	.	.
resfindernewid_1511	0	0	.	.	.
resfindernewid_1512	0	0	.	.	.
resfindernewid_1513	0	0	.	.	.
resfindernewid_1514	0	0	.	.	.
resfindernewid_1515	0	0	.	.	.
resfindernewid_1516	0	0	.	.	.
resfindernewid_1517	0	0	.	.	.
resfindernewid_1518	0	0	.	.	.
resfindernewid_1519	0	0	.	.	.
resfindernewid_152	0	0	.	.	.
resfindernewid_1520	0	0	.	.	.
resfindernewid_1521	0	0	.	.	.
resfindernewid_1522	0	0	.	.	.
resfindernewid_1523	0	0	.	.	.
resfindernewid_1524	0	0	.	.	.
resfindernewid_1525	0	0	.	.	.
resfindernewid_1526	0	0	.	.	.
resfindernewid_1527	0	0	.	.	.
resfindernewid_1528	0	0	.	.	.
resfindernewid_1529	0	0	.	.	.
resfindernewid_153	0	0	.	.	.
resfindernewid_1530	0	0	.	.	.
resfindernewid_1531	0	0	.	.	.
resfindernewid_1532	0	0	.	.	.
resfindernewid_1533	0	0	.	.	.
resfindernewid_1534	0	0	.	.	.
resfindernewid_1535	0	0	.	.	.
resfindernewid_1536	0	0	.	.	.
resfindernewid_1537	0	0	.	.	.
resfindernewid_1538	0	0	.	.	.
resfindernewid_1539	0	0	.	.	.
resfindernewid_154	0	0	.	.	.
resfindernewid_1540	0	0	.	.	.
resfindernewid_1541	0	0	.	.	.
resfindernewid_1542	0	0	.	.	.
resfindernewid_1543	0	0	.	.	.
resfindernewid_1544	0	0	.	.	.
resfindernewid_1545	0	0	.	.	.
resfindernewid_1546	0	0	.	.	.
resfindernewid_1547	0	0	.	.	.
resfindernewid_1548	0	0	.	.	.
resfindernewid_1549	0	0	.	.	.
resfindernewid_155	0	0	.	.	.
resfindernewid_1550	0	0	.	.	.
resfindernewid_1551	0	0	.	.	.
resfindernewid_1552	0	0	.	.	.
resfindernewid_1553	0	0	.	.	.
resfindernewid_1554	0	0	.	.	.
resfindernewid_1555	0	0	.	.	.
resfindernewid_1556	0	0	.	.	.
resfindernewid_1557	0	0	.	.	.
resfindernewid_1558	0	0	.	.	.
resfindernewid_1559	0	0	.	.	.
resfindernewid_156	0	0	.	.	.
resfindernewid_1560	0	0	.	.	.
resfindernewid_1561	0	0	.	.	.
resfindernewid_1562	0	0	.	.	.
resfindernewid_1563	0	0	.	.	.
resfindernewid_1564	0	0	.	.	.
resfindernewid_1565	0	0	.	.	.
resfindernewid_1566	0	0	.	.	.
resfindernewid_1567	0	0	.	.	.
resfindernewid_1568	0	0	.	.	.
resfindernewid_1569	0	0	.	.	.
resfindernewid_157	0	0	.	.	.
resfindernewid_1570	0	0	.	.	.
resfindernewid_1571	0	0	.	.	.
resfindernewid_1572	0	0	.	.	.
resfindernewid_1573	0	0	.	.	.
resfindernewid_1574	0	0	.	.	.
resfindernewid_1575	0	0	.	.	.
resfindernewid_1576	0	0	.	.	.
resfindernewid_1577	0	0	.	.	.
resfindernewid_1578	0	0	.	.	.
resfindernewid_1579	0	0	.	.	.
resfindernewid_158	0	0	.	.	.
resfindernewid_1580	0	0	.	.	.
resfindernewid_1581	0	0	.	.	.
resfindernewid_1582	0	0	.	.	.
resfindernewid_1583	0	0	.	.	.
resfindernewid_1584	0	0	.	.	.
resfindernewid_1585	0	0	.	.	.
resfindernewid_1586	0	0	.	.	.
resfindernewid_1587	0	0	.	.	.
resfindernewid_1588	0	0	.	.	.
resfindernewid_1589	0	0	.	.	.
resfindernewid_159	0	0	.	.	.
resfindernewid_1590	0	0	.	.	.
resfindernewid_1591	0	0	.	.	.
resfindernewid_1592	0	0	.	.	.
resfindernewid_1593	0	0	.	.	.
resfindernewid_1594	0	0	.	.	.
resfindernewid_1595	0	0	.	.	.
resfindernewid_1596	0	0	.	.	.
resfindernewid_1597	0	0	.	.	.
resfindernewid_1598	0	0	.	.	.
resfindernewid_1599	0	0	.	.	.
resfindernewid_16	0	0	.	.	.
resfindernewid_160	0	0	.	.	.
resfindernewid_1600	0	0	.	.	.
resfindernewid_1601	0	0	.	.	.
resfindernewid_1602	0	0	.	.	.
resfindernewid_1603	0	0	.	.	.
resfindernewid_1604	0	0	.	.	.
resfindernewid_1605	0	0	.	.	.
resfindernewid_1606	0	0	.	.	.
resfindernewid_1607	0	0	.	.	.
resfindernewid_1608	0	0	.	.	.
resfindernewid_1609	0	0	.	.	.
resfindernewid_161	0	0	.	.	.
resfindernewid_1610	0	0	.	.	.
resfindernewid_1611	0	0	.	.	.
resfindernewid_1612	0	0	.	.	.
resfindernewid_1613	0	0	.	.	.
resfindernewid_1614	0	0	.	.	.
resfindernewid_1615	0	0	.	.	.
resfindernewid_1616	0	0	.	.	.
resfindernewid_1617	0	0	.	.	.
resfindernewid_1618	0	0	.	.	.
resfindernewid_1619	0	0	.	.	.
resfindernewid_162	0	0	.	.	.
resfindernewid_1620	0	0	.	.	.
resfindernewid_1621	0	0	.	.	.
resfindernewid_1622	0	0	.	.	.
resfindernewid_1623	0	0	.	.	.
resfindernewid_1624	0	0	.	.	.
resfindernewid_1625	0	0	.	.	.
resfindernewid_1626	0	0	.	.	.
resfindernewid_1627	0	0	.	.	.
resfindernewid_1628	0	0	.	.	.
resfindernewid_1629	0	0	.	.	.
resfindernewid_163	0	0	.	.	.
resfindernewid_1630	0	0	.	.	.
resfindernewid_1631	0	0	.	.	.
resfindernewid_1632	0	0	.	.	.
resfindernewid_1633	0	0	.	.	.
resfindernewid_1634	0	0	.	.	.
resfindernewid_1635	0	0	.	.	.
resfindernewid_1636	0	0	.	.	.
resfindernewid_1637	0	0	.	.	.
resfindernewid_1638	0	0	.	.	.
resfindernewid_1639	0	0	.	.	.
resfindernewid_164	0	0	.	.	.
resfindernewid_1640	0	0	.	.	.
resfindernewid_1641	0	0	.	.	.
resfindernewid_1642	0	0	.	.	.
resfindernewid_1643	0	0	.	.	.
resfindernewid_1644	0	0	.	.	.
resfindernewid_1645	0	0	.	.	.
resfindernewid_1646	0	0	.	.	.
resfindernewid_1647	0	0	.	.	.
resfindernewid_1648	0	0	.	.	.
resfindernewid_1649	0	0	.	.	.
resfindernewid_165	0	0	.	.	.
resfindernewid_1650	0	0	.	.	.
resfindernewid_1651	0	0	.	.	.
resfindernewid_1652	0	0	.	.	.
resfindernewid_1653	0	0	.	.	.
resfindernewid_1654	0	0	.	.	.
resfindernewid_1655	0	0	.	.	.
resfindernewid_1656	0	0	.	.	.
resfindernewid_1657	0	0	.	.	.
resfindernewid_1658	0	0	.	.	.
resfindernewid_1659	0	0	.	.	.
resfindernewid_166	0	0	.	.	.
resfindernewid_1660	0	0	.	.	.
resfindernewid_1661	0	0	.	.	.
resfindernewid_1662	0	0	.	.	.
resfindernewid_1663	0	0	.	.	.
resfindernewid_1664	0	0	.	.	.
resfindernewid_1665	0	0	.	.	.
resfindernewid_1666	0	0	.	.	.
resfindernewid_1667	0	0	.	.	.
resfindernewid_1668	0	0	.	.	.
resfindernewid_1669	0	0	.	.	.
resfindernewid_167	0	0	.	.	.
resfindernewid_1670	0	0	.	.	.
resfindernewid_1671	0	0	.	.	.
resfindernewid_1672	0	0	.	.	.
resfindernewid_1673	0	0	.	.	.
resfindernewid_1674	0	0	.	.	.
resfindernewid_1675	0	0	.	.	.
resfindernewid_1676	0	0	.	.	.
resfindernewid_1677	0	0	.	.	.
resfindernewid_1678	0	0	.	.	.
resfindernewid_1679	0	0	.	.	.
resfindernewid_168	0	0	.	.	.
resfindernewid_1680	0	0	.	.	.
resfindernewid_1681	0	0	.	.	.
resfindernewid_1682	0	0	.	.	.
resfindernewid_1683	0	0	.	.	.
resfindernewid_1684	0	0	.	.	.
resfindernewid_1685	0	0	.	.	.
resfindernewid_1686	0	0	.	.	.
resfindernewid_1687	0	0	.	.	.
resfindernewid_1688	0	0	.	.	.
resfindernewid_1689	0	0	.	.	.
resfindernewid_169	0	0	.	.	.
resfindernewid_1690	0	0	.	.	.
resfindernewid_1691	0	0	.	.	.
resfindernewid_1692	0	0	.	.	.
resfindernewid_1693	0	0	.	.	.
resfindernewid_1694	0	0	.	.	.
resfindernewid_1695	0	0	.	.	.
resfindernewid_1696	0	0	.	.	.
resfindernewid_1697	0	0	.	.	.
resfindernewid_1698	0	0	.	.	.
resfindernewid_1699	0	0	.	.	.
resfindernewid_17	0	0	.	.	.
resfindernewid_170	0	0	.	.	.
resfindernewid_1700	0	0	.	.	.
resfindernewid_1701	0	0	.	.	.
resfindernewid_1702	0	0	.	.	.
resfindernewid_1703	0	0	.	.	.
resfindernewid_1704	0	0	.	.	.
resfindernewid_1705	0	0	.	.	.
resfindernewid_1706	0	0	.	.	.
resfindernewid_1707	0	0	.	.	.
resfindernewid_1708	0	0	.	.	.
resfindernewid_1709	0	0	.	.	.
resfindernewid_171	0	0	.	.	.
resfindernewid_1710	0	0	.	.	.
resfindernewid_1711	0	0	.	.	.
resfindernewid_1712	0	0	.	.	.
resfindernewid_1713	0	0	.	.	.
resfindernewid_1714	0	0	.	.	.
resfindernewid_1715	0	0	.	.	.
resfindernewid_1716	0	0	.	.	.
resfindernewid_1717	0	0	.	.	.
resfindernewid_1718	0	0	.	.	.
resfindernewid_1719	0	0	.	.	.
resfindernewid_172	0	0	.	.	.
resfindernewid_1720	0	0	.	.	.
resfindernewid_1721	0	0	.	.	.
resfindernewid_1722	0	0	.	.	.
resfindernewid_1723	0	0	.	.	.
resfindernewid_1724	0	0	.	.	.
resfindernewid_1725	0	0	.	.	.
resfindernewid_1726	0	0	.	.	.
resfindernewid_1727	0	0	.	.	.
resfindernewid_1728	0	0	.	.	.
resfindernewid_1729	0	0	.	.	.
resfindernewid_173	0	0	.	.	.
resfindernewid_1730	0	0	.	.	.
resfindernewid_1731	0	0	.	.	.
resfindernewid_1732	0	0	.	.	.
resfindernewid_1733	0	0	.	.	.
resfindernewid_1734	0	0	.	.	.
resfindernewid_1735	0	0	.	.	.
resfindernewid_1736	0	0	.	.	.
resfindernewid_1737	0	0	.	.	.
resfindernewid_1738	0	0	.	.	.
resfindernewid_1739	0	0	.	.	.
resfindernewid_174	0	0	.	.	.
resfindernewid_1740	0	0	.	.	.
resfindernewid_1741	0	0	.	.	.
resfindernewid_1742	0	0	.	.	.
resfindernewid_1743	0	0	.	.	.
resfindernewid_1744	0	0	.	.	.
resfindernewid_1745	0	0	.	.	.
resfindernewid_1746	0	0	.	.	.
resfindernewid_1747	0	0	.	.	.
resfindernewid_1748	0	0	.	.	.
resfindernewid_1749	0	0	.	.	.
resfindernewid_175	0	0	.	.	.
resfindernewid_1750	0	0	.	.	.
resfindernewid_1751	0	0	.	.	.
resfindernewid_1752	0	0	.	.	.
resfindernewid_1753	0	0	.	.	.
resfindernewid_1754	0	0	.	.	.
resfindernewid_1755	0	0	.	.	.
resfindernewid_1756	0	0	.	.	.
resfindernewid_1757	0	0	.	.	.
resfindernewid_1758	0	0	.	.	.
resfindernewid_1759	0	0	.	.	.
resfindernewid_176	0	0	.	.	.
resfindernewid_1760	0	0	.	.	.
resfindernewid_1761	0	0	.	.	.
resfindernewid_1762	0	0	.	.	.
resfindernewid_1763	0	0	.	.	.
resfindernewid_1764	0	0	.	.	.
resfindernewid_1765	0	0	.	.	.
resfindernewid_1766	0	0	.	.	.
resfindernewid_1767	0	0	.	.	.
resfindernewid_1768	0	0	.	.	.
resfindernewid_1769	0	0	.	.	.
resfindernewid_177	0	0	.	.	.
resfindernewid_1770	0	0	.	.	.
resfindernewid_1771	0	0	.	.	.
resfindernewid_1772	0	0	.	.	.
resfindernewid_1773	0	0	.	.	.
resfindernewid_1774	0	0	.	.	.
resfindernewid_1775	0	0	.	.	.
resfindernewid_1776	0	0	.	.	.
resfindernewid_1777	0	0	.	.	.
resfindernewid_1778	0	0	.	.	.
resfindernewid_1779	0	0	.	.	.
resfindernewid_178	0	0	.	.	.
resfindernewid_1780	0	0	.	.	.
resfindernewid_1781	0	0	.	.	.
resfindernewid_1782	0	0	.	.	.
resfindernewid_1783	0	0	.	.	.
resfindernewid_1784	0	0	.	.	.
resfindernewid_1785	0	0	.	.	.
resfindernewid_1786	0	0	.	.	.
resfindernewid_1787	0	0	.	.	.
resfindernewid_1788	0	0	.	.	.
resfindernewid_1789	0	0	.	.	.
resfindernewid_179	0	0	.	.	.
resfindernewid_1790	0	0	.	.	.
resfindernewid_1791	0	0	.	.	.
resfindernewid_1792	0	0	.	.	.
resfindernewid_1793	0	0	.	.	.
resfindernewid_1794	0	0	.	.	.
resfindernewid_1795	0	0	.	.	.
resfindernewid_1796	0	0	.	.	.
resfindernewid_1797	0	0	.	.	.
resfindernewid_1798	0	0	.	.	.
resfindernewid_1799	0	0	.	.	.
resfindernewid_18	0	0	.	.	.
resfindernewid_180	0	0	.	.	.
resfindernewid_1800	0	0	.	.	.
resfindernewid_1801	0	0	.	.	.
resfindernewid_1802	0	0	.	.	.
resfindernewid_1803	0	0	.	.	.
resfindernewid_1804	0	0	.	.	.
resfindernewid_1805	0	0	.	.	.
resfindernewid_1806	0	0	.	.	.
resfindernewid_1807	0	0	.	.	.
resfindernewid_1808	0	0	.	.	.
resfindernewid_1809	0	0	.	.	.
resfindernewid_181	0	0	.	.	.
resfindernewid_1810	0	0	.	.	.
resfindernewid_1811	0	0	.	.	.
resfindernewid_1812	0	0	.	.	.
resfindernewid_1813	0	0	.	.	.
resfindernewid_1814	0	0	.	.	.
resfindernewid_1815	0	0	.	.	.
resfindernewid_1816	0	0	.	.	.
resfindernewid_1817	0	0	.	.	.
resfindernewid_1818	0	0	.	.	.
resfindernewid_1819	0	0	.	.	.
resfindernewid_182	0	0	.	.	.
resfindernewid_1820	0	0	.	.	.
resfindernewid_1821	0	0	.	.	.
resfindernewid_1822	0	0	.	.	.
resfindernewid_1823	0	0	.	.	.
resfindernewid_1824	0	0	.	.	.
resfindernewid_1825	0	0	.	.	.
resfindernewid_1826	0	0	.	.	.
resfindernewid_1827	0	0	.	.	.
resfindernewid_1828	0	0	.	.	.
resfindernewid_1829	0	0	.	.	.
resfindernewid_183	0	0	.	.	.
resfindernewid_1830	0	0	.	.	.
resfindernewid_1831	0	0	.	.	.
resfindernewid_1832	0	0	.	.	.
resfindernewid_1833	0	0	.	.	.
resfindernewid_1834	0	0	.	.	.
resfindernewid_1835	0	0	.	.	.
resfindernewid_1836	0	0	.	.	.
resfindernewid_1837	0	0	.	.	.
resfindernewid_1838	0	0	.	.	.
resfindernewid_1839	0	0	.	.	.
resfindernewid_184	0	0	.	.	.
resfindernewid_1840	0	0	.	.	.
resfindernewid_1841	0	0	.	.	.
resfindernewid_1842	0	0	.	.	.
resfindernewid_1843	0	0	.	.	.
resfindernewid_1844	0	0	.	.	.
resfindernewid_1845	0	0	.	.	.
resfindernewid_1846	0	0	.	.	.
resfindernewid_1847	0	0	.	.	.
resfindernewid_1848	0	0	.	.	.
resfindernewid_1849	0	0	.	.	.
resfindernewid_185	0	0	.	.	.
resfindernewid_1850	0	0	.	.	.
resfindernewid_1851	0	0	.	.	.
resfindernewid_1852	0	0	.	.	.
resfindernewid_1853	0	0	.	.	.
resfindernewid_1854	0	0	.	.	.
resfindernewid_1855	0	0	.	.	.
resfindernewid_1856	0	0	.	.	.
resfindernewid_1857	0	0	.	.	.
resfindernewid_1858	0	0	.	.	.
resfindernewid_1859	0	0	.	.	.
resfindernewid_186	0	0	.	.	.
resfindernewid_1860	0	0	.	.	.
resfindernewid_1861	0	0	.	.	.
resfindernewid_1862	0	0	.	.	.
resfindernewid_1863	0	0	.	.	.
resfindernewid_1864	0	0	.	.	.
resfindernewid_1865	0	0	.	.	.
resfindernewid_1866	0	0	.	.	.
resfindernewid_1867	0	0	.	.	.
resfindernewid_1868	0	0	.	.	.
resfindernewid_1869	0	0	.	.	.
resfindernewid_187	0	0	.	.	.
resfindernewid_1870	0	0	.	.	.
resfindernewid_1871	0	0	.	.	.
resfindernewid_1872	0	0	.	.	.
resfindernewid_1873	0	0	.	.	.
resfindernewid_1874	0	0	.	.	.
resfindernewid_1875	0	0	.	.	.
resfindernewid_1876	0	0	.	.	.
resfindernewid_1877	0	0	.	.	.
resfindernewid_1878	0	0	.	.	.
resfindernewid_1879	0	0	.	.	.
resfindernewid_188	0	0	.	.	.
resfindernewid_1880	0	0	.	.	.
resfindernewid_1881	0	0	.	.	.
resfindernewid_1882	0	0	.	.	.
resfindernewid_1883	0	0	.	.	.
resfindernewid_1884	0	0	.	.	.
resfindernewid_1885	0	0	.	.	.
resfindernewid_1886	0	0	.	.	.
resfindernewid_1887	0	0	.	.	.
resfindernewid_1888	0	0	.	.	.
resfindernewid_1889	0	0	.	.	.
resfindernewid_189	0	0	.	.	.
resfindernewid_1890	0	0	.	.	.
resfindernewid_1891	0	0	.	.	.
resfindernewid_1892	0	0	.	.	.
resfindernewid_1893	0	0	.	.	.
resfindernewid_1894	0	0	.	.	.
resfindernewid_1895	0	0	.	.	.
resfindernewid_1896	0	0	.	.	.
resfindernewid_1897	0	0	.	.	.
resfindernewid_1898	0	0	.	.	.
resfindernewid_1899	0	0	.	.	.
resfindernewid_19	0	0	.	.	.
resfindernewid_190	0	0	.	.	.
resfindernewid_1900	0	0	.	.	.
resfindernewid_1901	0	0	.	.	.
resfindernewid_1902	0	0	.	.	.
resfindernewid_1903	0	0	.	.	.
resfindernewid_1904	0	0	.	.	.
resfindernewid_1905	0	0	.	.	.
resfindernewid_1906	0	0	.	.	.
resfindernewid_1907	0	0	.	.	.
resfindernewid_1908	0	0	.	.	.
resfindernewid_1909	0	0	.	.	.
resfindernewid_191	0	0	.	.	.
resfindernewid_1910	0	0	.	.	.
resfindernewid_1911	0	0	.	.	.
resfindernewid_1912	0	0	.	.	.
resfindernewid_1913	0	0	.	.	.
resfindernewid_1914	0	0	.	.	.
resfindernewid_1915	0	0	.	.	.
resfindernewid_1916	0	0	.	.	.
resfindernewid_1917	0	0	.	.	.
resfindernewid_1918	0	0	.	.	.
resfindernewid_1919	0	0	.	.	.
resfindernewid_192	0	0	.	.	.
resfindernewid_1920	0	0	.	.	.
resfindernewid_1921	0	0	.	.	.
resfindernewid_1922	0	0	.	.	.
resfindernewid_1923	0	0	.	.	.
resfindernewid_1924	0	0	.	.	.
resfindernewid_1925	0	0	.	.	.
resfindernewid_1926	0	0	.	.	.
resfindernewid_1927	0	0	.	.	.
resfindernewid_1928	0	0	.	.	.
resfindernewid_1929	0	0	.	.	.
resfindernewid_193	0	0	.	.	.
resfindernewid_1930	0	0	.	.	.
resfindernewid_1931	0	0	.	.	.
resfindernewid_1932	0	0	.	.	.
resfindernewid_1933	0	0	.	.	.
resfindernewid_1934	0	0	.	.	.
resfindernewid_1935	0	0	.	.	.
resfindernewid_1936	0	0	.	.	.
resfindernewid_1937	0	0	.	.	.
resfindernewid_1938	0	0	.	.	.
resfindernewid_1939	0	0	.	.	.
resfindernewid_194	0	0	.	.	.
resfindernewid_1940	0	0	.	.	.
resfindernewid_1941	0	0	.	.	.
resfindernewid_1942	0	0	.	.	.
resfindernewid_1943	0	0	.	.	.
resfindernewid_1944	0	0	.	.	.
resfindernewid_1945	0	0	.	.	.
resfindernewid_1946	0	0	.	.	.
resfindernewid_1947	0	0	.	.	.
resfindernewid_1948	0	0	.	.	.
resfindernewid_1949	0	0	.	.	.
resfindernewid_195	0	0	.	.	.
resfindernewid_1950	0	0	.	.	.
resfindernewid_1951	0	0	.	.	.
resfindernewid_1952	0	0	.	.	.
resfindernewid_1953	0	0	.	.	.
resfindernewid_1954	0	0	.	.	.
resfindernewid_1955	0	0	.	.	.
resfindernewid_1956	0	0	.	.	.
resfindernewid_1957	0	0	.	.	.
resfindernewid_1958	0	0	.	.	.
resfindernewid_1959	0	0	.	.	.
resfindernewid_196	0	0	.	.	.
resfindernewid_1960	0	0	.	.	.
resfindernewid_1961	0	0	.	.	.
resfindernewid_1962	0	0	.	.	.
resfindernewid_1963	0	0	.	.	.
resfindernewid_1964	0	0	.	.	.
resfindernewid_1965	0	0	.	.	.
resfindernewid_1966	0	0	.	.	.
resfindernewid_1967	0	0	.	.	.
resfindernewid_1968	0	0	.	.	.
resfindernewid_1969	0	0	.	.	.
resfindernewid_197	0	0	.	.	.
resfindernewid_1970	0	0	.	.	.
resfindernewid_1971	0	0	.	.	.
resfindernewid_1972	0	0	.	.	.
resfindernewid_1973	0	0	.	.	.
resfindernewid_1974	0	0	.	.	.
resfindernewid_1975	0	0	.	.	.
resfindernewid_1976	0	0	.	.	.
resfindernewid_1977	0	0	.	.	.
resfindernewid_1978	0	0	.	.	.
resfindernewid_1979	0	0	.	.	.
resfindernewid_198	0	0	.	.	.
resfindernewid_1980	0	0	.	.	.
resfindernewid_1981	0	0	.	.	.
resfindernewid_1982	0	0	.	.	.
resfindernewid_1983	0	0	.	.	.
resfindernewid_1984	0	0	.	.	.
resfindernewid_1985	0	0	.	.	.
resfindernewid_1986	0	0	.	.	.
resfindernewid_1987	0	0	.	.	.
resfindernewid_1988	0	0	.	.	.
resfindernewid_1989	0	0	.	.	.
resfindernewid_199	0	0	.	.	.
resfindernewid_1990	0	0	.	.	.
resfindernewid_1991	0	0	.	.	.
resfindernewid_1992	0	0	.	.	.
resfindernewid_1993	0	0	.	.	.
resfindernewid_1994	0	0	.	.	.
resfindernewid_1995	0	0	.	.	.
resfindernewid_1996	0	0	.	.	.
resfindernewid_1997	0	0	.	.	.
resfindernewid_1998	0	0	.	.	.
resfindernewid_1999	0	0	.	.	.
resfindernewid_2	0	0	.	.	.
resfindernewid_20	0	0	.	.	.
resfindernewid_200	0	0	.	.	.
resfindernewid_2000	0	0	.	.	.
resfindernewid_2001	0	0	.	.	.
resfindernewid_2002	0	0	.	.	.
resfindernewid_2003	0	0	.	.	.
resfindernewid_2004	0	0	.	.	.
resfindernewid_2005	0	0	.	.	.
resfindernewid_2006	0	0	.	.	.
resfindernewid_2007	0	0	.	.	.
resfindernewid_2008	0	0	.	.	.
resfindernewid_2009	0	0	.	.	.
resfindernewid_201	0	0	.	.	.
resfindernewid_2010	0	0	.	.	.
resfindernewid_2011	0	0	.	.	.
resfindernewid_2012	0	0	.	.	.
resfindernewid_2013	0	0	.	.	.
resfindernewid_2014	0	0	.	.	.
resfindernewid_2015	0	0	.	.	.
resfindernewid_2016	0	0	.	.	.
resfindernewid_2017	0	0	.	.	.
resfindernewid_2018	0	0	.	.	.
resfindernewid_2019	0	0	.	.	.
resfindernewid_202	0	0	.	.	.
resfindernewid_2020	0	0	.	.	.
resfindernewid_2021	0	0	.	.	.
resfindernewid_2022	0	0	.	.	.
resfindernewid_2023	0	0	.	.	.
resfindernewid_2024	0	0	.	.	.
resfindernewid_2025	0	0	.	.	.
resfindernewid_2026	0	0	.	.	.
resfindernewid_2027	0	0	.	.	.
resfindernewid_2028	0	0	.	.	.
resfindernewid_2029	0	0	.	.	.
resfindernewid_203	0	0	.	.	.
resfindernewid_2030	0	0	.	.	.
resfindernewid_2031	0	0	.	.	.
resfindernewid_2032	0	0	.	.	.
resfindernewid_2033	0	0	.	.	.
resfindernewid_2034	0	0	.	.	.
resfindernewid_2035	0	0	.	.	.
resfindernewid_2036	0	0	.	.	.
resfindernewid_2037	0	0	.	.	.
resfindernewid_2038	0	0	.	.	.
resfindernewid_2039	0	0	.	.	.
resfindernewid_204	0	0	.	.	.
resfindernewid_2040	0	0	.	.	.
resfindernewid_2041	0	0	.	.	.
resfindernewid_2042	0	0	.	.	.
resfindernewid_2043	0	0	.	.	.
resfindernewid_2044	0	0	.	.	.
resfindernewid_2045	0	0	.	.	.
resfindernewid_2046	0	0	.	.	.
resfindernewid_2047	0	0	.	.	.
resfindernewid_2048	0	0	.	.	.
resfindernewid_2049	0	0	.	.	.
resfindernewid_205	0	0	.	.	.
resfindernewid_2050	0	0	.	.	.
resfindernewid_2051	0	0	.	.	.
resfindernewid_2052	0	0	.	.	.
resfindernewid_2053	0	0	.	.	.
resfindernewid_2054	0	0	.	.	.
resfindernewid_2055	0	0	.	.	.
resfindernewid_2056	0	0	.	.	.
resfindernewid_2057	0	0	.	.	.
resfindernewid_2058	0	0	.	.	.
resfindernewid_2059	0	0	.	.	.
resfindernewid_206	0	0	.	.	.
resfindernewid_2060	0	0	.	.	.
resfindernewid_2061	0	0	.	.	.
resfindernewid_2062	0	0	.	.	.
resfindernewid_2063	0	0	.	.	.
resfindernewid_2064	0	0	.	.	.
resfindernewid_2065	0	0	.	.	.
resfindernewid_2066	0	0	.	.	.
resfindernewid_2067	0	0	.	.	.
resfindernewid_2068	0	0	.	.	.
resfindernewid_2069	0	0	.	.	.
resfindernewid_207	0	0	.	.	.
resfindernewid_2070	0	0	.	.	.
resfindernewid_2071	0	0	.	.	.
resfindernewid_2072	0	0	.	.	.
resfindernewid_2073	0	0	.	.	.
resfindernewid_2074	0	0	.	.	.
resfindernewid_2075	0	0	.	.	.
resfindernewid_2076	0	0	.	.	.
resfindernewid_2077	0	0	.	.	.
resfindernewid_2078	0	0	.	.	.
resfindernewid_2079	0	0	.	.	.
resfindernewid_208	0	0	.	.	.
resfindernewid_2080	0	0	.	.	.
resfindernewid_2081	0	0	.	.	.
resfindernewid_2082	0	0	.	.	.
resfindernewid_2083	0	0	.	.	.
resfindernewid_2084	0	0	.	.	.
resfindernewid_2085	0	0	.	.	.
resfindernewid_2086	0	0	.	.	.
resfindernewid_2087	0	0	.	.	.
resfindernewid_2088	0	0	.	.	.
resfindernewid_2089	0	0	.	.	.
resfindernewid_209	0	0	.	.	.
resfindernewid_2090	0	0	.	.	.
resfindernewid_2091	0	0	.	.	.
resfindernewid_2092	0	0	.	.	.
resfindernewid_2093	0	0	.	.	.
resfindernewid_2094	0	0	.	.	.
resfindernewid_2095	0	0	.	.	.
resfindernewid_2096	0	0	.	.	.
resfindernewid_2097	0	0	.	.	.
resfindernewid_2098	0	0	.	.	.
resfindernewid_2099	0	0	.	.	.
resfindernewid_21	0	0	.	.	.
resfindernewid_210	0	0	.	.	.
resfindernewid_2100	0	0	.	.	.
resfindernewid_2101	0	0	.	.	.
resfindernewid_2102	0	0	.	.	.
resfindernewid_2103	0	0	.	.	.
resfindernewid_2104	0	0	.	.	.
resfindernewid_2105	0	0	.	.	.
resfindernewid_2106	0	0	.	.	.
resfindernewid_2107	0	0	.	.	.
resfindernewid_2108	0	0	.	.	.
resfindernewid_2109	0	0	.	.	.
resfindernewid_211	0	0	.	.	.
resfindernewid_2110	0	0	.	.	.
resfindernewid_2111	0	0	.	.	.
resfindernewid_2112	0	0	.	.	.
resfindernewid_2113	0	0	.	.	.
resfindernewid_2114	0	0	.	.	.
resfindernewid_2115	0	0	.	.	.
resfindernewid_2116	0	0	.	.	.
resfindernewid_2117	0	0	.	.	.
resfindernewid_2118	0	0	.	.	.
resfindernewid_2119	0	0	.	.	.
resfindernewid_212	0	0	.	.	.
resfindernewid_2120	0	0	.	.	.
resfindernewid_2121	0	0	.	.	.
resfindernewid_2122	0	0	.	.	.
resfindernewid_2123	0	0	.	.	.
resfindernewid_2124	0	0	.	.	.
resfindernewid_2125	0	0	.	.	.
resfindernewid_2126	0	0	.	.	.
resfindernewid_2127	0	0	.	.	.
resfindernewid_2128	0	0	.	.	.
resfindernewid_2129	0	0	.	.	.
resfindernewid_213	0	0	.	.	.
resfindernewid_2130	0	0	.	.	.
resfindernewid_2131	0	0	.	.	.
resfindernewid_2132	0	0	.	.	.
resfindernewid_2133	0	0	.	.	.
resfindernewid_2134	0	0	.	.	.
resfindernewid_2135	0	0	.	.	.
resfindernewid_2136	0	0	.	.	.
resfindernewid_2137	0	0	.	.	.
resfindernewid_2138	0	0	.	.	.
resfindernewid_2139	0	0	.	.	.
resfindernewid_214	0	0	.	.	.
resfindernewid_2140	0	0	.	.	.
resfindernewid_2141	0	0	.	.	.
resfindernewid_2142	0	0	.	.	.
resfindernewid_2143	0	0	.	.	.
resfindernewid_2144	0	0	.	.	.
resfindernewid_2145	0	0	.	.	.
resfindernewid_2146	0	0	.	.	.
resfindernewid_2147	0	0	.	.	.
resfindernewid_2148	0	0	.	.	.
resfindernewid_2149	0	0	.	.	.
resfindernewid_215	0	0	.	.	.
resfindernewid_2150	0	0	.	.	.
resfindernewid_2151	0	0	.	.	.
resfindernewid_2152	0	0	.	.	.
resfindernewid_2153	0	0	.	.	.
resfindernewid_2154	0	0	.	.	.
resfindernewid_2155	0	0	.	.	.
resfindernewid_2156	0	0	.	.	.
resfindernewid_2157	0	0	.	.	.
resfindernewid_2158	0	0	.	.	.
resfindernewid_2159	0	0	.	.	.
resfindernewid_216	0	0	.	.	.
resfindernewid_2160	0	0	.	.	.
resfindernewid_2161	0	0	.	.	.
resfindernewid_2162	0	0	.	.	.
resfindernewid_2163	0	0	.	.	.
resfindernewid_2164	0	0	.	.	.
resfindernewid_2165	0	0	.	.	.
resfindernewid_2166	0	0	.	.	.
resfindernewid_2167	0	0	.	.	.
resfindernewid_2168	0	0	.	.	.
resfindernewid_2169	0	0	.	.	.
resfindernewid_217	0	0	.	.	.
resfindernewid_2170	0	0	.	.	.
resfindernewid_2171	0	0	.	.	.
resfindernewid_2172	0	0	.	.	.
resfindernewid_2173	0	0	.	.	.
resfindernewid_2174	0	0	.	.	.
resfindernewid_2175	0	0	.	.	.
resfindernewid_2176	0	0	.	.	.
resfindernewid_2177	0	0	.	.	.
resfindernewid_2178	0	0	.	.	.
resfindernewid_2179	0	0	.	.	.
resfindernewid_218	0	0	.	.	.
resfindernewid_2180	0	0	.	.	.
resfindernewid_2181	0	0	.	.	.
resfindernewid_2182	0	0	.	.	.
resfindernewid_2183	0	0	.	.	.
resfindernewid_2184	0	0	.	.	.
resfindernewid_2185	0	0	.	.	.
resfindernewid_2186	0	0	.	.	.
resfindernewid_2187	0	0	.	.	.
resfindernewid_2188	0	0	.	.	.
resfindernewid_2189	0	0	.	.	.
resfindernewid_219	0	0	.	.	.
resfindernewid_2190	0	0	.	.	.
resfindernewid_2191	0	0	.	.	.
resfindernewid_2192	0	0	.	.	.
resfindernewid_2193	0	0	.	.	.
resfindernewid_2194	0	0	.	.	.
resfindernewid_2195	0	0	.	.	.
resfindernewid_2196	0	0	.	.	.
resfindernewid_2197	0	0	.	.	.
resfindernewid_2198	0	0	.	.	.
resfindernewid_2199	0	0	.	.	.
resfindernewid_22	0	0	.	.	.
resfindernewid_220	0	0	.	.	.
resfindernewid_2200	0	0	.	.	.
resfindernewid_2201	0	0	.	.	.
resfindernewid_2202	0	0	.	.	.
resfindernewid_2203	0	0	.	.	.
resfindernewid_2204	0	0	.	.	.
resfindernewid_2205	0	0	.	.	.
resfindernewid_2206	0	0	.	.	.
resfindernewid_2207	0	0	.	.	.
resfindernewid_2208	0	0	.	.	.
resfindernewid_2209	0	0	.	.	.
resfindernewid_221	0	0	.	.	.
resfindernewid_2210	0	0	.	.	.
resfindernewid_2211	0	0	.	.	.
resfindernewid_2212	0	0	.	.	.
resfindernewid_2213	0	0	.	.	.
resfindernewid_2214	0	0	.	.	.
resfindernewid_2215	0	0	.	.	.
resfindernewid_2216	0	0	.	.	.
resfindernewid_2217	0	0	.	.	.
resfindernewid_2218	0	0	.	.	.
resfindernewid_2219	0	0	.	.	.
resfindernewid_222	0	0	.	.	.
resfindernewid_2220	0	0	.	.	.
resfindernewid_2221	0	0	.	.	.
resfindernewid_2222	0	0	.	.	.
resfindernewid_2223	0	0	.	.	.
resfindernewid_2224	0	0	.	.	.
resfindernewid_2225	0	0	.	.	.
resfindernewid_2226	0	0	.	.	.
resfindernewid_2227	0	0	.	.	.
resfindernewid_2228	0	0	.	.	.
resfindernewid_2229	0	0	.	.	.
resfindernewid_223	0	0	.	.	.
resfindernewid_2230	0	0	.	.	.
resfindernewid_2231	0	0	.	.	.
resfindernewid_2232	0	0	.	.	.
resfindernewid_2233	0	0	.	.	.
resfindernewid_2234	0	0	.	.	.
resfindernewid_2235	0	0	.	.	.
resfindernewid_2236	0	0	.	.	.
resfindernewid_2237	0	0	.	.	.
resfindernewid_2238	0	0	.	.	.
resfindernewid_2239	0	0	.	.	.
resfindernewid_224	0	0	.	.	.
resfindernewid_2240	0	0	.	.	.
resfindernewid_2241	0	0	.	.	.
resfindernewid_2242	0	0	.	.	.
resfindernewid_2243	0	0	.	.	.
resfindernewid_2244	0	0	.	.	.
resfindernewid_2245	0	0	.	.	.
resfindernewid_2246	0	0	.	.	.
resfindernewid_2247	0	0	.	.	.
resfindernewid_2248	0	0	.	.	.
resfindernewid_2249	0	0	.	.	.
resfindernewid_225	0	0	.	.	.
resfindernewid_2250	0	0	.	.	.
resfindernewid_2251	0	0	.	.	.
resfindernewid_2252	0	0	.	.	.
resfindernewid_2253	0	0	.	.	.
resfindernewid_2254	0	0	.	.	.
resfindernewid_2255	0	0	.	.	.
resfindernewid_2256	0	0	.	.	.
resfindernewid_2257	0	0	.	.	.
resfindernewid_2258	0	0	.	.	.
resfindernewid_2259	0	0	.	.	.
resfindernewid_226	0	0	.	.	.
resfindernewid_2260	0	0	.	.	.
resfindernewid_2261	0	0	.	.	.
resfindernewid_2262	0	0	.	.	.
resfindernewid_2263	0	0	.	.	.
resfindernewid_2264	0	0	.	.	.
resfindernewid_2265	0	0	.	.	.
resfindernewid_2266	0	0	.	.	.
resfindernewid_2267	0	0	.	.	.
resfindernewid_2268	0	0	.	.	.
resfindernewid_2269	0	0	.	.	.
resfindernewid_227	0	0	.	.	.
resfindernewid_2270	0	0	.	.	.
resfindernewid_2271	0	0	.	.	.
resfindernewid_2272	0	0	.	.	.
resfindernewid_2273	0	0	.	.	.
resfindernewid_2274	0	0	.	.	.
resfindernewid_2275	0	0	.	.	.
resfindernewid_2276	0	0	.	.	.
resfindernewid_2277	0	0	.	.	.
resfindernewid_2278	0	0	.	.	.
resfindernewid_2279	0	0	.	.	.
resfindernewid_228	0	0	.	.	.
resfindernewid_2280	0	0	.	.	.
resfindernewid_2281	0	0	.	.	.
resfindernewid_2282	0	0	.	.	.
resfindernewid_2283	0	0	.	.	.
resfindernewid_2284	0	0	.	.	.
resfindernewid_2285	0	0	.	.	.
resfindernewid_2286	0	0	.	.	.
resfindernewid_2287	0	0	.	.	.
resfindernewid_2288	0	0	.	.	.
resfindernewid_2289	0	0	.	.	.
resfindernewid_229	0	0	.	.	.
resfindernewid_2290	0	0	.	.	.
resfindernewid_2291	0	0	.	.	.
resfindernewid_2292	0	0	.	.	.
resfindernewid_2293	0	0	.	.	.
resfindernewid_2294	0	0	.	.	.
resfindernewid_2295	0	0	.	.	.
resfindernewid_2296	0	0	.	.	.
resfindernewid_2297	0	0	.	.	.
resfindernewid_2298	0	0	.	.	.
resfindernewid_2299	0	0	.	.	.
resfindernewid_23	0	0	.	.	.
resfindernewid_230	0	0	.	.	.
resfindernewid_2300	0	0	.	.	.
resfindernewid_2301	0	0	.	.	.
resfindernewid_2302	0	0	.	.	.
resfindernewid_2303	0	0	.	.	.
resfindernewid_2304	0	0	.	.	.
resfindernewid_2305	0	0	.	.	.
resfindernewid_2306	0	0	.	.	.
resfindernewid_2307	0	0	.	.	.
resfindernewid_2308	0	0	.	.	.
resfindernewid_2309	0	0	.	.	.
resfindernewid_231	0	0	.	.	.
resfindernewid_2310	0	0	.	.	.
resfindernewid_2311	0	0	.	.	.
resfindernewid_2312	0	0	.	.	.
resfindernewid_2313	0	0	.	.	.
resfindernewid_2314	0	0	.	.	.
resfindernewid_2315	0	0	.	.	.
resfindernewid_2316	0	0	.	.	.
resfindernewid_2317	0	0	.	.	.
resfindernewid_2318	0	0	.	.	.
resfindernewid_2319	0	0	.	.	.
resfindernewid_232	0	0	.	.	.
resfindernewid_2320	0	0	.	.	.
resfindernewid_2321	0	0	.	.	.
resfindernewid_2322	0	0	.	.	.
resfindernewid_2323	0	0	.	.	.
resfindernewid_2324	0	0	.	.	.
resfindernewid_2325	0	0	.	.	.
resfindernewid_2326	0	0	.	.	.
resfindernewid_2327	0	0	.	.	.
resfindernewid_2328	0	0	.	.	.
resfindernewid_2329	0	0	.	.	.
resfindernewid_233	0	0	.	.	.
resfindernewid_2330	0	0	.	.	.
resfindernewid_2331	0	0	.	.	.
resfindernewid_2332	0	0	.	.	.
resfindernewid_2333	0	0	.	.	.
resfindernewid_2334	0	0	.	.	.
resfindernewid_2335	0	0	.	.	.
resfindernewid_2336	0	0	.	.	.
resfindernewid_2337	0	0	.	.	.
resfindernewid_2338	0	0	.	.	.
resfindernewid_2339	0	0	.	.	.
resfindernewid_234	0	0	.	.	.
resfindernewid_2340	0	0	.	.	.
resfindernewid_2341	0	0	.	.	.
resfindernewid_2342	0	0	.	.	.
resfindernewid_2343	0	0	.	.	.
resfindernewid_2344	0	0	.	.	.
resfindernewid_2345	0	0	.	.	.
resfindernewid_2346	0	0	.	.	.
resfindernewid_2347	0	0	.	.	.
resfindernewid_2348	0	0	.	.	.
resfindernewid_2349	0	0	.	.	.
resfindernewid_235	0	0	.	.	.
resfindernewid_2350	0	0	.	.	.
resfindernewid_2351	0	0	.	.	.
resfindernewid_2352	0	0	.	.	.
resfindernewid_2353	0	0	.	.	.
resfindernewid_2354	0	0	.	.	.
resfindernewid_2355	0	0	.	.	.
resfindernewid_2356	0	0	.	.	.
resfindernewid_2357	0	0	.	.	.
resfindernewid_2358	0	0	.	.	.
resfindernewid_2359	0	0	.	.	.
resfindernewid_236	0	0	.	.	.
resfindernewid_2360	0	0	.	.	.
resfindernewid_2361	0	0	.	.	.
resfindernewid_2362	0	0	.	.	.
resfindernewid_2363	0	0	.	.	.
resfindernewid_2364	0	0	.	.	.
resfindernewid_2365	0	0	.	.	.
resfindernewid_2366	0	0	.	.	.
resfindernewid_2367	0	0	.	.	.
resfindernewid_2368	0	0	.	.	.
resfindernewid_2369	0	0	.	.	.
resfindernewid_237	0	0	.	.	.
resfindernewid_2370	0	0	.	.	.
resfindernewid_2371	0	0	.	.	.
resfindernewid_2372	0	0	.	.	.
resfindernewid_2373	0	0	.	.	.
resfindernewid_2374	0	0	.	.	.
resfindernewid_2375	0	0	.	.	.
resfindernewid_2376	0	0	.	.	.
resfindernewid_2377	0	0	.	.	.
resfindernewid_2378	0	0	.	.	.
resfindernewid_2379	0	0	.	.	.
resfindernewid_238	0	0	.	.	.
resfindernewid_2380	0	0	.	.	.
resfindernewid_2381	0	0	.	.	.
resfindernewid_2382	0	0	.	.	.
resfindernewid_2383	0	0	.	.	.
resfindernewid_2384	0	0	.	.	.
resfindernewid_2385	0	0	.	.	.
resfindernewid_2386	0	0	.	.	.
resfindernewid_2387	0	0	.	.	.
resfindernewid_2388	0	0	.	.	.
resfindernewid_2389	0	0	.	.	.
resfindernewid_239	0	0	.	.	.
resfindernewid_2390	0	0	.	.	.
resfindernewid_2391	0	0	.	.	.
resfindernewid_2392	0	0	.	.	.
resfindernewid_2393	0	0	.	.	.
resfindernewid_2394	0	0	.	.	.
resfindernewid_2395	0	0	.	.	.
resfindernewid_2396	0	0	.	.	.
resfindernewid_2397	0	0	.	.	.
resfindernewid_2398	0	0	.	.	.
resfindernewid_2399	0	0	.	.	.
resfindernewid_24	0	0	.	.	.
resfindernewid_240	0	0	.	.	.
resfindernewid_2400	0	0	.	.	.
resfindernewid_2401	0	0	.	.	.
resfindernewid_2402	0	0	.	.	.
resfindernewid_2403	0	0	.	.	.
resfindernewid_2404	0	0	.	.	.
resfindernewid_2405	0	0	.	.	.
resfindernewid_2406	0	0	.	.	.
resfindernewid_2407	0	0	.	.	.
resfindernewid_2408	0	0	.	.	.
resfindernewid_2409	0	0	.	.	.
resfindernewid_241	0	0	.	.	.
resfindernewid_2410	0	0	.	.	.
resfindernewid_2411	0	0	.	.	.
resfindernewid_2412	0	0	.	.	.
resfindernewid_2413	0	0	.	.	.
resfindernewid_2414	0	0	.	.	.
resfindernewid_2415	0	0	.	.	.
resfindernewid_2416	0	0	.	.	.
resfindernewid_2417	0	0	.	.	.
resfindernewid_2418	0	0	.	.	.
resfindernewid_2419	0	0	.	.	.
resfindernewid_242	0	0	.	.	.
resfindernewid_2420	0	0	.	.	.
resfindernewid_2421	0	0	.	.	.
resfindernewid_2422	0	0	.	.	.
resfindernewid_2423	0	0	.	.	.
resfindernewid_2424	0	0	.	.	.
resfindernewid_2425	0	0	.	.	.
resfindernewid_2426	0	0	.	.	.
resfindernewid_2427	0	0	.	.	.
resfindernewid_2428	0	0	.	.	.
resfindernewid_2429	0	0	.	.	.
resfindernewid_243	0	0	.	.	.
resfindernewid_2430	0	0	.	.	.
resfindernewid_2431	0	0	.	.	.
resfindernewid_2432	0	0	.	.	.
resfindernewid_2433	0	0	.	.	.
resfindernewid_2434	0	0	.	.	.
resfindernewid_2435	0	0	.	.	.
resfindernewid_2436	0	0	.	.	.
resfindernewid_2437	0	0	.	.	.
resfindernewid_2438	0	0	.	.	.
resfindernewid_2439	0	0	.	.	.
resfindernewid_244	0	0	.	.	.
resfindernewid_2440	0	0	.	.	.
resfindernewid_2441	0	0	.	.	.
resfindernewid_2442	0	0	.	.	.
resfindernewid_2443	0	0	.	.	.
resfindernewid_2444	0	0	.	.	.
resfindernewid_2445	0	0	.	.	.
resfindernewid_2446	0	0	.	.	.
resfindernewid_2447	0	0	.	.	.
resfindernewid_2448	0	0	.	.	.
resfindernewid_2449	0	0	.	.	.
resfindernewid_245	0	0	.	.	.
resfindernewid_2450	0	0	.	.	.
resfindernewid_2451	0	0	.	.	.
resfindernewid_2452	0	0	.	.	.
resfindernewid_2453	0	0	.	.	.
resfindernewid_2454	0	0	.	.	.
resfindernewid_2455	0	0	.	.	.
resfindernewid_2456	0	0	.	.	.
resfindernewid_2457	0	0	.	.	.
resfindernewid_2458	0	0	.	.	.
resfindernewid_2459	0	0	.	.	.
resfindernewid_246	0	0	.	.	.
resfindernewid_2460	0	0	.	.	.
resfindernewid_2461	0	0	.	.	.
resfindernewid_2462	0	0	.	.	.
resfindernewid_2463	0	0	.	.	.
resfindernewid_2464	0	0	.	.	.
resfindernewid_2465	0	0	.	.	.
resfindernewid_2466	0	0	.	.	.
resfindernewid_2467	0	0	.	.	.
resfindernewid_2468	0	0	.	.	.
resfindernewid_2469	0	0	.	.	.
resfindernewid_247	0	0	.	.	.
resfindernewid_2470	0	0	.	.	.
resfindernewid_2471	0	0	.	.	.
resfindernewid_2472	0	0	.	.	.
resfindernewid_2473	0	0	.	.	.
resfindernewid_2474	0	0	.	.	.
resfindernewid_2475	0	0	.	.	.
resfindernewid_2476	0	0	.	.	.
resfindernewid_2477	0	0	.	.	.
resfindernewid_2478	0	0	.	.	.
resfindernewid_2479	0	0	.	.	.
resfindernewid_248	0	0	.	.	.
resfindernewid_2480	0	0	.	.	.
resfindernewid_2481	0	0	.	.	.
resfindernewid_2482	0	0	.	.	.
resfindernewid_2483	0	0	.	.	.
resfindernewid_2484	0	0	.	.	.
resfindernewid_2485	0	0	.	.	.
resfindernewid_2486	0	0	.	.	.
resfindernewid_2487	0	0	.	.	.
resfindernewid_2488	0	0	.	.	.
resfindernewid_2489	0	0	.	.	.
resfindernewid_249	0	0	.	.	.
resfindernewid_2490	0	0	.	.	.
resfindernewid_2491	0	0	.	.	.
resfindernewid_2492	0	0	.	.	.
resfindernewid_2493	0	0	.	.	.
resfindernewid_2494	0	0	.	.	.
resfindernewid_2495	0	0	.	.	.
resfindernewid_2496	0	0	.	.	.
resfindernewid_2497	0	0	.	.	.
resfindernewid_2498	0	0	.	.	.
resfindernewid_2499	0	0	.	.	.
resfindernewid_25	0	0	.	.	.
resfindernewid_250	0	0	.	.	.
resfindernewid_2500	0	0	.	.	.
resfindernewid_2501	0	0	.	.	.
resfindernewid_2502	0	0	.	.	.
resfindernewid_2503	0	0	.	.	.
resfindernewid_2504	0	0	.	.	.
resfindernewid_2505	0	0	.	.	.
resfindernewid_2506	0	0	.	.	.
resfindernewid_2507	0	0	.	.	.
resfindernewid_2508	0	0	.	.	.
resfindernewid_2509	0	0	.	.	.
resfindernewid_251	0	0	.	.	.
resfindernewid_2510	0	0	.	.	.
resfindernewid_2511	0	0	.	.	.
resfindernewid_2512	0	0	.	.	.
resfindernewid_2513	0	0	.	.	.
resfindernewid_2514	0	0	.	.	.
resfindernewid_2515	0	0	.	.	.
resfindernewid_2516	0	0	.	.	.
resfindernewid_2517	0	0	.	.	.
resfindernewid_2518	0	0	.	.	.
resfindernewid_2519	0	0	.	.	.
resfindernewid_252	0	0	.	.	.
resfindernewid_2520	0	0	.	.	.
resfindernewid_2521	0	0	.	.	.
resfindernewid_2522	0	0	.	.	.
resfindernewid_2523	0	0	.	.	.
resfindernewid_2524	0	0	.	.	.
resfindernewid_2525	0	0	.	.	.
resfindernewid_2526	0	0	.	.	.
resfindernewid_2527	0	0	.	.	.
resfindernewid_2528	0	0	.	.	.
resfindernewid_2529	0	0	.	.	.
resfindernewid_253	0	0	.	.	.
resfindernewid_2530	0	0	.	.	.
resfindernewid_2531	0	0	.	.	.
resfindernewid_2532	0	0	.	.	.
resfindernewid_2533	0	0	.	.	.
resfindernewid_2534	0	0	.	.	.
resfindernewid_2535	0	0	.	.	.
resfindernewid_2536	0	0	.	.	.
resfindernewid_2537	0	0	.	.	.
resfindernewid_2538	0	0	.	.	.
resfindernewid_2539	0	0	.	.	.
resfindernewid_254	0	0	.	.	.
resfindernewid_2540	0	0	.	.	.
resfindernewid_2541	0	0	.	.	.
resfindernewid_2542	0	0	.	.	.
resfindernewid_2543	0	0	.	.	.
resfindernewid_2544	0	0	.	.	.
resfindernewid_2545	0	0	.	.	.
resfindernewid_2546	0	0	.	.	.
resfindernewid_2547	0	0	.	.	.
resfindernewid_2548	0	0	.	.	.
resfindernewid_2549	0	0	.	.	.
resfindernewid_255	0	0	.	.	.
resfindernewid_2550	0	0	.	.	.
resfindernewid_2551	0	0	.	.	.
resfindernewid_2552	0	0	.	.	.
resfindernewid_2553	0	0	.	.	.
resfindernewid_2554	0	0	.	.	.
resfindernewid_2555	0	0	.	.	.
resfindernewid_2556	0	0	.	.	.
resfindernewid_2557	0	0	.	.	.
resfindernewid_2558	0	0	.	.	.
resfindernewid_2559	0	0	.	.	.
resfindernewid_256	0	0	.	.	.
resfindernewid_2560	0	0	.	.	.
resfindernewid_2561	0	0	.	.	.
resfindernewid_2562	0	0	.	.	.
resfindernewid_2563	0	0	.	.	.
resfindernewid_2564	0	0	.	.	.
resfindernewid_2565	0	0	.	.	.
resfindernewid_2566	0	0	.	.	.
resfindernewid_2567	0	0	.	.	.
resfindernewid_2568	0	0	.	.	.
resfindernewid_2569	0	0	.	.	.
resfindernewid_257	0	0	.	.	.
resfindernewid_2570	0	0	.	.	.
resfindernewid_2571	0	0	.	.	.
resfindernewid_2572	0	0	.	.	.
resfindernewid_2573	0	0	.	.	.
resfindernewid_2574	0	0	.	.	.
resfindernewid_2575	0	0	.	.	.
resfindernewid_2576	0	0	.	.	.
resfindernewid_2577	0	0	.	.	.
resfindernewid_2578	0	0	.	.	.
resfindernewid_2579	0	0	.	.	.
resfindernewid_258	0	0	.	.	.
resfindernewid_2580	0	0	.	.	.
resfindernewid_2581	0	0	.	.	.
resfindernewid_2582	0	0	.	.	.
resfindernewid_2583	0	0	.	.	.
resfindernewid_2584	0	0	.	.	.
resfindernewid_2585	0	0	.	.	.
resfindernewid_2586	0	0	.	.	.
resfindernewid_2587	0	0	.	.	.
resfindernewid_2588	0	0	.	.	.
resfindernewid_2589	0	0	.	.	.
resfindernewid_259	0	0	.	.	.
resfindernewid_2590	0	0	.	.	.
resfindernewid_2591	0	0	.	.	.
resfindernewid_2592	0	0	.	.	.
resfindernewid_2593	0	0	.	.	.
resfindernewid_2594	0	0	.	.	.
resfindernewid_2595	0	0	.	.	.
resfindernewid_2596	0	0	.	.	.
resfindernewid_2597	0	0	.	.	.
resfindernewid_2598	0	0	.	.	.
resfindernewid_2599	0	0	.	.	.
resfindernewid_26	0	0	.	.	.
resfindernewid_260	0	0	.	.	.
resfindernewid_2600	0	0	.	.	.
resfindernewid_2601	0	0	.	.	.
resfindernewid_2602	0	0	.	.	.
resfindernewid_2603	0	0	.	.	.
resfindernewid_2604	0	0	.	.	.
resfindernewid_2605	0	0	.	.	.
resfindernewid_2606	0	0	.	.	.
resfindernewid_2607	0	0	.	.	.
resfindernewid_2608	0	0	.	.	.
resfindernewid_2609	0	0	.	.	.
resfindernewid_261	0	0	.	.	.
resfindernewid_2610	0	0	.	.	.
resfindernewid_2611	0	0	.	.	.
resfindernewid_2612	0	0	.	.	.
resfindernewid_2613	0	0	.	.	.
resfindernewid_2614	0	0	.	.	.
resfindernewid_2615	0	0	.	.	.
resfindernewid_2616	0	0	.	.	.
resfindernewid_2617	0	0	.	.	.
resfindernewid_2618	0	0	.	.	.
resfindernewid_2619	0	0	.	.	.
resfindernewid_262	0	0	.	.	.
resfindernewid_2620	0	0	.	.	.
resfindernewid_2621	0	0	.	.	.
resfindernewid_2622	0	0	.	.	.
resfindernewid_2623	0	0	.	.	.
resfindernewid_2624	0	0	.	.	.
resfindernewid_2625	0	0	.	.	.
resfindernewid_2626	0	0	.	.	.
resfindernewid_2627	0	0	.	.	.
resfindernewid_2628	0	0	.	.	.
resfindernewid_2629	0	0	.	.	.
resfindernewid_263	0	0	.	.	.
resfindernewid_2630	0	0	.	.	.
resfindernewid_2631	0	0	.	.	.
resfindernewid_2632	0	0	.	.	.
resfindernewid_2633	0	0	.	.	.
resfindernewid_2634	0	0	.	.	.
resfindernewid_2635	0	0	.	.	.
resfindernewid_2636	0	0	.	.	.
resfindernewid_2637	0	0	.	.	.
resfindernewid_2638	0	0	.	.	.
resfindernewid_2639	0	0	.	.	.
resfindernewid_264	0	0	.	.	.
resfindernewid_2640	0	0	.	.	.
resfindernewid_2641	0	0	.	.	.
resfindernewid_2642	0	0	.	.	.
resfindernewid_2643	0	0	.	.	.
resfindernewid_2644	0	0	.	.	.
resfindernewid_2645	0	0	.	.	.
resfindernewid_2646	0	0	.	.	.
resfindernewid_2647	0	0	.	.	.
resfindernewid_2648	0	0	.	.	.
resfindernewid_2649	0	0	.	.	.
resfindernewid_265	0	0	.	.	.
resfindernewid_2650	0	0	.	.	.
resfindernewid_2651	0	0	.	.	.
resfindernewid_2652	0	0	.	.	.
resfindernewid_2653	0	0	.	.	.
resfindernewid_2654	0	0	.	.	.
resfindernewid_2655	0	0	.	.	.
resfindernewid_2656	0	0	.	.	.
resfindernewid_2657	0	0	.	.	.
resfindernewid_2658	0	0	.	.	.
resfindernewid_2659	0	0	.	.	.
resfindernewid_266	0	0	.	.	.
resfindernewid_2660	0	0	.	.	.
resfindernewid_2661	0	0	.	.	.
resfindernewid_2662	0	0	.	.	.
resfindernewid_2663	0	0	.	.	.
resfindernewid_2664	0	0	.	.	.
resfindernewid_2665	0	0	.	.	.
resfindernewid_2666	0	0	.	.	.
resfindernewid_2667	0	0	.	.	.
resfindernewid_2668	0	0	.	.	.
resfindernewid_2669	0	0	.	.	.
resfindernewid_267	0	0	.	.	.
resfindernewid_2670	0	0	.	.	.
resfindernewid_2671	0	0	.	.	.
resfindernewid_2672	0	0	.	.	.
resfindernewid_2673	0	0	.	.	.
resfindernewid_2674	0	0	.	.	.
resfindernewid_2675	0	0	.	.	.
resfindernewid_2676	0	0	.	.	.
resfindernewid_2677	0	0	.	.	.
resfindernewid_2678	0	0	.	.	.
resfindernewid_2679	0	0	.	.	.
resfindernewid_268	0	0	.	.	.
resfindernewid_2680	0	0	.	.	.
resfindernewid_2681	0	0	.	.	.
resfindernewid_2682	0	0	.	.	.
resfindernewid_2683	0	0	.	.	.
resfindernewid_2684	0	0	.	.	.
resfindernewid_2685	0	0	.	.	.
resfindernewid_2686	0	0	.	.	.
resfindernewid_2687	0	0	.	.	.
resfindernewid_2688	0	0	.	.	.
resfindernewid_2689	0	0	.	.	.
resfindernewid_269	0	0	.	.	.
resfindernewid_2690	0	0	.	.	.
resfindernewid_2691	0	0	.	.	.
resfindernewid_2692	0	0	.	.	.
resfindernewid_2693	0	0	.	.	.
resfindernewid_2694	0	0	.	.	.
resfindernewid_2695	0	0	.	.	.
resfindernewid_2696	0	0	.	.	.
resfindernewid_2697	0	0	.	.	.
resfindernewid_2698	0	0	.	.	.
resfindernewid_2699	0	0	.	.	.
resfindernewid_27	0	0	.	.	.
resfindernewid_270	0	0	.	.	.
resfindernewid_2700	0	0	.	.	.
resfindernewid_2701	0	0	.	.	.
resfindernewid_2702	0	0	.	.	.
resfindernewid_2703	0	0	.	.	.
resfindernewid_2704	0	0	.	.	.
resfindernewid_2705	0	0	.	.	.
resfindernewid_2706	0	0	.	.	.
resfindernewid_2707	0	0	.	.	.
resfindernewid_2708	0	0	.	.	.
resfindernewid_2709	0	0	.	.	.
resfindernewid_271	0	0	.	.	.
resfindernewid_2710	0	0	.	.	.
resfindernewid_2711	0	0	.	.	.
resfindernewid_2712	0	0	.	.	.
resfindernewid_2713	0	0	.	.	.
resfindernewid_2714	0	0	.	.	.
resfindernewid_2715	0	0	.	.	.
resfindernewid_2716	0	0	.	.	.
resfindernewid_2717	0	0	.	.	.
resfindernewid_2718	0	0	.	.	.
resfindernewid_2719	0	0	.	.	.
resfindernewid_272	0	0	.	.	.
resfindernewid_2720	0	0	.	.	.
resfindernewid_2721	0	0	.	.	.
resfindernewid_2722	0	0	.	.	.
resfindernewid_2723	0	0	.	.	.
resfindernewid_2724	0	0	.	.	.
resfindernewid_2725	0	0	.	.	.
resfindernewid_2726	0	0	.	.	.
resfindernewid_2727	0	0	.	.	.
resfindernewid_2728	0	0	.	.	.
resfindernewid_2729	0	0	.	.	.
resfindernewid_273	0	0	.	.	.
resfindernewid_2730	0	0	.	.	.
resfindernewid_2731	0	0	.	.	.
resfindernewid_2732	0	0	.	.	.
resfindernewid_2733	0	0	.	.	.
resfindernewid_2734	0	0	.	.	.
resfindernewid_2735	0	0	.	.	.
resfindernewid_2736	0	0	.	.	.
resfindernewid_2737	0	0	.	.	.
resfindernewid_2738	0	0	.	.	.
resfindernewid_2739	0	0	.	.	.
resfindernewid_274	0	0	.	.	.
resfindernewid_2740	0	0	.	.	.
resfindernewid_2741	0	0	.	.	.
resfindernewid_2742	0	0	.	.	.
resfindernewid_2743	0	0	.	.	.
resfindernewid_2744	0	0	.	.	.
resfindernewid_2745	0	0	.	.	.
resfindernewid_2746	0	0	.	.	.
resfindernewid_2747	0	0	.	.	.
resfindernewid_2748	0	0	.	.	.
resfindernewid_2749	0	0	.	.	.
resfindernewid_275	0	0	.	.	.
resfindernewid_2750	0	0	.	.	.
resfindernewid_2751	0	0	.	.	.
resfindernewid_2752	0	0	.	.	.
resfindernewid_2753	0	0	.	.	.
resfindernewid_2754	0	0	.	.	.
resfindernewid_2755	0	0	.	.	.
resfindernewid_2756	0	0	.	.	.
resfindernewid_2757	0	0	.	.	.
resfindernewid_2758	0	0	.	.	.
resfindernewid_2759	0	0	.	.	.
resfindernewid_276	0	0	.	.	.
resfindernewid_2760	0	0	.	.	.
resfindernewid_2761	0	0	.	.	.
resfindernewid_2762	0	0	.	.	.
resfindernewid_2763	0	0	.	.	.
resfindernewid_2764	0	0	.	.	.
resfindernewid_2765	0	0	.	.	.
resfindernewid_2766	0	0	.	.	.
resfindernewid_2767	0	0	.	.	.
resfindernewid_2768	0	0	.	.	.
resfindernewid_2769	0	0	.	.	.
resfindernewid_277	0	0	.	.	.
resfindernewid_2770	0	0	.	.	.
resfindernewid_2771	0	0	.	.	.
resfindernewid_2772	0	0	.	.	.
resfindernewid_2773	0	0	.	.	.
resfindernewid_2774	0	0	.	.	.
resfindernewid_2775	0	0	.	.	.
resfindernewid_2776	0	0	.	.	.
resfindernewid_2777	0	0	.	.	.
resfindernewid_2778	0	0	.	.	.
resfindernewid_2779	0	0	.	.	.
resfindernewid_278	0	0	.	.	.
resfindernewid_2780	0	0	.	.	.
resfindernewid_2781	0	0	.	.	.
resfindernewid_2782	0	0	.	.	.
resfindernewid_2783	0	0	.	.	.
resfindernewid_2784	0	0	.	.	.
resfindernewid_2785	0	0	.	.	.
resfindernewid_2786	0	0	.	.	.
resfindernewid_2787	0	0	.	.	.
resfindernewid_2788	0	0	.	.	.
resfindernewid_2789	0	0	.	.	.
resfindernewid_279	0	0	.	.	.
resfindernewid_2790	0	0	.	.	.
resfindernewid_2791	0	0	.	.	.
resfindernewid_2792	0	0	.	.	.
resfindernewid_2793	0	0	.	.	.
resfindernewid_2794	0	0	.	.	.
resfindernewid_2795	0	0	.	.	.
resfindernewid_2796	0	0	.	.	.
resfindernewid_2797	0	0	.	.	.
resfindernewid_2798	0	0	.	.	.
resfindernewid_2799	0	0	.	.	.
resfindernewid_28	0	0	.	.	.
resfindernewid_280	0	0	.	.	.
resfindernewid_2800	0	0	.	.	.
resfindernewid_2801	0	0	.	.	.
resfindernewid_2802	0	0	.	.	.
resfindernewid_2803	0	0	.	.	.
resfindernewid_2804	0	0	.	.	.
resfindernewid_2805	0	0	.	.	.
resfindernewid_2806	0	0	.	.	.
resfindernewid_2807	0	0	.	.	.
resfindernewid_2808	0	0	.	.	.
resfindernewid_2809	0	0	.	.	.
resfindernewid_281	0	0	.	.	.
resfindernewid_2810	0	0	.	.	.
resfindernewid_2811	0	0	.	.	.
resfindernewid_2812	0	0	.	.	.
resfindernewid_2813	0	0	.	.	.
resfindernewid_2814	0	0	.	.	.
resfindernewid_2815	0	0	.	.	.
resfindernewid_2816	0	0	.	.	.
resfindernewid_2817	0	0	.	.	.
resfindernewid_2818	0	0	.	.	.
resfindernewid_2819	0	0	.	.	.
resfindernewid_282	0	0	.	.	.
resfindernewid_2820	0	0	.	.	.
resfindernewid_2821	0	0	.	.	.
resfindernewid_2822	0	0	.	.	.
resfindernewid_2823	0	0	.	.	.
resfindernewid_2824	0	0	.	.	.
resfindernewid_2825	0	0	.	.	.
resfindernewid_2826	0	0	.	.	.
resfindernewid_2827	0	0	.	.	.
resfindernewid_2828	0	0	.	.	.
resfindernewid_2829	0	0	.	.	.
resfindernewid_283	0	0	.	.	.
resfindernewid_2830	0	0	.	.	.
resfindernewid_2831	0	0	.	.	.
resfindernewid_2832	0	0	.	.	.
resfindernewid_2833	0	0	.	.	.
resfindernewid_2834	0	0	.	.	.
resfindernewid_2835	0	0	.	.	.
resfindernewid_2836	0	0	.	.	.
resfindernewid_2837	0	0	.	.	.
resfindernewid_2838	0	0	.	.	.
resfindernewid_2839	0	0	.	.	.
resfindernewid_284	0	0	.	.	.
resfindernewid_2840	0	0	.	.	.
resfindernewid_2841	0	0	.	.	.
resfindernewid_2842	0	0	.	.	.
resfindernewid_2843	0	0	.	.	.
resfindernewid_2844	0	0	.	.	.
resfindernewid_2845	0	0	.	.	.
resfindernewid_2846	0	0	.	.	.
resfindernewid_2847	0	0	.	.	.
resfindernewid_2848	0	0	.	.	.
resfindernewid_2849	0	0	.	.	.
resfindernewid_285	0	0	.	.	.
resfindernewid_2850	0	0	.	.	.
resfindernewid_2851	0	0	.	.	.
resfindernewid_2852	0	0	.	.	.
resfindernewid_2853	0	0	.	.	.
resfindernewid_2854	0	0	.	.	.
resfindernewid_2855	0	0	.	.	.
resfindernewid_2856	0	0	.	.	.
resfindernewid_2857	0	0	.	.	.
resfindernewid_2858	0	0	.	.	.
resfindernewid_2859	0	0	.	.	.
resfindernewid_286	0	0	.	.	.
resfindernewid_2860	0	0	.	.	.
resfindernewid_2861	0	0	.	.	.
resfindernewid_2862	0	0	.	.	.
resfindernewid_2863	0	0	.	.	.
resfindernewid_2864	0	0	.	.	.
resfindernewid_2865	0	0	.	.	.
resfindernewid_2866	0	0	.	.	.
resfindernewid_2867	0	0	.	.	.
resfindernewid_2868	0	0	.	.	.
resfindernewid_2869	0	0	.	.	.
resfindernewid_287	0	0	.	.	.
resfindernewid_2870	0	0	.	.	.
resfindernewid_2871	0	0	.	.	.
resfindernewid_2872	0	0	.	.	.
resfindernewid_2873	0	0	.	.	.
resfindernewid_2874	0	0	.	.	.
resfindernewid_2875	0	0	.	.	.
resfindernewid_2876	0	0	.	.	.
resfindernewid_2877	0	0	.	.	.
resfindernewid_2878	0	0	.	.	.
resfindernewid_2879	0	0	.	.	.
resfindernewid_288	0	0	.	.	.
resfindernewid_2880	0	0	.	.	.
resfindernewid_2881	0	0	.	.	.
resfindernewid_2882	0	0	.	.	.
resfindernewid_2883	0	0	.	.	.
resfindernewid_2884	0	0	.	.	.
resfindernewid_2885	0	0	.	.	.
resfindernewid_2886	0	0	.	.	.
resfindernewid_2887	0	0	.	.	.
resfindernewid_2888	0	0	.	.	.
resfindernewid_2889	0	0	.	.	.
resfindernewid_289	0	0	.	.	.
resfindernewid_2890	0	0	.	.	.
resfindernewid_2891	0	0	.	.	.
resfindernewid_2892	0	0	.	.	.
resfindernewid_2893	0	0	.	.	.
resfindernewid_2894	0	0	.	.	.
resfindernewid_2895	0	0	.	.	.
resfindernewid_2896	0	0	.	.	.
resfindernewid_2897	0	0	.	.	.
resfindernewid_2898	0	0	.	.	.
resfindernewid_2899	0	0	.	.	.
resfindernewid_29	0	0	.	.	.
resfindernewid_290	0	0	.	.	.
resfindernewid_2900	0	0	.	.	.
resfindernewid_2901	0	0	.	.	.
resfindernewid_2902	0	0	.	.	.
resfindernewid_2903	0	0	.	.	.
resfindernewid_2904	0	0	.	.	.
resfindernewid_2905	0	0	.	.	.
resfindernewid_2906	0	0	.	.	.
resfindernewid_2907	0	0	.	.	.
resfindernewid_2908	0	0	.	.	.
resfindernewid_2909	0	0	.	.	.
resfindernewid_291	0	0	.	.	.
resfindernewid_2910	0	0	.	.	.
resfindernewid_2911	0	0	.	.	.
resfindernewid_2912	0	0	.	.	.
resfindernewid_2913	0	0	.	.	.
resfindernewid_2914	0	0	.	.	.
resfindernewid_2915	0	0	.	.	.
resfindernewid_2916	0	0	.	.	.
resfindernewid_2917	0	0	.	.	.
resfindernewid_2918	0	0	.	.	.
resfindernewid_2919	0	0	.	.	.
resfindernewid_292	0	0	.	.	.
resfindernewid_2920	0	0	.	.	.
resfindernewid_2921	0	0	.	.	.
resfindernewid_2922	0	0	.	.	.
resfindernewid_2923	0	0	.	.	.
resfindernewid_2924	0	0	.	.	.
resfindernewid_2925	0	0	.	.	.
resfindernewid_2926	0	0	.	.	.
resfindernewid_2927	0	0	.	.	.
resfindernewid_2928	0	0	.	.	.
resfindernewid_2929	0	0	.	.	.
resfindernewid_293	0	0	.	.	.
resfindernewid_2930	0	0	.	.	.
resfindernewid_2931	0	0	.	.	.
resfindernewid_2932	0	0	.	.	.
resfindernewid_2933	0	0	.	.	.
resfindernewid_2934	0	0	.	.	.
resfindernewid_2935	0	0	.	.	.
resfindernewid_2936	0	0	.	.	.
resfindernewid_2937	0	0	.	.	.
resfindernewid_2938	0	0	.	.	.
resfindernewid_2939	0	0	.	.	.
resfindernewid_294	0	0	.	.	.
resfindernewid_2940	0	0	.	.	.
resfindernewid_2941	0	0	.	.	.
resfindernewid_2942	0	0	.	.	.
resfindernewid_2943	0	0	.	.	.
resfindernewid_2944	0	0	.	.	.
resfindernewid_2945	0	0	.	.	.
resfindernewid_2946	0	0	.	.	.
resfindernewid_2947	0	0	.	.	.
resfindernewid_2948	0	0	.	.	.
resfindernewid_2949	0	0	.	.	.
resfindernewid_295	0	0	.	.	.
resfindernewid_2950	0	0	.	.	.
resfindernewid_2951	0	0	.	.	.
resfindernewid_2952	0	0	.	.	.
resfindernewid_2953	0	0	.	.	.
resfindernewid_2954	0	0	.	.	.
resfindernewid_2955	0	0	.	.	.
resfindernewid_2956	0	0	.	.	.
resfindernewid_2957	0	0	.	.	.
resfindernewid_2958	0	0	.	.	.
resfindernewid_2959	0	0	.	.	.
resfindernewid_296	0	0	.	.	.
resfindernewid_2960	0	0	.	.	.
resfindernewid_2961	0	0	.	.	.
resfindernewid_2962	0	0	.	.	.
resfindernewid_2963	0	0	.	.	.
resfindernewid_2964	0	0	.	.	.
resfindernewid_2965	0	0	.	.	.
resfindernewid_2966	0	0	.	.	.
resfindernewid_2967	0	0	.	.	.
resfindernewid_2968	0	0	.	.	.
resfindernewid_2969	0	0	.	.	.
resfindernewid_297	0	0	.	.	.
resfindernewid_2970	0	0	.	.	.
resfindernewid_2971	0	0	.	.	.
resfindernewid_2972	0	0	.	.	.
resfindernewid_2973	0	0	.	.	.
resfindernewid_2974	0	0	.	.	.
resfindernewid_2975	0	0	.	.	.
resfindernewid_2976	0	0	.	.	.
resfindernewid_2977	0	0	.	.	.
resfindernewid_2978	0	0	.	.	.
resfindernewid_2979	0	0	.	.	.
resfindernewid_298	0	0	.	.	.
resfindernewid_2980	0	0	.	.	.
resfindernewid_2981	0	0	.	.	.
resfindernewid_2982	0	0	.	.	.
resfindernewid_2983	0	0	.	.	.
resfindernewid_2984	0	0	.	.	.
resfindernewid_2985	0	0	.	.	.
resfindernewid_2986	0	0	.	.	.
resfindernewid_2987	0	0	.	.	.
resfindernewid_2988	0	0	.	.	.
resfindernewid_2989	0	0	.	.	.
resfindernewid_299	0	0	.	.	.
resfindernewid_2990	0	0	.	.	.
resfindernewid_2991	0	0	.	.	.
resfindernewid_2992	0	0	.	.	.
resfindernewid_2993	0	0	.	.	.
resfindernewid_2994	0	0	.	.	.
resfindernewid_2995	0	0	.	.	.
resfindernewid_2996	0	0	.	.	.
resfindernewid_2997	0	0	.	.	.
resfindernewid_2998	0	0	.	.	.
resfindernewid_2999	0	0	.	.	.
resfindernewid_3	0	0	.	.	.
resfindernewid_30	0	0	.	.	.
resfindernewid_300	0	0	.	.	.
resfindernewid_3000	0	0	.	.	.
resfindernewid_3001	0	0	.	.	.
resfindernewid_3002	0	0	.	.	.
resfindernewid_3003	0	0	.	.	.
resfindernewid_3004	0	0	.	.	.
resfindernewid_3005	0	0	.	.	.
resfindernewid_3006	0	0	.	.	.
resfindernewid_3007	0	0	.	.	.
resfindernewid_3008	0	0	.	.	.
resfindernewid_3009	0	0	.	.	.
resfindernewid_301	0	0	.	.	.
resfindernewid_3010	0	0	.	.	.
resfindernewid_3011	0	0	.	.	.
resfindernewid_3012	0	0	.	.	.
resfindernewid_3013	0	0	.	.	.
resfindernewid_3014	0	0	.	.	.
resfindernewid_3015	0	0	.	.	.
resfindernewid_3016	0	0	.	.	.
resfindernewid_3017	0	0	.	.	.
resfindernewid_3018	0	0	.	.	.
resfindernewid_3019	0	0	.	.	.
resfindernewid_302	0	0	.	.	.
resfindernewid_3020	0	0	.	.	.
resfindernewid_3021	0	0	.	.	.
resfindernewid_3022	0	0	.	.	.
resfindernewid_3023	0	0	.	.	.
resfindernewid_3024	0	0	.	.	.
resfindernewid_3025	0	0	.	.	.
resfindernewid_3026	0	0	.	.	.
resfindernewid_3027	0	0	.	.	.
resfindernewid_3028	0	0	.	.	.
resfindernewid_3029	0	0	.	.	.
resfindernewid_303	0	0	.	.	.
resfindernewid_3030	0	0	.	.	.
resfindernewid_3031	0	0	.	.	.
resfindernewid_3032	0	0	.	.	.
resfindernewid_3033	0	0	.	.	.
resfindernewid_3034	0	0	.	.	.
resfindernewid_3035	0	0	.	.	.
resfindernewid_3036	0	0	.	.	.
resfindernewid_3037	0	0	.	.	.
resfindernewid_3038	0	0	.	.	.
resfindernewid_3039	0	0	.	.	.
resfindernewid_304	0	0	.	.	.
resfindernewid_3040	0	0	.	.	.
resfindernewid_3041	0	0	.	.	.
resfindernewid_3042	0	0	.	.	.
resfindernewid_3043	0	0	.	.	.
resfindernewid_3044	0	0	.	.	.
resfindernewid_3045	0	0	.	.	.
resfindernewid_3046	0	0	.	.	.
resfindernewid_3047	0	0	.	.	.
resfindernewid_3048	0	0	.	.	.
resfindernewid_3049	0	0	.	.	.
resfindernewid_305	0	0	.	.	.
resfindernewid_3050	0	0	.	.	.
resfindernewid_3051	0	0	.	.	.
resfindernewid_3052	0	0	.	.	.
resfindernewid_3053	0	0	.	.	.
resfindernewid_3054	0	0	.	.	.
resfindernewid_3055	0	0	.	.	.
resfindernewid_3056	0	0	.	.	.
resfindernewid_3057	0	0	.	.	.
resfindernewid_3058	0	0	.	.	.
resfindernewid_3059	0	0	.	.	.
resfindernewid_306	0	0	.	.	.
resfindernewid_3060	0	0	.	.	.
resfindernewid_3061	0	0	.	.	.
resfindernewid_3062	0	0	.	.	.
resfindernewid_3063	0	0	.	.	.
resfindernewid_3064	0	0	.	.	.
resfindernewid_3065	0	0	.	.	.
resfindernewid_3066	0	0	.	.	.
resfindernewid_3067	0	0	.	.	.
resfindernewid_3068	0	0	.	.	.
resfindernewid_3069	0	0	.	.	.
resfindernewid_307	0	0	.	.	.
resfindernewid_3070	0	0	.	.	.
resfindernewid_3071	0	0	.	.	.
resfindernewid_3072	0	0	.	.	.
resfindernewid_3073	0	0	.	.	.
resfindernewid_3074	0	0	.	.	.
resfindernewid_3075	0	0	.	.	.
resfindernewid_3076	0	0	.	.	.
resfindernewid_3077	0	0	.	.	.
resfindernewid_3078	0	0	.	.	.
resfindernewid_3079	0	0	.	.	.
resfindernewid_308	0	0	.	.	.
resfindernewid_309	0	0	.	.	.
resfindernewid_31	0	0	.	.	.
resfindernewid_310	0	0	.	.	.
resfindernewid_311	0	0	.	.	.
resfindernewid_312	0	0	.	.	.
resfindernewid_313	0	0	.	.	.
resfindernewid_314	0	0	.	.	.
resfindernewid_315	0	0	.	.	.
resfindernewid_316	0	0	.	.	.
resfindernewid_317	0	0	.	.	.
resfindernewid_318	0	0	.	.	.
resfindernewid_319	0	0	.	.	.
resfindernewid_32	0	0	.	.	.
resfindernewid_320	0	0	.	.	.
resfindernewid_321	0	0	.	.	.
resfindernewid_322	0	0	.	.	.
resfindernewid_323	0	0	.	.	.
resfindernewid_324	0	0	.	.	.
resfindernewid_325	0	0	.	.	.
resfindernewid_326	0	0	.	.	.
resfindernewid_327	0	0	.	.	.
resfindernewid_328	0	0	.	.	.
resfindernewid_329	0	0	.	.	.
resfindernewid_33	0	0	.	.	.
resfindernewid_330	0	0	.	.	.
resfindernewid_331	0	0	.	.	.
resfindernewid_332	0	0	.	.	.
resfindernewid_333	0	0	.	.	.
resfindernewid_334	0	0	.	.	.
resfindernewid_335	0	0	.	.	.
resfindernewid_336	0	0	.	.	.
resfindernewid_337	0	0	.	.	.
resfindernewid_338	0	0	.	.	.
resfindernewid_339	0	0	.	.	.
resfindernewid_34	0	0	.	.	.
resfindernewid_340	0	0	.	.	.
resfindernewid_341	0	0	.	.	.
resfindernewid_342	0	0	.	.	.
resfindernewid_343	0	0	.	.	.
resfindernewid_344	0	0	.	.	.
resfindernewid_345	0	0	.	.	.
resfindernewid_346	0	0	.	.	.
resfindernewid_347	0	0	.	.	.
resfindernewid_348	0	0	.	.	.
resfindernewid_349	0	0	.	.	.
resfindernewid_35	0	0	.	.	.
resfindernewid_350	0	0	.	.	.
resfindernewid_351	0	0	.	.	.
resfindernewid_352	0	0	.	.	.
resfindernewid_353	0	0	.	.	.
resfindernewid_354	0	0	.	.	.
resfindernewid_355	0	0	.	.	.
resfindernewid_356	0	0	.	.	.
resfindernewid_357	0	0	.	.	.
resfindernewid_358	0	0	.	.	.
resfindernewid_359	0	0	.	.	.
resfindernewid_36	0	0	.	.	.
resfindernewid_360	0	0	.	.	.
resfindernewid_361	0	0	.	.	.
resfindernewid_362	0	0	.	.	.
resfindernewid_363	0	0	.	.	.
resfindernewid_364	0	0	.	.	.
resfindernewid_365	0	0	.	.	.
resfindernewid_366	0	0	.	.	.
resfindernewid_367	0	0	.	.	.
resfindernewid_368	0	0	.	.	.
resfindernewid_369	0	0	.	.	.
resfindernewid_37	0	0	.	.	.
resfindernewid_370	0	0	.	.	.
resfindernewid_371	0	0	.	.	.
resfindernewid_372	0	0	.	.	.
resfindernewid_373	0	0	.	.	.
resfindernewid_374	0	0	.	.	.
resfindernewid_375	0	0	.	.	.
resfindernewid_376	0	0	.	.	.
resfindernewid_377	0	0	.	.	.
resfindernewid_378	0	0	.	.	.
resfindernewid_379	0	0	.	.	.
resfindernewid_38	0	0	.	.	.
resfindernewid_380	0	0	.	.	.
resfindernewid_381	0	0	.	.	.
resfindernewid_382	0	0	.	.	.
resfindernewid_383	0	0	.	.	.
resfindernewid_384	0	0	.	.	.
resfindernewid_385	0	0	.	.	.
resfindernewid_386	0	0	.	.	.
resfindernewid_387	0	0	.	.	.
resfindernewid_388	0	0	.	.	.
resfindernewid_389	0	0	.	.	.
resfindernewid_39	0	0	.	.	.
resfindernewid_390	0	0	.	.	.
resfindernewid_391	0	0	.	.	.
resfindernewid_392	0	0	.	.	.
resfindernewid_393	0	0	.	.	.
resfindernewid_394	0	0	.	.	.
resfindernewid_395	0	0	.	.	.
resfindernewid_396	0	0	.	.	.
resfindernewid_397	0	0	.	.	.
resfindernewid_398	0	0	.	.	.
resfindernewid_399	0	0	.	.	.
resfindernewid_4	0	0	.	.	.
resfindernewid_40	0	0	.	.	.
resfindernewid_400	0	0	.	.	.
resfindernewid_401	0	0	.	.	.
resfindernewid_402	0	0	.	.	.
resfindernewid_403	0	0	.	.	.
resfindernewid_404	0	0	.	.	.
resfindernewid_405	0	0	.	.	.
resfindernewid_406	0	0	.	.	.
resfindernewid_407	0	0	.	.	.
resfindernewid_408	0	0	.	.	.
resfindernewid_409	0	0	.	.	.
resfindernewid_41	0	0	.	.	.
resfindernewid_410	0	0	.	.	.
resfindernewid_411	0	0	.	.	.
resfindernewid_412	0	0	.	.	.
resfindernewid_413	0	0	.	.	.
resfindernewid_414	0	0	.	.	.
resfindernewid_415	0	0	.	.	.
resfindernewid_416	0	0	.	.	.
resfindernewid_417	0	0	.	.	.
resfindernewid_418	0	0	.	.	.
resfindernewid_419	0	0	.	.	.
resfindernewid_42	0	0	.	.	.
resfindernewid_420	0	0	.	.	.
resfindernewid_421	0	0	.	.	.
resfindernewid_422	0	0	.	.	.
resfindernewid_423	0	0	.	.	.
resfindernewid_424	0	0	.	.	.
resfindernewid_425	0	0	.	.	.
resfindernewid_426	0	0	.	.	.
resfindernewid_427	0	0	.	.	.
resfindernewid_428	0	0	.	.	.
resfindernewid_429	0	0	.	.	.
resfindernewid_43	0	0	.	.	.
resfindernewid_430	0	0	.	.	.
resfindernewid_431	0	0	.	.	.
resfindernewid_432	0	0	.	.	.
resfindernewid_433	0	0	.	.	.
resfindernewid_434	0	0	.	.	.
resfindernewid_435	0	0	.	.	.
resfindernewid_436	0	0	.	.	.
resfindernewid_437	0	0	.	.	.
resfindernewid_438	0	0	.	.	.
resfindernewid_439	0	0	.	.	.
resfindernewid_44	0	0	.	.	.
resfindernewid_440	0	0	.	.	.
resfindernewid_441	0	0	.	.	.
resfindernewid_442	0	0	.	.	.
resfindernewid_443	0	0	.	.	.
resfindernewid_444	0	0	.	.	.
resfindernewid_445	0	0	.	.	.
resfindernewid_446	0	0	.	.	.
resfindernewid_447	0	0	.	.	.
resfindernewid_448	0	0	.	.	.
resfindernewid_449	0	0	.	.	.
resfindernewid_45	0	0	.	.	.
resfindernewid_450	0	0	.	.	.
resfindernewid_451	0	0	.	.	.
resfindernewid_452	0	0	.	.	.
resfindernewid_453	0	0	.	.	.
resfindernewid_454	0	0	.	.	.
resfindernewid_455	0	0	.	.	.
resfindernewid_456	0	0	.	.	.
resfindernewid_457	0	0	.	.	.
resfindernewid_458	0	0	.	.	.
resfindernewid_459	0	0	.	.	.
resfindernewid_46	0	0	.	.	.
resfindernewid_460	0	0	.	.	.
resfindernewid_461	0	0	.	.	.
resfindernewid_462	0	0	.	.	.
resfindernewid_463	0	0	.	.	.
resfindernewid_464	0	0	.	.	.
resfindernewid_465	0	0	.	.	.
resfindernewid_466	0	0	.	.	.
resfindernewid_467	0	0	.	.	.
resfindernewid_468	0	0	.	.	.
resfindernewid_469	0	0	.	.	.
resfindernewid_47	0	0	.	.	.
resfindernewid_470	0	0	.	.	.
resfindernewid_471	0	0	.	.	.
resfindernewid_472	0	0	.	.	.
resfindernewid_473	0	0	.	.	.
resfindernewid_474	0	0	.	.	.
resfindernewid_475	0	0	.	.	.
resfindernewid_476	0	0	.	.	.
resfindernewid_477	0	0	.	.	.
resfindernewid_478	0	0	.	.	.
resfindernewid_479	0	0	.	.	.
resfindernewid_48	0	0	.	.	.
resfindernewid_480	0	0	.	.	.
resfindernewid_481	0	0	.	.	.
resfindernewid_482	0	0	.	.	.
resfindernewid_483	0	0	.	.	.
resfindernewid_484	0	0	.	.	.
resfindernewid_485	0	0	.	.	.
resfindernewid_486	0	0	.	.	.
resfindernewid_487	0	0	.	.	.
resfindernewid_488	0	0	.	.	.
resfindernewid_489	0	0	.	.	.
resfindernewid_49	0	0	.	.	.
resfindernewid_490	0	0	.	.	.
resfindernewid_491	0	0	.	.	.
resfindernewid_492	0	0	.	.	.
resfindernewid_493	0	0	.	.	.
resfindernewid_494	0	0	.	.	.
resfindernewid_495	0	0	.	.	.
resfindernewid_496	0	0	.	.	.
resfindernewid_497	0	0	.	.	.
resfindernewid_498	0	0	.	.	.
resfindernewid_499	0	0	.	.	.
resfindernewid_5	0	0	.	.	.
resfindernewid_50	0	0	.	.	.
resfindernewid_500	0	0	.	.	.
resfindernewid_501	0	0	.	.	.
resfindernewid_502	0	0	.	.	.
resfindernewid_503	0	0	.	.	.
resfindernewid_504	0	0	.	.	.
resfindernewid_505	0	0	.	.	.
resfindernewid_506	0	0	.	.	.
resfindernewid_507	0	0	.	.	.
resfindernewid_508	0	0	.	.	.
resfindernewid_509	0	0	.	.	.
resfindernewid_51	0	0	.	.	.
resfindernewid_510	0	0	.	.	.
resfindernewid_511	0	0	.	.	.
resfindernewid_512	0	0	.	.	.
resfindernewid_513	0	0	.	.	.
resfindernewid_514	0	0	.	.	.
resfindernewid_515	0	0	.	.	.
resfindernewid_516	0	0	.	.	.
resfindernewid_517	0	0	.	.	.
resfindernewid_518	0	0	.	.	.
resfindernewid_519	0	0	.	.	.
resfindernewid_52	0	0	.	.	.
resfindernewid_520	0	0	.	.	.
resfindernewid_521	0	0	.	.	.
resfindernewid_522	0	0	.	.	.
resfindernewid_523	0	0	.	.	.
resfindernewid_524	0	0	.	.	.
resfindernewid_525	0	0	.	.	.
resfindernewid_526	0	0	.	.	.
resfindernewid_527	0	0	.	.	.
resfindernewid_528	0	0	.	.	.
resfindernewid_529	0	0	.	.	.
resfindernewid_53	0	0	.	.	.
resfindernewid_530	0	0	.	.	.
resfindernewid_531	0	0	.	.	.
resfindernewid_532	0	0	.	.	.
resfindernewid_533	0	0	.	.	.
resfindernewid_534	0	0	.	.	.
resfindernewid_535	0	0	.	.	.
resfindernewid_536	0	0	.	.	.
resfindernewid_537	0	0	.	.	.
resfindernewid_538	0	0	.	.	.
resfindernewid_539	0	0	.	.	.
resfindernewid_54	0	0	.	.	.
resfindernewid_540	0	0	.	.	.
resfindernewid_541	0	0	.	.	.
resfindernewid_542	0	0	.	.	.
resfindernewid_543	0	0	.	.	.
resfindernewid_544	0	0	.	.	.
resfindernewid_545	0	0	.	.	.
resfindernewid_546	0	0	.	.	.
resfindernewid_547	0	0	.	.	.
resfindernewid_548	0	0	.	.	.
resfindernewid_549	0	0	.	.	.
resfindernewid_55	0	0	.	.	.
resfindernewid_550	0	0	.	.	.
resfindernewid_551	0	0	.	.	.
resfindernewid_552	0	0	.	.	.
resfindernewid_553	0	0	.	.	.
resfindernewid_554	0	0	.	.	.
resfindernewid_555	0	0	.	.	.
resfindernewid_556	0	0	.	.	.
resfindernewid_557	0	0	.	.	.
resfindernewid_558	0	0	.	.	.
resfindernewid_559	0	0	.	.	.
resfindernewid_56	0	0	.	.	.
resfindernewid_560	0	0	.	.	.
resfindernewid_561	0	0	.	.	.
resfindernewid_562	0	0	.	.	.
resfindernewid_563	0	0	.	.	.
resfindernewid_564	0	0	.	.	.
resfindernewid_565	0	0	.	.	.
resfindernewid_566	0	0	.	.	.
resfindernewid_567	0	0	.	.	.
resfindernewid_568	0	0	.	.	.
resfindernewid_569	0	0	.	.	.
resfindernewid_57	0	0	.	.	.
resfindernewid_570	0	0	.	.	.
resfindernewid_571	0	0	.	.	.
resfindernewid_572	0	0	.	.	.
resfindernewid_573	0	0	.	.	.
resfindernewid_574	0	0	.	.	.
resfindernewid_575	0	0	.	.	.
resfindernewid_576	0	0	.	.	.
resfindernewid_577	0	0	.	.	.
resfindernewid_578	0	0	.	.	.
resfindernewid_579	0	0	.	.	.
resfindernewid_58	0	0	.	.	.
resfindernewid_580	0	0	.	.	.
resfindernewid_581	0	0	.	.	.
resfindernewid_582	0	0	.	.	.
resfindernewid_583	0	0	.	.	.
resfindernewid_584	0	0	.	.	.
resfindernewid_585	0	0	.	.	.
resfindernewid_586	0	0	.	.	.
resfindernewid_587	0	0	.	.	.
resfindernewid_588	0	0	.	.	.
resfindernewid_589	0	0	.	.	.
resfindernewid_59	0	0	.	.	.
resfindernewid_590	0	0	.	.	.
resfindernewid_591	0	0	.	.	.
resfindernewid_592	0	0	.	.	.
resfindernewid_593	0	0	.	.	.
resfindernewid_594	0	0	.	.	.
resfindernewid_595	0	0	.	.	.
resfindernewid_596	0	0	.	.	.
resfindernewid_597	0	0	.	.	.
resfindernewid_598	0	0	.	.	.
resfindernewid_599	0	0	.	.	.
resfindernewid_6	0	0	.	.	.
resfindernewid_60	0	0	.	.	.
resfindernewid_600	0	0	.	.	.
resfindernewid_601	0	0	.	.	.
resfindernewid_602	0	0	.	.	.
resfindernewid_603	0	0	.	.	.
resfindernewid_604	0	0	.	.	.
resfindernewid_605	0	0	.	.	.
resfindernewid_606	0	0	.	.	.
resfindernewid_607	0	0	.	.	.
resfindernewid_608	0	0	.	.	.
resfindernewid_609	0	0	.	.	.
resfindernewid_61	0	0	.	.	.
resfindernewid_610	0	0	.	.	.
resfindernewid_611	0	0	.	.	.
resfindernewid_612	0	0	.	.	.
resfindernewid_613	0	0	.	.	.
resfindernewid_614	0	0	.	.	.
resfindernewid_615	0	0	.	.	.
resfindernewid_616	0	0	.	.	.
resfindernewid_617	0	0	.	.	.
resfindernewid_618	0	0	.	.	.
resfindernewid_619	0	0	.	.	.
resfindernewid_62	0	0	.	.	.
resfindernewid_620	0	0	.	.	.
resfindernewid_621	0	0	.	.	.
resfindernewid_622	0	0	.	.	.
resfindernewid_623	0	0	.	.	.
resfindernewid_624	0	0	.	.	.
resfindernewid_625	0	0	.	.	.
resfindernewid_626	0	0	.	.	.
resfindernewid_627	0	0	.	.	.
resfindernewid_628	0	0	.	.	.
resfindernewid_629	0	0	.	.	.
resfindernewid_63	0	0	.	.	.
resfindernewid_630	0	0	.	.	.
resfindernewid_631	0	0	.	.	.
resfindernewid_632	0	0	.	.	.
resfindernewid_633	0	0	.	.	.
resfindernewid_634	0	0	.	.	.
resfindernewid_635	0	0	.	.	.
resfindernewid_636	0	0	.	.	.
resfindernewid_637	0	0	.	.	.
resfindernewid_638	0	0	.	.	.
resfindernewid_639	0	0	.	.	.
resfindernewid_64	0	0	.	.	.
resfindernewid_640	0	0	.	.	.
resfindernewid_641	0	0	.	.	.
resfindernewid_642	0	0	.	.	.
resfindernewid_643	0	0	.	.	.
resfindernewid_644	0	0	.	.	.
resfindernewid_645	0	0	.	.	.
resfindernewid_646	0	0	.	.	.
resfindernewid_647	0	0	.	.	.
resfindernewid_648	0	0	.	.	.
resfindernewid_649	0	0	.	.	.
resfindernewid_65	0	0	.	.	.
resfindernewid_650	0	0	.	.	.
resfindernewid_651	0	0	.	.	.
resfindernewid_652	0	0	.	.	.
resfindernewid_653	0	0	.	.	.
resfindernewid_654	0	0	.	.	.
resfindernewid_655	0	0	.	.	.
resfindernewid_656	0	0	.	.	.
resfindernewid_657	0	0	.	.	.
resfindernewid_658	0	0	.	.	.
resfindernewid_659	0	0	.	.	.
resfindernewid_66	0	0	.	.	.
resfindernewid_660	0	0	.	.	.
resfindernewid_661	0	0	.	.	.
resfindernewid_662	0	0	.	.	.
resfindernewid_663	0	0	.	.	.
resfindernewid_664	0	0	.	.	.
resfindernewid_665	0	0	.	.	.
resfindernewid_666	0	0	.	.	.
resfindernewid_667	0	0	.	.	.
resfindernewid_668	0	0	.	.	.
resfindernewid_669	0	0	.	.	.
resfindernewid_67	0	0	.	.	.
resfindernewid_670	0	0	.	.	.
resfindernewid_671	0	0	.	.	.
resfindernewid_672	0	0	.	.	.
resfindernewid_673	0	0	.	.	.
resfindernewid_674	0	0	.	.	.
resfindernewid_675	0	0	.	.	.
resfindernewid_676	0	0	.	.	.
resfindernewid_677	0	0	.	.	.
resfindernewid_678	0	0	.	.	.
resfindernewid_679	0	0	.	.	.
resfindernewid_68	0	0	.	.	.
resfindernewid_680	0	0	.	.	.
resfindernewid_681	0	0	.	.	.
resfindernewid_682	0	0	.	.	.
resfindernewid_683	0	0	.	.	.
resfindernewid_684	0	0	.	.	.
resfindernewid_685	0	0	.	.	.
resfindernewid_686	0	0	.	.	.
resfindernewid_687	0	0	.	.	.
resfindernewid_688	0	0	.	.	.
resfindernewid_689	0	0	.	.	.
resfindernewid_69	0	0	.	.	.
resfindernewid_690	0	0	.	.	.
resfindernewid_691	0	0	.	.	.
resfindernewid_692	0	0	.	.	.
resfindernewid_693	0	0	.	.	.
resfindernewid_694	0	0	.	.	.
resfindernewid_695	0	0	.	.	.
resfindernewid_696	0	0	.	.	.
resfindernewid_697	0	0	.	.	.
resfindernewid_698	0	0	.	.	.
resfindernewid_699	0	0	.	.	.
resfindernewid_7	0	0	.	.	.
resfindernewid_70	0	0	.	.	.
resfindernewid_700	0	0	.	.	.
resfindernewid_701	0	0	.	.	.
resfindernewid_702	0	0	.	.	.
resfindernewid_703	0	0	.	.	.
resfindernewid_704	0	0	.	.	.
resfindernewid_705	0	0	.	.	.
resfindernewid_706	0	0	.	.	.
resfindernewid_707	0	0	.	.	.
resfindernewid_708	0	0	.	.	.
resfindernewid_709	0	0	.	.	.
resfindernewid_71	0	0	.	.	.
resfindernewid_710	0	0	.	.	.
resfindernewid_711	0	0	.	.	.
resfindernewid_712	0	0	.	.	.
resfindernewid_713	0	0	.	.	.
resfindernewid_714	0	0	.	.	.
resfindernewid_715	0	0	.	.	.
resfindernewid_716	0	0	.	.	.
resfindernewid_717	0	0	.	.	.
resfindernewid_718	0	0	.	.	.
resfindernewid_719	0	0	.	.	.
resfindernewid_72	0	0	.	.	.
resfindernewid_720	0	0	.	.	.
resfindernewid_721	0	0	.	.	.
resfindernewid_722	0	0	.	.	.
resfindernewid_723	0	0	.	.	.
resfindernewid_724	0	0	.	.	.
resfindernewid_725	0	0	.	.	.
resfindernewid_726	0	0	.	.	.
resfindernewid_727	0	0	.	.	.
resfindernewid_728	0	0	.	.	.
resfindernewid_729	0	0	.	.	.
resfindernewid_73	0	0	.	.	.
resfindernewid_730	0	0	.	.	.
resfindernewid_731	0	0	.	.	.
resfindernewid_732	0	0	.	.	.
resfindernewid_733	0	0	.	.	.
resfindernewid_734	0	0	.	.	.
resfindernewid_735	0	0	.	.	.
resfindernewid_736	0	0	.	.	.
resfindernewid_737	0	0	.	.	.
resfindernewid_738	0	0	.	.	.
resfindernewid_739	0	0	.	.	.
resfindernewid_74	0	0	.	.	.
resfindernewid_740	0	0	.	.	.
resfindernewid_741	0	0	.	.	.
resfindernewid_742	0	0	.	.	.
resfindernewid_743	0	0	.	.	.
resfindernewid_744	0	0	.	.	.
resfindernewid_745	0	0	.	.	.
resfindernewid_746	0	0	.	.	.
resfindernewid_747	0	0	.	.	.
resfindernewid_748	0	0	.	.	.
resfindernewid_749	0	0	.	.	.
resfindernewid_75	0	0	.	.	.
resfindernewid_750	0	0	.	.	.
resfindernewid_751	0	0	.	.	.
resfindernewid_752	0	0	.	.	.
resfindernewid_753	0	0	.	.	.
resfindernewid_754	0	0	.	.	.
resfindernewid_755	0	0	.	.	.
resfindernewid_756	0	0	.	.	.
resfindernewid_757	0	0	.	.	.
resfindernewid_758	0	0	.	.	.
resfindernewid_759	0	0	.	.	.
resfindernewid_76	0	0	.	.	.
resfindernewid_760	0	0	.	.	.
resfindernewid_761	0	0	.	.	.
resfindernewid_762	0	0	.	.	.
resfindernewid_763	0	0	.	.	.
resfindernewid_764	0	0	.	.	.
resfindernewid_765	0	0	.	.	.
resfindernewid_766	0	0	.	.	.
resfindernewid_767	0	0	.	.	.
resfindernewid_768	0	0	.	.	.
resfindernewid_769	0	0	.	.	.
resfindernewid_77	0	0	.	.	.
resfindernewid_770	0	0	.	.	.
resfindernewid_771	0	0	.	.	.
resfindernewid_772	0	0	.	.	.
resfindernewid_773	0	0	.	.	.
resfindernewid_774	0	0	.	.	.
resfindernewid_775	0	0	.	.	.
resfindernewid_776	0	0	.	.	.
resfindernewid_777	0	0	.	.	.
resfindernewid_778	0	0	.	.	.
resfindernewid_779	0	0	.	.	.
resfindernewid_78	0	0	.	.	.
resfindernewid_780	0	0	.	.	.
resfindernewid_781	0	0	.	.	.
resfindernewid_782	0	0	.	.	.
resfindernewid_783	0	0	.	.	.
resfindernewid_784	0	0	.	.	.
resfindernewid_785	0	0	.	.	.
resfindernewid_786	0	0	.	.	.
resfindernewid_787	0	0	.	.	.
resfindernewid_788	0	0	.	.	.
resfindernewid_789	0	0	.	.	.
resfindernewid_79	0	0	.	.	.
resfindernewid_790	0	0	.	.	.
resfindernewid_791	0	0	.	.	.
resfindernewid_792	0	0	.	.	.
resfindernewid_793	0	0	.	.	.
resfindernewid_794	0	0	.	.	.
resfindernewid_795	0	0	.	.	.
resfindernewid_796	0	0	.	.	.
resfindernewid_797	0	0	.	.	.
resfindernewid_798	0	0	.	.	.
resfindernewid_799	0	0	.	.	.
resfindernewid_8	0	0	.	.	.
resfindernewid_80	0	0	.	.	.
resfindernewid_800	0	0	.	.	.
resfindernewid_801	0	0	.	.	.
resfindernewid_802	0	0	.	.	.
resfindernewid_803	0	0	.	.	.
resfindernewid_804	0	0	.	.	.
resfindernewid_805	0	0	.	.	.
resfindernewid_806	0	0	.	.	.
resfindernewid_807	0	0	.	.	.
resfindernewid_808	0	0	.	.	.
resfindernewid_809	0	0	.	.	.
resfindernewid_81	0	0	.	.	.
resfindernewid_810	0	0	.	.	.
resfindernewid_811	0	0	.	.	.
resfindernewid_812	0	0	.	.	.
resfindernewid_813	0	0	.	.	.
resfindernewid_814	0	0	.	.	.
resfindernewid_815	0	0	.	.	.
resfindernewid_816	0	0	.	.	.
resfindernewid_817	0	0	.	.	.
resfindernewid_818	0	0	.	.	.
resfindernewid_819	0	0	.	.	.
resfindernewid_82	0	0	.	.	.
resfindernewid_820	0	0	.	.	.
resfindernewid_821	0	0	.	.	.
resfindernewid_822	0	0	.	.	.
resfindernewid_823	0	0	.	.	.
resfindernewid_824	0	0	.	.	.
resfindernewid_825	0	0	.	.	.
resfindernewid_826	0	0	.	.	.
resfindernewid_827	0	0	.	.	.
resfindernewid_828	0	0	.	.	.
resfindernewid_829	0	0	.	.	.
resfindernewid_83	0	0	.	.	.
resfindernewid_830	0	0	.	.	.
resfindernewid_831	0	0	.	.	.
resfindernewid_832	0	0	.	.	.
resfindernewid_833	0	0	.	.	.
resfindernewid_834	0	0	.	.	.
resfindernewid_835	0	0	.	.	.
resfindernewid_836	0	0	.	.	.
resfindernewid_837	0	0	.	.	.
resfindernewid_838	0	0	.	.	.
resfindernewid_839	0	0	.	.	.
resfindernewid_84	0	0	.	.	.
resfindernewid_840	0	0	.	.	.
resfindernewid_841	0	0	.	.	.
resfindernewid_842	0	0	.	.	.
resfindernewid_843	0	0	.	.	.
resfindernewid_844	0	0	.	.	.
resfindernewid_845	0	0	.	.	.
resfindernewid_846	0	0	.	.	.
resfindernewid_847	0	0	.	.	.
resfindernewid_848	0	0	.	.	.
resfindernewid_849	0	0	.	.	.
resfindernewid_85	0	0	.	.	.
resfindernewid_850	0	0	.	.	.
resfindernewid_851	0	0	.	.	.
resfindernewid_852	0	0	.	.	.
resfindernewid_853	0	0	.	.	.
resfindernewid_854	0	0	.	.	.
resfindernewid_855	0	0	.	.	.
resfindernewid_856	0	0	.	.	.
resfindernewid_857	0	0	.	.	.
resfindernewid_858	0	0	.	.	.
resfindernewid_859	0	0	.	.	.
resfindernewid_86	0	0	.	.	.
resfindernewid_860	0	0	.	.	.
resfindernewid_861	0	0	.	.	.
resfindernewid_862	0	0	.	.	.
resfindernewid_863	0	0	.	.	.
resfindernewid_864	0	0	.	.	.
resfindernewid_865	0	0	.	.	.
resfindernewid_866	0	0	.	.	.
resfindernewid_867	0	0	.	.	.
resfindernewid_868	0	0	.	.	.
resfindernewid_869	0	0	.	.	.
resfindernewid_87	0	0	.	.	.
resfindernewid_870	0	0	.	.	.
resfindernewid_871	0	0	.	.	.
resfindernewid_872	0	0	.	.	.
resfindernewid_873	0	0	.	.	.
resfindernewid_874	0	0	.	.	.
resfindernewid_875	0	0	.	.	.
resfindernewid_876	0	0	.	.	.
resfindernewid_877	0	0	.	.	.
resfindernewid_878	0	0	.	.	.
resfindernewid_879	0	0	.	.	.
resfindernewid_88	0	0	.	.	.
resfindernewid_880	0	0	.	.	.
resfindernewid_881	0	0	.	.	.
resfindernewid_882	0	0	.	.	.
resfindernewid_883	0	0	.	.	.
resfindernewid_884	0	0	.	.	.
resfindernewid_885	0	0	.	.	.
resfindernewid_886	0	0	.	.	.
resfindernewid_887	0	0	.	.	.
resfindernewid_888	0	0	.	.	.
resfindernewid_889	0	0	.	.	.
resfindernewid_89	0	0	.	.	.
resfindernewid_890	0	0	.	.	.
resfindernewid_891	0	0	.	.	.
resfindernewid_892	0	0	.	.	.
resfindernewid_893	0	0	.	.	.
resfindernewid_894	0	0	.	.	.
resfindernewid_895	0	0	.	.	.
resfindernewid_896	0	0	.	.	.
resfindernewid_897	0	0	.	.	.
resfindernewid_898	0	0	.	.	.
resfindernewid_899	0	0	.	.	.
resfindernewid_9	0	0	.	.	.
resfindernewid_90	0	0	.	.	.
resfindernewid_900	0	0	.	.	.
resfindernewid_901	0	0	.	.	.
resfindernewid_902	0	0	.	.	.
resfindernewid_903	0	0	.	.	.
resfindernewid_904	0	0	.	.	.
resfindernewid_905	0	0	.	.	.
resfindernewid_906	0	0	.	.	.
resfindernewid_907	0	0	.	.	.
resfindernewid_908	0	0	.	.	.
resfindernewid_909	0	0	.	.	.
resfindernewid_91	0	0	.	.	.
resfindernewid_910	0	0	.	.	.
resfindernewid_911	0	0	.	.	.
resfindernewid_912	0	0	.	.	.
resfindernewid_913	0	0	.	.	.
resfindernewid_914	0	0	.	.	.
resfindernewid_915	0	0	.	.	.
resfindernewid_916	0	0	.	.	.
resfindernewid_917	0	0	.	.	.
resfindernewid_918	0	0	.	.	.
resfindernewid_919	0	0	.	.	.
resfindernewid_92	0	0	.	.	.
resfindernewid_920	0	0	.	.	.
resfindernewid_921	0	0	.	.	.
resfindernewid_922	0	0	.	.	.
resfindernewid_923	0	0	.	.	.
resfindernewid_924	0	0	.	.	.
resfindernewid_925	0	0	.	.	.
resfindernewid_926	0	0	.	.	.
resfindernewid_927	0	0	.	.	.
resfindernewid_928	0	0	.	.	.
resfindernewid_929	0	0	.	.	.
resfindernewid_93	0	0	.	.	.
resfindernewid_930	0	0	.	.	.
resfindernewid_931	0	0	.	.	.
resfindernewid_932	0	0	.	.	.
resfindernewid_933	0	0	.	.	.
resfindernewid_934	0	0	.	.	.
resfindernewid_935	0	0	.	.	.
resfindernewid_936	0	0	.	.	.
resfindernewid_937	0	0	.	.	.
resfindernewid_938	0	0	.	.	.
resfindernewid_939	0	0	.	.	.
resfindernewid_94	0	0	.	.	.
resfindernewid_940	0	0	.	.	.
resfindernewid_941	0	0	.	.	.
resfindernewid_942	0	0	.	.	.
resfindernewid_943	0	0	.	.	.
resfindernewid_944	0	0	.	.	.
resfindernewid_945	0	0	.	.	.
resfindernewid_946	0	0	.	.	.
resfindernewid_947	0	0	.	.	.
resfindernewid_948	0	0	.	.	.
resfindernewid_949	0	0	.	.	.
resfindernewid_95	0	0	.	.	.
resfindernewid_950	0	0	.	.	.
resfindernewid_951	0	0	.	.	.
resfindernewid_952	0	0	.	.	.
resfindernewid_953	0	0	.	.	.
resfindernewid_954	0	0	.	.	.
resfindernewid_955	0	0	.	.	.
resfindernewid_956	0	0	.	.	.
resfindernewid_957	0	0	.	.	.
resfindernewid_958	0	0	.	.	.
resfindernewid_959	0	0	.	.	.
resfindernewid_96	0	0	.	.	.
resfindernewid_960	0	0	.	.	.
resfindernewid_961	0	0	.	.	.
resfindernewid_962	0	0	.	.	.
resfindernewid_963	0	0	.	.	.
resfindernewid_964	0	0	.	.	.
resfindernewid_965	0	0	.	.	.
resfindernewid_966	0	0	.	.	.
resfindernewid_967	0	0	.	.	.
resfindernewid_968	0	0	.	.	.
resfindernewid_969	0	0	.	.	.
resfindernewid_97	0	0	.	.	.
resfindernewid_970	0	0	.	.	.
resfindernewid_971	0	0	.	.	.
resfindernewid_972	0	0	.	.	.
resfindernewid_973	0	0	.	.	.
resfindernewid_974	0	0	.	.	.
resfindernewid_975	0	0	.	.	.
resfindernewid_976	0	0	.	.	.
resfindernewid_977	0	0	.	.	.
resfindernewid_978	0	0	.	.	.
resfindernewid_979	0	0	.	.	.
resfindernewid_98	0	0	.	.	.
resfindernewid_980	0	0	.	.	.
resfindernewid_981	0	0	.	.	.
resfindernewid_982	0	0	.	.	.
resfindernewid_983	0	0	.	.	.
resfindernewid_984	0	0	.	.	.
resfindernewid_985	0	0	.	.	.
resfindernewid_986	0	0	.	.	.
resfindernewid_987	0	0	.	.	.
resfindernewid_988	0	0	.	.	.
resfindernewid_989	0	0	.	.	.
resfindernewid_99	0	0	.	.	.
resfindernewid_990	0	0	.	.	.
resfindernewid_991	0	0	.	.	.
resfindernewid_992	0	0	.	.	.
resfindernewid_993	0	0	.	.	.
resfindernewid_994	0	0	.	.	.
resfindernewid_995	0	0	.	.	.
resfindernewid_996	0	0	.	.	.
resfindernewid_997	0	0	.	.	.
resfindernewid_998	0	0	.	.	.
resfindernewid_999	0	0	.	.	.
