cluster	resfindernewid_2395
cluster_1	resfindernewid_2394
cluster_10	resfindernewid_2564
cluster_100	resfindernewid_159	resfindernewid_160	resfindernewid_161	resfindernewid_162	resfindernewid_163	resfindernewid_164	resfindernewid_171	resfindernewid_172	resfindernewid_182	resfindernewid_183	resfindernewid_184	resfindernewid_185	resfindernewid_253	resfindernewid_254
cluster_101	resfindernewid_2856
cluster_102	resfindernewid_2450
cluster_103	resfindernewid_1513	resfindernewid_1514	resfindernewid_1515	resfindernewid_1516	resfindernewid_1517
cluster_104	resfindernewid_457
cluster_105	resfindernewid_2437
cluster_106	resfindernewid_1501
cluster_107	resfindernewid_1447
cluster_108	resfindernewid_1643	resfindernewid_1644
cluster_109	resfindernewid_1645
cluster_11	resfindernewid_2848	resfindernewid_2849
cluster_110	resfindernewid_2526
cluster_111	resfindernewid_2566
cluster_112	resfindernewid_2393
cluster_113	resfindernewid_2585	resfindernewid_2586	resfindernewid_2587	resfindernewid_2588	resfindernewid_2589	resfindernewid_2590	resfindernewid_2591	resfindernewid_2592	resfindernewid_2593	resfindernewid_2594	resfindernewid_2595	resfindernewid_2596	resfindernewid_2597	resfindernewid_2598	resfindernewid_2599	resfindernewid_2600	resfindernewid_2601	resfindernewid_2602	resfindernewid_2603	resfindernewid_2604
cluster_114	resfindernewid_456
cluster_115	resfindernewid_1460
cluster_116	resfindernewid_2648
cluster_117	resfindernewid_1453
cluster_118	resfindernewid_1638
cluster_119	resfindernewid_455
cluster_12	resfindernewid_2463
cluster_120	resfindernewid_1142	resfindernewid_1144	resfindernewid_1145	resfindernewid_1146	resfindernewid_1148
cluster_121	resfindernewid_1143
cluster_122	resfindernewid_1147
cluster_123	resfindernewid_2562
cluster_124	resfindernewid_2930	resfindernewid_2931	resfindernewid_2932	resfindernewid_2933
cluster_125	resfindernewid_2563
cluster_126	resfindernewid_218	resfindernewid_40
cluster_127	resfindernewid_219
cluster_128	resfindernewid_196
cluster_129	resfindernewid_2510	resfindernewid_2511
cluster_13	resfindernewid_2352	resfindernewid_2353	resfindernewid_2354	resfindernewid_2356	resfindernewid_2357	resfindernewid_2358	resfindernewid_2359
cluster_130	resfindernewid_2570
cluster_131	resfindernewid_90
cluster_132	resfindernewid_1152	resfindernewid_1153
cluster_133	resfindernewid_1450
cluster_134	resfindernewid_1950
cluster_135	resfindernewid_2949
cluster_136	resfindernewid_2459	resfindernewid_2460
cluster_137	resfindernewid_193	resfindernewid_30
cluster_138	resfindernewid_2512
cluster_139	resfindernewid_2561
cluster_14	resfindernewid_2397
cluster_140	resfindernewid_1928	resfindernewid_1929	resfindernewid_1930	resfindernewid_1931	resfindernewid_1932	resfindernewid_1933	resfindernewid_1934	resfindernewid_1935	resfindernewid_1936	resfindernewid_1937	resfindernewid_1938	resfindernewid_1939	resfindernewid_1940	resfindernewid_1941	resfindernewid_1942	resfindernewid_1943	resfindernewid_1944	resfindernewid_1945	resfindernewid_1946	resfindernewid_1947	resfindernewid_761	resfindernewid_762	resfindernewid_763	resfindernewid_764	resfindernewid_765	resfindernewid_766	resfindernewid_767	resfindernewid_768	resfindernewid_769	resfindernewid_770	resfindernewid_771	resfindernewid_772	resfindernewid_773
cluster_141	resfindernewid_197	resfindernewid_198
cluster_142	resfindernewid_1461	resfindernewid_797	resfindernewid_798
cluster_143	resfindernewid_121	resfindernewid_250
cluster_144	resfindernewid_505	resfindernewid_506	resfindernewid_507	resfindernewid_508	resfindernewid_509	resfindernewid_510
cluster_145	resfindernewid_1154	resfindernewid_1155	resfindernewid_1156	resfindernewid_1157	resfindernewid_1158	resfindernewid_1159	resfindernewid_1160	resfindernewid_1161	resfindernewid_1162	resfindernewid_1163	resfindernewid_1164	resfindernewid_1165	resfindernewid_1166	resfindernewid_1167	resfindernewid_1168	resfindernewid_1169	resfindernewid_1170	resfindernewid_1171	resfindernewid_1172	resfindernewid_1173	resfindernewid_1174	resfindernewid_1175	resfindernewid_1176	resfindernewid_1177	resfindernewid_1178	resfindernewid_1179	resfindernewid_1180	resfindernewid_1181	resfindernewid_1182	resfindernewid_1183	resfindernewid_1184	resfindernewid_1185	resfindernewid_1186	resfindernewid_1187	resfindernewid_1188	resfindernewid_1189	resfindernewid_1190	resfindernewid_1191	resfindernewid_1192	resfindernewid_1193	resfindernewid_1194	resfindernewid_1195	resfindernewid_1196	resfindernewid_1197	resfindernewid_1198	resfindernewid_1199	resfindernewid_1200	resfindernewid_1201	resfindernewid_1203	resfindernewid_1204	resfindernewid_1205	resfindernewid_1206	resfindernewid_1207	resfindernewid_1208	resfindernewid_1209	resfindernewid_1210	resfindernewid_1211	resfindernewid_1212	resfindernewid_1213	resfindernewid_1214	resfindernewid_1215	resfindernewid_1216	resfindernewid_1217	resfindernewid_1218	resfindernewid_1219	resfindernewid_1220	resfindernewid_1221	resfindernewid_1222	resfindernewid_1223	resfindernewid_1224	resfindernewid_1225	resfindernewid_1226	resfindernewid_1227	resfindernewid_1228	resfindernewid_1229	resfindernewid_1230	resfindernewid_1231	resfindernewid_1232	resfindernewid_1233	resfindernewid_1234	resfindernewid_1235	resfindernewid_1236	resfindernewid_1237	resfindernewid_1238	resfindernewid_1239	resfindernewid_1240	resfindernewid_1241	resfindernewid_1242	resfindernewid_1243	resfindernewid_1244	resfindernewid_1245	resfindernewid_1246	resfindernewid_1247	resfindernewid_1253	resfindernewid_1257	resfindernewid_1258	resfindernewid_1259	resfindernewid_1260	resfindernewid_1261	resfindernewid_1262	resfindernewid_1265	resfindernewid_1267	resfindernewid_1268	resfindernewid_1269	resfindernewid_1270	resfindernewid_1271	resfindernewid_2168	resfindernewid_2169	resfindernewid_2170	resfindernewid_2172	resfindernewid_2173	resfindernewid_2174	resfindernewid_2175	resfindernewid_2176	resfindernewid_2177	resfindernewid_2178	resfindernewid_2179	resfindernewid_2180	resfindernewid_2181	resfindernewid_2182	resfindernewid_2183	resfindernewid_2184	resfindernewid_2185	resfindernewid_2186	resfindernewid_2187	resfindernewid_2188	resfindernewid_2189	resfindernewid_2190	resfindernewid_2191	resfindernewid_2192	resfindernewid_2193	resfindernewid_2194	resfindernewid_2195	resfindernewid_2196	resfindernewid_2197	resfindernewid_2198	resfindernewid_2199	resfindernewid_2200
cluster_146	resfindernewid_2858	resfindernewid_2859
cluster_147	resfindernewid_1420	resfindernewid_1421	resfindernewid_1422	resfindernewid_1423	resfindernewid_1424	resfindernewid_1425	resfindernewid_1426	resfindernewid_1427	resfindernewid_1428	resfindernewid_1429
cluster_148	resfindernewid_1491	resfindernewid_1492	resfindernewid_1493	resfindernewid_1494	resfindernewid_1495	resfindernewid_1496	resfindernewid_1497	resfindernewid_1499	resfindernewid_1502	resfindernewid_1752	resfindernewid_1753	resfindernewid_1754	resfindernewid_1755	resfindernewid_1756	resfindernewid_1757	resfindernewid_1758	resfindernewid_1759	resfindernewid_1760	resfindernewid_1761	resfindernewid_1762	resfindernewid_1763	resfindernewid_1764	resfindernewid_1765	resfindernewid_1766	resfindernewid_1767	resfindernewid_1768	resfindernewid_1769	resfindernewid_1770	resfindernewid_1771	resfindernewid_1772	resfindernewid_1773	resfindernewid_1774	resfindernewid_1775	resfindernewid_1776	resfindernewid_1777	resfindernewid_1778	resfindernewid_1779	resfindernewid_1780	resfindernewid_1781	resfindernewid_1782	resfindernewid_1783	resfindernewid_1784	resfindernewid_1785	resfindernewid_1786	resfindernewid_1787	resfindernewid_1788	resfindernewid_1789	resfindernewid_1790	resfindernewid_1791	resfindernewid_1792	resfindernewid_1793	resfindernewid_1794	resfindernewid_1795	resfindernewid_1796	resfindernewid_1797	resfindernewid_1798	resfindernewid_1799	resfindernewid_1800	resfindernewid_1801	resfindernewid_1802	resfindernewid_1803	resfindernewid_1804	resfindernewid_1805	resfindernewid_1806	resfindernewid_1807	resfindernewid_1808	resfindernewid_1809	resfindernewid_1810	resfindernewid_1811	resfindernewid_1812	resfindernewid_1813	resfindernewid_1814	resfindernewid_1815	resfindernewid_1816	resfindernewid_1817	resfindernewid_1818	resfindernewid_1819	resfindernewid_1820	resfindernewid_1821	resfindernewid_1822	resfindernewid_1823	resfindernewid_1824	resfindernewid_1825	resfindernewid_1826	resfindernewid_1827	resfindernewid_1828	resfindernewid_1829	resfindernewid_1830	resfindernewid_1831	resfindernewid_1832	resfindernewid_1833	resfindernewid_1834	resfindernewid_1835	resfindernewid_1836	resfindernewid_1837	resfindernewid_1838	resfindernewid_1839	resfindernewid_1840	resfindernewid_1841	resfindernewid_1842	resfindernewid_1843	resfindernewid_1844	resfindernewid_1845	resfindernewid_1846	resfindernewid_1847	resfindernewid_1848	resfindernewid_1849	resfindernewid_1850	resfindernewid_1851	resfindernewid_1852	resfindernewid_1853	resfindernewid_1854	resfindernewid_1855	resfindernewid_1856	resfindernewid_1857	resfindernewid_1858	resfindernewid_1859	resfindernewid_1860	resfindernewid_1861	resfindernewid_1862	resfindernewid_1863	resfindernewid_1864	resfindernewid_1865	resfindernewid_1866	resfindernewid_1867	resfindernewid_1868	resfindernewid_1869	resfindernewid_1870	resfindernewid_1871	resfindernewid_1872	resfindernewid_1873	resfindernewid_1874	resfindernewid_1875	resfindernewid_1876
cluster_149	resfindernewid_195	resfindernewid_37	resfindernewid_95
cluster_15	resfindernewid_2535
cluster_150	resfindernewid_2432
cluster_151	resfindernewid_2489
cluster_152	resfindernewid_2513	resfindernewid_2514	resfindernewid_2515	resfindernewid_2516	resfindernewid_2517
cluster_153	resfindernewid_2530
cluster_154	resfindernewid_50
cluster_155	resfindernewid_1448
cluster_156	resfindernewid_2210	resfindernewid_2213	resfindernewid_2215	resfindernewid_2218	resfindernewid_2219	resfindernewid_2250
cluster_157	resfindernewid_2926	resfindernewid_2927	resfindernewid_2928	resfindernewid_2929
cluster_158	resfindernewid_1439
cluster_159	resfindernewid_22
cluster_16	resfindernewid_2844	resfindernewid_2845
cluster_160	resfindernewid_89
cluster_161	resfindernewid_91	resfindernewid_92
cluster_162	resfindernewid_1464
cluster_163	resfindernewid_2255
cluster_164	resfindernewid_1149	resfindernewid_1150
cluster_165	resfindernewid_1151
cluster_166	resfindernewid_1446	resfindernewid_701	resfindernewid_702	resfindernewid_703	resfindernewid_704	resfindernewid_705	resfindernewid_706
cluster_167	resfindernewid_1462
cluster_168	resfindernewid_2901	resfindernewid_2902	resfindernewid_2903	resfindernewid_2904	resfindernewid_2905	resfindernewid_2906	resfindernewid_2907	resfindernewid_2908	resfindernewid_2909	resfindernewid_2910	resfindernewid_2911	resfindernewid_2912	resfindernewid_2913	resfindernewid_2969
cluster_169	resfindernewid_1465
cluster_17	resfindernewid_2852	resfindernewid_2853
cluster_170	resfindernewid_1696	resfindernewid_1697	resfindernewid_1698	resfindernewid_1699	resfindernewid_1700	resfindernewid_1701
cluster_171	resfindernewid_2490
cluster_172	resfindernewid_1451
cluster_173	resfindernewid_1475	resfindernewid_1476
cluster_174	resfindernewid_1639	resfindernewid_1640	resfindernewid_1641
cluster_175	resfindernewid_1642	resfindernewid_2252	resfindernewid_2253	resfindernewid_2254
cluster_176	resfindernewid_1949	resfindernewid_1951	resfindernewid_1952	resfindernewid_1953	resfindernewid_1954	resfindernewid_1958	resfindernewid_1959	resfindernewid_1960	resfindernewid_1962	resfindernewid_1963	resfindernewid_1965	resfindernewid_1966	resfindernewid_1968	resfindernewid_1969	resfindernewid_1971	resfindernewid_1972	resfindernewid_1973	resfindernewid_1974	resfindernewid_1975	resfindernewid_1976	resfindernewid_1977	resfindernewid_1978	resfindernewid_1979	resfindernewid_1980	resfindernewid_1981	resfindernewid_1982	resfindernewid_1983	resfindernewid_1986	resfindernewid_1987	resfindernewid_1990	resfindernewid_1995	resfindernewid_1996	resfindernewid_1997	resfindernewid_1998	resfindernewid_1999	resfindernewid_2000	resfindernewid_2001	resfindernewid_2002	resfindernewid_2003	resfindernewid_2004	resfindernewid_2007	resfindernewid_2009	resfindernewid_2011	resfindernewid_2015	resfindernewid_2017	resfindernewid_2019	resfindernewid_2020	resfindernewid_2023	resfindernewid_2024	resfindernewid_2027	resfindernewid_2028	resfindernewid_2029	resfindernewid_2031	resfindernewid_2034	resfindernewid_589	resfindernewid_594	resfindernewid_595	resfindernewid_604	resfindernewid_607	resfindernewid_608	resfindernewid_609	resfindernewid_611	resfindernewid_612	resfindernewid_613	resfindernewid_615	resfindernewid_619	resfindernewid_628	resfindernewid_629	resfindernewid_631	resfindernewid_632	resfindernewid_633	resfindernewid_634	resfindernewid_637	resfindernewid_639	resfindernewid_640	resfindernewid_641	resfindernewid_642	resfindernewid_648	resfindernewid_650	resfindernewid_656	resfindernewid_664	resfindernewid_669	resfindernewid_671	resfindernewid_678	resfindernewid_679	resfindernewid_680	resfindernewid_682	resfindernewid_689	resfindernewid_691	resfindernewid_692	resfindernewid_693
cluster_177	resfindernewid_2519	resfindernewid_2520
cluster_178	resfindernewid_2538
cluster_179	resfindernewid_2850	resfindernewid_2851
cluster_18	resfindernewid_2461
cluster_180	resfindernewid_1452
cluster_181	resfindernewid_2777	resfindernewid_2778	resfindernewid_2779	resfindernewid_2780	resfindernewid_2781	resfindernewid_2782	resfindernewid_2783	resfindernewid_2784	resfindernewid_2785	resfindernewid_2786	resfindernewid_2787	resfindernewid_2788	resfindernewid_2789	resfindernewid_2790	resfindernewid_2791	resfindernewid_2792	resfindernewid_2793	resfindernewid_2794	resfindernewid_2795	resfindernewid_2796	resfindernewid_2797	resfindernewid_2798	resfindernewid_2799	resfindernewid_2800	resfindernewid_2801	resfindernewid_2802	resfindernewid_2803	resfindernewid_2824	resfindernewid_2825	resfindernewid_2826	resfindernewid_2827	resfindernewid_2828	resfindernewid_2829
cluster_182	resfindernewid_451
cluster_183	resfindernewid_1438	resfindernewid_1635	resfindernewid_1636	resfindernewid_1637
cluster_184	resfindernewid_1445
cluster_185	resfindernewid_1646
cluster_186	resfindernewid_1665	resfindernewid_1666
cluster_187	resfindernewid_23
cluster_188	resfindernewid_717	resfindernewid_718	resfindernewid_719	resfindernewid_720	resfindernewid_721	resfindernewid_722	resfindernewid_723	resfindernewid_725	resfindernewid_726	resfindernewid_727	resfindernewid_728	resfindernewid_729	resfindernewid_730	resfindernewid_731	resfindernewid_732	resfindernewid_736
cluster_189	resfindernewid_1948	resfindernewid_1955	resfindernewid_1957	resfindernewid_1964	resfindernewid_1970	resfindernewid_1984	resfindernewid_1985	resfindernewid_1988	resfindernewid_1989	resfindernewid_1991	resfindernewid_1994	resfindernewid_2005	resfindernewid_2006	resfindernewid_2010	resfindernewid_2013	resfindernewid_2014	resfindernewid_2016	resfindernewid_2026	resfindernewid_2030	resfindernewid_2033	resfindernewid_593	resfindernewid_596	resfindernewid_597	resfindernewid_598	resfindernewid_599	resfindernewid_600	resfindernewid_601	resfindernewid_603	resfindernewid_605	resfindernewid_622	resfindernewid_623	resfindernewid_624	resfindernewid_625	resfindernewid_626	resfindernewid_627	resfindernewid_638	resfindernewid_649	resfindernewid_651	resfindernewid_652	resfindernewid_653	resfindernewid_654	resfindernewid_655	resfindernewid_658	resfindernewid_661	resfindernewid_666	resfindernewid_667	resfindernewid_670	resfindernewid_672	resfindernewid_673	resfindernewid_674	resfindernewid_675	resfindernewid_676	resfindernewid_677	resfindernewid_681	resfindernewid_684	resfindernewid_685	resfindernewid_686	resfindernewid_687	resfindernewid_690	resfindernewid_694
cluster_19	resfindernewid_2462	resfindernewid_2540	resfindernewid_2541
cluster_190	resfindernewid_2857
cluster_191	resfindernewid_1113	resfindernewid_1114	resfindernewid_1115	resfindernewid_1116	resfindernewid_1117	resfindernewid_1118	resfindernewid_1119	resfindernewid_1131	resfindernewid_1132	resfindernewid_1133	resfindernewid_1134	resfindernewid_1135	resfindernewid_1136	resfindernewid_1137
cluster_192	resfindernewid_1956	resfindernewid_2008	resfindernewid_2032	resfindernewid_606	resfindernewid_616	resfindernewid_618	resfindernewid_647	resfindernewid_657	resfindernewid_659	resfindernewid_662	resfindernewid_668
cluster_193	resfindernewid_1961	resfindernewid_1967	resfindernewid_1993	resfindernewid_2012	resfindernewid_2018	resfindernewid_2021	resfindernewid_2022	resfindernewid_2025	resfindernewid_590	resfindernewid_591	resfindernewid_602	resfindernewid_610	resfindernewid_614	resfindernewid_620	resfindernewid_621	resfindernewid_630	resfindernewid_645	resfindernewid_646	resfindernewid_660	resfindernewid_663	resfindernewid_665	resfindernewid_683	resfindernewid_688
cluster_194	resfindernewid_1992	resfindernewid_636
cluster_195	resfindernewid_2433
cluster_196	resfindernewid_459	resfindernewid_460	resfindernewid_461	resfindernewid_462	resfindernewid_463	resfindernewid_464
cluster_197	resfindernewid_592	resfindernewid_617	resfindernewid_635
cluster_198	resfindernewid_1120	resfindernewid_1121	resfindernewid_1122	resfindernewid_1123	resfindernewid_1124	resfindernewid_1125	resfindernewid_1126	resfindernewid_1127	resfindernewid_1128	resfindernewid_1129
cluster_199	resfindernewid_444	resfindernewid_445
cluster_2	resfindernewid_2379	resfindernewid_2381	resfindernewid_2382	resfindernewid_2383
cluster_20	resfindernewid_2883	resfindernewid_2884	resfindernewid_2885
cluster_200	resfindernewid_643	resfindernewid_644
cluster_201	resfindernewid_2831
cluster_202	resfindernewid_733	resfindernewid_734	resfindernewid_735
cluster_203	resfindernewid_737	resfindernewid_738	resfindernewid_739	resfindernewid_740	resfindernewid_741	resfindernewid_742	resfindernewid_743
cluster_204	resfindernewid_1490
cluster_205	resfindernewid_1667
cluster_206	resfindernewid_857	resfindernewid_903
cluster_207	resfindernewid_1130
cluster_208	resfindernewid_122
cluster_209	resfindernewid_2206	resfindernewid_2207	resfindernewid_2208	resfindernewid_2211	resfindernewid_2216	resfindernewid_2217	resfindernewid_2251
cluster_21	resfindernewid_2631	resfindernewid_2632
cluster_210	resfindernewid_2209
cluster_211	resfindernewid_2212	resfindernewid_2214
cluster_212	resfindernewid_2841	resfindernewid_2898	resfindernewid_2899	resfindernewid_2900	resfindernewid_2967	resfindernewid_2968
cluster_213	resfindernewid_458
cluster_214	resfindernewid_96
cluster_215	resfindernewid_1612	resfindernewid_1613	resfindernewid_1614	resfindernewid_1615	resfindernewid_1616	resfindernewid_1617	resfindernewid_1618	resfindernewid_1619	resfindernewid_1620	resfindernewid_1621	resfindernewid_1622	resfindernewid_1623	resfindernewid_1624	resfindernewid_1625	resfindernewid_1626	resfindernewid_1627	resfindernewid_1628	resfindernewid_1629	resfindernewid_1630	resfindernewid_1631	resfindernewid_1632	resfindernewid_1633
cluster_216	resfindernewid_186
cluster_217	resfindernewid_2423	resfindernewid_2424	resfindernewid_2425
cluster_218	resfindernewid_123	resfindernewid_258	resfindernewid_259
cluster_219	resfindernewid_260
cluster_22	resfindernewid_2891	resfindernewid_2892	resfindernewid_2893
cluster_220	resfindernewid_483
cluster_221	resfindernewid_2830
cluster_222	resfindernewid_112	resfindernewid_114	resfindernewid_115	resfindernewid_116	resfindernewid_245	resfindernewid_246	resfindernewid_247	resfindernewid_248
cluster_223	resfindernewid_2765
cluster_224	resfindernewid_2846	resfindernewid_2847
cluster_225	resfindernewid_1272	resfindernewid_1273	resfindernewid_1274	resfindernewid_1275	resfindernewid_1276	resfindernewid_1277	resfindernewid_1278	resfindernewid_1279	resfindernewid_1280	resfindernewid_1281	resfindernewid_1282	resfindernewid_1283	resfindernewid_1284	resfindernewid_1285	resfindernewid_1286	resfindernewid_1287	resfindernewid_1288	resfindernewid_1289	resfindernewid_1290	resfindernewid_1291	resfindernewid_1292	resfindernewid_1293	resfindernewid_1294	resfindernewid_1295	resfindernewid_1296	resfindernewid_1297	resfindernewid_1298	resfindernewid_1299	resfindernewid_1300	resfindernewid_1301	resfindernewid_1302	resfindernewid_1303	resfindernewid_1304	resfindernewid_1305	resfindernewid_1306	resfindernewid_1307	resfindernewid_1308	resfindernewid_1309	resfindernewid_1310	resfindernewid_1311	resfindernewid_1312	resfindernewid_1313	resfindernewid_1314	resfindernewid_1315	resfindernewid_1316	resfindernewid_1317	resfindernewid_1318	resfindernewid_1319	resfindernewid_1320	resfindernewid_1321	resfindernewid_1322	resfindernewid_1323	resfindernewid_1324	resfindernewid_1325	resfindernewid_1326	resfindernewid_1327	resfindernewid_1328	resfindernewid_1329	resfindernewid_1330	resfindernewid_1331	resfindernewid_1332	resfindernewid_1333	resfindernewid_1334	resfindernewid_1335	resfindernewid_1336	resfindernewid_1337	resfindernewid_1338	resfindernewid_1339	resfindernewid_1340	resfindernewid_1341	resfindernewid_1342	resfindernewid_1343	resfindernewid_1344	resfindernewid_1345	resfindernewid_1346	resfindernewid_1347	resfindernewid_1348	resfindernewid_1349	resfindernewid_1350	resfindernewid_1351	resfindernewid_1352	resfindernewid_1353	resfindernewid_1354	resfindernewid_1355	resfindernewid_1356	resfindernewid_1357	resfindernewid_1358	resfindernewid_1359	resfindernewid_1360	resfindernewid_1361	resfindernewid_1362	resfindernewid_1363	resfindernewid_1364	resfindernewid_1365	resfindernewid_1366	resfindernewid_1367	resfindernewid_1368	resfindernewid_1369	resfindernewid_1370	resfindernewid_1371	resfindernewid_1372	resfindernewid_1373	resfindernewid_1374	resfindernewid_1375	resfindernewid_1376	resfindernewid_1377	resfindernewid_1378	resfindernewid_1379	resfindernewid_1380	resfindernewid_1381	resfindernewid_1382	resfindernewid_1383	resfindernewid_1384	resfindernewid_1385	resfindernewid_1386	resfindernewid_1387	resfindernewid_1388	resfindernewid_1389	resfindernewid_1390	resfindernewid_1391	resfindernewid_1392	resfindernewid_1393	resfindernewid_1394	resfindernewid_1395	resfindernewid_1396	resfindernewid_1397	resfindernewid_1398	resfindernewid_1399	resfindernewid_1400	resfindernewid_1401	resfindernewid_1402	resfindernewid_1403	resfindernewid_1404	resfindernewid_1405	resfindernewid_1406	resfindernewid_1407	resfindernewid_1408	resfindernewid_1409	resfindernewid_1410	resfindernewid_1411	resfindernewid_1412	resfindernewid_1413	resfindernewid_1414	resfindernewid_1415	resfindernewid_1416	resfindernewid_1417	resfindernewid_1418	resfindernewid_1419	resfindernewid_2133	resfindernewid_2134	resfindernewid_2135	resfindernewid_2136	resfindernewid_2137	resfindernewid_2138	resfindernewid_2139	resfindernewid_2140	resfindernewid_2141	resfindernewid_2142	resfindernewid_2143	resfindernewid_2144	resfindernewid_2145	resfindernewid_2146	resfindernewid_2147	resfindernewid_2148	resfindernewid_2149	resfindernewid_2150	resfindernewid_2151	resfindernewid_2152	resfindernewid_2153	resfindernewid_2154	resfindernewid_2155	resfindernewid_2156	resfindernewid_2157	resfindernewid_2158	resfindernewid_2159	resfindernewid_2160	resfindernewid_2161	resfindernewid_2162	resfindernewid_2163	resfindernewid_2164	resfindernewid_2165	resfindernewid_2166	resfindernewid_2167
cluster_226	resfindernewid_1634
cluster_227	resfindernewid_467
cluster_228	resfindernewid_1202	resfindernewid_1248	resfindernewid_1249	resfindernewid_1250	resfindernewid_1251	resfindernewid_1252	resfindernewid_1254	resfindernewid_1255	resfindernewid_1256	resfindernewid_1263	resfindernewid_1264	resfindernewid_1266	resfindernewid_2171	resfindernewid_774	resfindernewid_775	resfindernewid_776	resfindernewid_777	resfindernewid_778	resfindernewid_779	resfindernewid_780	resfindernewid_781	resfindernewid_782	resfindernewid_783	resfindernewid_784	resfindernewid_785	resfindernewid_786	resfindernewid_787	resfindernewid_788	resfindernewid_789	resfindernewid_790	resfindernewid_791	resfindernewid_792	resfindernewid_793	resfindernewid_794	resfindernewid_795	resfindernewid_796
cluster_229	resfindernewid_821	resfindernewid_822	resfindernewid_823	resfindernewid_824	resfindernewid_825	resfindernewid_826	resfindernewid_827	resfindernewid_828	resfindernewid_829	resfindernewid_830	resfindernewid_831	resfindernewid_832	resfindernewid_833	resfindernewid_834	resfindernewid_835	resfindernewid_836	resfindernewid_837	resfindernewid_838	resfindernewid_839	resfindernewid_840	resfindernewid_841	resfindernewid_842	resfindernewid_843	resfindernewid_844	resfindernewid_845	resfindernewid_846	resfindernewid_847	resfindernewid_848	resfindernewid_849	resfindernewid_850	resfindernewid_851	resfindernewid_852	resfindernewid_853	resfindernewid_854	resfindernewid_855	resfindernewid_856
cluster_23	resfindernewid_2867
cluster_230	resfindernewid_1647	resfindernewid_481
cluster_231	resfindernewid_1663
cluster_232	resfindernewid_1668	resfindernewid_1669	resfindernewid_910
cluster_233	resfindernewid_194
cluster_234	resfindernewid_2220	resfindernewid_2221	resfindernewid_2222	resfindernewid_2223	resfindernewid_2224	resfindernewid_2225	resfindernewid_2226	resfindernewid_2227	resfindernewid_2228	resfindernewid_2229	resfindernewid_2230	resfindernewid_2231	resfindernewid_2232	resfindernewid_2233	resfindernewid_2234	resfindernewid_2235	resfindernewid_2236	resfindernewid_2237	resfindernewid_2238	resfindernewid_2239	resfindernewid_2240	resfindernewid_2241	resfindernewid_2242	resfindernewid_2244	resfindernewid_2245	resfindernewid_2246	resfindernewid_2247	resfindernewid_2248	resfindernewid_2249
cluster_235	resfindernewid_2943	resfindernewid_2944	resfindernewid_2945	resfindernewid_2946	resfindernewid_2947	resfindernewid_2950	resfindernewid_2951	resfindernewid_2952	resfindernewid_2953	resfindernewid_2954	resfindernewid_2955	resfindernewid_2956	resfindernewid_2957	resfindernewid_2958
cluster_236	resfindernewid_452
cluster_237	resfindernewid_466
cluster_238	resfindernewid_125
cluster_239	resfindernewid_1459
cluster_24	resfindernewid_2361	resfindernewid_2362
cluster_240	resfindernewid_1648
cluster_241	resfindernewid_188
cluster_242	resfindernewid_2443	resfindernewid_2444	resfindernewid_2445	resfindernewid_2446
cluster_243	resfindernewid_446	resfindernewid_447
cluster_244	resfindernewid_482
cluster_245	resfindernewid_1498	resfindernewid_1500
cluster_246	resfindernewid_2959	resfindernewid_2960	resfindernewid_2961	resfindernewid_2962
cluster_247	resfindernewid_1661	resfindernewid_1662
cluster_248	resfindernewid_1664
cluster_249	resfindernewid_2243
cluster_25	resfindernewid_2894	resfindernewid_2895	resfindernewid_2896	resfindernewid_2897
cluster_250	resfindernewid_2804	resfindernewid_2805	resfindernewid_2806	resfindernewid_2807	resfindernewid_2808	resfindernewid_2809	resfindernewid_2810	resfindernewid_2811	resfindernewid_2812	resfindernewid_2813	resfindernewid_2814	resfindernewid_2815	resfindernewid_2816	resfindernewid_2817	resfindernewid_2818	resfindernewid_2819	resfindernewid_2820	resfindernewid_2821	resfindernewid_2822
cluster_251	resfindernewid_502	resfindernewid_503	resfindernewid_504
cluster_252	resfindernewid_241	resfindernewid_242	resfindernewid_243
cluster_253	resfindernewid_2448
cluster_254	resfindernewid_124
cluster_255	resfindernewid_1656	resfindernewid_1657
cluster_256	resfindernewid_180
cluster_257	resfindernewid_2963	resfindernewid_2964	resfindernewid_2970	resfindernewid_2971	resfindernewid_2972	resfindernewid_2973
cluster_258	resfindernewid_231
cluster_259	resfindernewid_2452
cluster_26	resfindernewid_2833
cluster_260	resfindernewid_2454
cluster_261	resfindernewid_1003	resfindernewid_307	resfindernewid_328	resfindernewid_398	resfindernewid_906	resfindernewid_943	resfindernewid_944
cluster_262	resfindernewid_1432
cluster_263	resfindernewid_1653
cluster_264	resfindernewid_1654	resfindernewid_438	resfindernewid_478
cluster_265	resfindernewid_2451
cluster_266	resfindernewid_26
cluster_267	resfindernewid_479
cluster_268	resfindernewid_2965	resfindernewid_2966
cluster_269	resfindernewid_119
cluster_27	resfindernewid_2866
cluster_270	resfindernewid_1655	resfindernewid_439	resfindernewid_440
cluster_271	resfindernewid_2518
cluster_272	resfindernewid_1097	resfindernewid_1727	resfindernewid_1728	resfindernewid_1729	resfindernewid_1730	resfindernewid_278	resfindernewid_279	resfindernewid_280	resfindernewid_384	resfindernewid_984
cluster_273	resfindernewid_476
cluster_274	resfindernewid_1649	resfindernewid_1650
cluster_275	resfindernewid_1651	resfindernewid_1652	resfindernewid_441
cluster_276	resfindernewid_173
cluster_277	resfindernewid_240	resfindernewid_41	resfindernewid_42	resfindernewid_43	resfindernewid_44
cluster_278	resfindernewid_2568
cluster_279	resfindernewid_2387
cluster_28	resfindernewid_2924	resfindernewid_2925
cluster_280	resfindernewid_437
cluster_281	resfindernewid_477
cluster_282	resfindernewid_174
cluster_283	resfindernewid_480
cluster_284	resfindernewid_1050	resfindernewid_1083	resfindernewid_304	resfindernewid_419	resfindernewid_858	resfindernewid_862	resfindernewid_886	resfindernewid_896
cluster_285	resfindernewid_1053	resfindernewid_1054	resfindernewid_1055	resfindernewid_1079	resfindernewid_1105	resfindernewid_1106	resfindernewid_1721	resfindernewid_1722	resfindernewid_327
cluster_286	resfindernewid_1060	resfindernewid_1061	resfindernewid_1062	resfindernewid_1081	resfindernewid_1110	resfindernewid_1731	resfindernewid_1732	resfindernewid_422
cluster_287	resfindernewid_1444
cluster_288	resfindernewid_1000	resfindernewid_1040	resfindernewid_1052	resfindernewid_324	resfindernewid_424	resfindernewid_425	resfindernewid_426	resfindernewid_859	resfindernewid_860	resfindernewid_861	resfindernewid_871	resfindernewid_877	resfindernewid_887	resfindernewid_888	resfindernewid_890	resfindernewid_989
cluster_289	resfindernewid_1021	resfindernewid_1056	resfindernewid_1075	resfindernewid_1077	resfindernewid_386	resfindernewid_991
cluster_29	resfindernewid_1138	resfindernewid_1139	resfindernewid_1140	resfindernewid_1141
cluster_290	resfindernewid_2388
cluster_291	resfindernewid_1037	resfindernewid_342	resfindernewid_880	resfindernewid_881	resfindernewid_882	resfindernewid_920	resfindernewid_988	resfindernewid_999
cluster_292	resfindernewid_1044	resfindernewid_1045	resfindernewid_1747	resfindernewid_1748
cluster_293	resfindernewid_1067	resfindernewid_281	resfindernewid_355	resfindernewid_356	resfindernewid_357	resfindernewid_358	resfindernewid_399
cluster_294	resfindernewid_1658
cluster_295	resfindernewid_1041	resfindernewid_1042	resfindernewid_1082	resfindernewid_1095	resfindernewid_1096	resfindernewid_1725	resfindernewid_1726	resfindernewid_285
cluster_296	resfindernewid_1011	resfindernewid_1012	resfindernewid_1013	resfindernewid_1014	resfindernewid_1015	resfindernewid_1016	resfindernewid_1017	resfindernewid_1018	resfindernewid_1019	resfindernewid_1024	resfindernewid_1025	resfindernewid_1026	resfindernewid_1027	resfindernewid_1030	resfindernewid_1031	resfindernewid_1032	resfindernewid_1033	resfindernewid_1036	resfindernewid_1038	resfindernewid_1046	resfindernewid_1047	resfindernewid_1048	resfindernewid_1049	resfindernewid_1059	resfindernewid_1065	resfindernewid_1066	resfindernewid_1071	resfindernewid_1072	resfindernewid_1073	resfindernewid_1076	resfindernewid_1111	resfindernewid_1693	resfindernewid_1702	resfindernewid_1703	resfindernewid_1704	resfindernewid_1705	resfindernewid_1706	resfindernewid_1707	resfindernewid_1708	resfindernewid_1709	resfindernewid_1710	resfindernewid_1715	resfindernewid_1716	resfindernewid_1717	resfindernewid_1718	resfindernewid_1719	resfindernewid_1720	resfindernewid_1742	resfindernewid_1743	resfindernewid_1744	resfindernewid_1745	resfindernewid_1746	resfindernewid_266	resfindernewid_267	resfindernewid_268	resfindernewid_269	resfindernewid_270	resfindernewid_271	resfindernewid_272	resfindernewid_273	resfindernewid_274	resfindernewid_275	resfindernewid_276	resfindernewid_282	resfindernewid_286	resfindernewid_287	resfindernewid_288	resfindernewid_289	resfindernewid_290	resfindernewid_291	resfindernewid_292	resfindernewid_293	resfindernewid_294	resfindernewid_295	resfindernewid_296	resfindernewid_297	resfindernewid_298	resfindernewid_299	resfindernewid_300	resfindernewid_301	resfindernewid_302	resfindernewid_303	resfindernewid_309	resfindernewid_310	resfindernewid_311	resfindernewid_312	resfindernewid_313	resfindernewid_315	resfindernewid_316	resfindernewid_317	resfindernewid_318	resfindernewid_319	resfindernewid_320	resfindernewid_321	resfindernewid_322	resfindernewid_323	resfindernewid_332	resfindernewid_333	resfindernewid_334	resfindernewid_335	resfindernewid_336	resfindernewid_337	resfindernewid_338	resfindernewid_339	resfindernewid_346	resfindernewid_347	resfindernewid_372	resfindernewid_385	resfindernewid_393	resfindernewid_394	resfindernewid_395	resfindernewid_396	resfindernewid_397	resfindernewid_402	resfindernewid_406	resfindernewid_408	resfindernewid_409	resfindernewid_410	resfindernewid_413	resfindernewid_414	resfindernewid_415	resfindernewid_416	resfindernewid_417	resfindernewid_421	resfindernewid_900	resfindernewid_912	resfindernewid_913	resfindernewid_914	resfindernewid_915	resfindernewid_916	resfindernewid_917	resfindernewid_918	resfindernewid_919	resfindernewid_923	resfindernewid_924	resfindernewid_925	resfindernewid_926	resfindernewid_927	resfindernewid_928	resfindernewid_929	resfindernewid_930	resfindernewid_931	resfindernewid_933	resfindernewid_934	resfindernewid_935	resfindernewid_936	resfindernewid_937	resfindernewid_938	resfindernewid_939	resfindernewid_940	resfindernewid_941	resfindernewid_942	resfindernewid_945	resfindernewid_946	resfindernewid_947	resfindernewid_950	resfindernewid_951	resfindernewid_952	resfindernewid_953	resfindernewid_954	resfindernewid_955	resfindernewid_956	resfindernewid_957	resfindernewid_965	resfindernewid_966	resfindernewid_967	resfindernewid_970	resfindernewid_971	resfindernewid_972	resfindernewid_973	resfindernewid_974	resfindernewid_975	resfindernewid_976	resfindernewid_977	resfindernewid_978	resfindernewid_980	resfindernewid_981	resfindernewid_982	resfindernewid_987	resfindernewid_992	resfindernewid_996	resfindernewid_997	resfindernewid_998
cluster_297	resfindernewid_348
cluster_298	resfindernewid_1600	resfindernewid_1601	resfindernewid_1602	resfindernewid_1603	resfindernewid_1604	resfindernewid_1605	resfindernewid_1606	resfindernewid_1607	resfindernewid_1608	resfindernewid_1609	resfindernewid_1610	resfindernewid_1611	resfindernewid_1925	resfindernewid_1926	resfindernewid_1927	resfindernewid_262	resfindernewid_263	resfindernewid_264	resfindernewid_429	resfindernewid_430	resfindernewid_431	resfindernewid_432	resfindernewid_433	resfindernewid_434
cluster_299	resfindernewid_874
cluster_3	resfindernewid_2627	resfindernewid_2628	resfindernewid_2629
cluster_30	resfindernewid_2888	resfindernewid_2889	resfindernewid_2890
cluster_300	resfindernewid_901
cluster_301	resfindernewid_1466
cluster_302	resfindernewid_958	resfindernewid_959	resfindernewid_960	resfindernewid_961	resfindernewid_962	resfindernewid_963	resfindernewid_964
cluster_303	resfindernewid_1039
cluster_304	resfindernewid_1080
cluster_305	resfindernewid_24	resfindernewid_25
cluster_306	resfindernewid_27
cluster_307	resfindernewid_277
cluster_308	resfindernewid_412
cluster_309	resfindernewid_865
cluster_31	resfindernewid_2872
cluster_310	resfindernewid_878
cluster_311	resfindernewid_1004	resfindernewid_1005	resfindernewid_1006	resfindernewid_1007	resfindernewid_1008	resfindernewid_1009	resfindernewid_1010	resfindernewid_1051	resfindernewid_1063	resfindernewid_1713	resfindernewid_1750	resfindernewid_1751	resfindernewid_283	resfindernewid_308	resfindernewid_330	resfindernewid_331	resfindernewid_340	resfindernewid_345	resfindernewid_373	resfindernewid_374	resfindernewid_879	resfindernewid_883	resfindernewid_898	resfindernewid_921	resfindernewid_983	resfindernewid_994
cluster_312	resfindernewid_2868
cluster_313	resfindernewid_1043	resfindernewid_1084	resfindernewid_1085	resfindernewid_1086	resfindernewid_1087	resfindernewid_1088	resfindernewid_1089	resfindernewid_1090	resfindernewid_1091	resfindernewid_1092	resfindernewid_1093	resfindernewid_1094	resfindernewid_1098	resfindernewid_1099	resfindernewid_1100	resfindernewid_1101	resfindernewid_1102	resfindernewid_1103	resfindernewid_1104	resfindernewid_1107	resfindernewid_1108	resfindernewid_1109	resfindernewid_1723	resfindernewid_1733	resfindernewid_1734	resfindernewid_1735
cluster_314	resfindernewid_1711	resfindernewid_1712	resfindernewid_1738	resfindernewid_1739	resfindernewid_326	resfindernewid_329	resfindernewid_387	resfindernewid_388	resfindernewid_389	resfindernewid_390	resfindernewid_392	resfindernewid_407	resfindernewid_411	resfindernewid_418
cluster_315	resfindernewid_1724
cluster_316	resfindernewid_1736	resfindernewid_1737
cluster_317	resfindernewid_234
cluster_318	resfindernewid_2495	resfindernewid_2496	resfindernewid_2497
cluster_319	resfindernewid_949
cluster_32	resfindernewid_2886	resfindernewid_2887
cluster_320	resfindernewid_1433
cluster_321	resfindernewid_216	resfindernewid_45	resfindernewid_46
cluster_322	resfindernewid_118	resfindernewid_244
cluster_323	resfindernewid_2869
cluster_324	resfindernewid_165	resfindernewid_166	resfindernewid_176	resfindernewid_179	resfindernewid_181	resfindernewid_255	resfindernewid_32	resfindernewid_35
cluster_325	resfindernewid_117
cluster_326	resfindernewid_199	resfindernewid_80	resfindernewid_81	resfindernewid_82	resfindernewid_83	resfindernewid_84	resfindernewid_85	resfindernewid_86	resfindernewid_87	resfindernewid_88
cluster_327	resfindernewid_200	resfindernewid_251
cluster_328	resfindernewid_202
cluster_329	resfindernewid_2203	resfindernewid_2204	resfindernewid_2205	resfindernewid_908
cluster_33	resfindernewid_2860
cluster_330	resfindernewid_349
cluster_331	resfindernewid_205
cluster_332	resfindernewid_2531
cluster_333	resfindernewid_1023	resfindernewid_362	resfindernewid_363	resfindernewid_364	resfindernewid_365	resfindernewid_366	resfindernewid_367	resfindernewid_368	resfindernewid_369	resfindernewid_370	resfindernewid_371	resfindernewid_911	resfindernewid_985	resfindernewid_986
cluster_334	resfindernewid_2392
cluster_335	resfindernewid_2865
cluster_336	resfindernewid_113
cluster_337	resfindernewid_1564	resfindernewid_1565	resfindernewid_1566	resfindernewid_1567	resfindernewid_1568	resfindernewid_1569	resfindernewid_1571	resfindernewid_1572	resfindernewid_1573	resfindernewid_1574	resfindernewid_1575	resfindernewid_1577	resfindernewid_1578	resfindernewid_1579	resfindernewid_1580	resfindernewid_1581	resfindernewid_1582	resfindernewid_1583	resfindernewid_1584	resfindernewid_1585	resfindernewid_1586	resfindernewid_1587	resfindernewid_1588	resfindernewid_1589	resfindernewid_1590	resfindernewid_1591	resfindernewid_1592	resfindernewid_1593	resfindernewid_1594	resfindernewid_1595	resfindernewid_1596	resfindernewid_1597	resfindernewid_1598	resfindernewid_1599	resfindernewid_1877	resfindernewid_1878	resfindernewid_1879	resfindernewid_1880	resfindernewid_1881	resfindernewid_1882	resfindernewid_1883	resfindernewid_1884	resfindernewid_1885	resfindernewid_1886	resfindernewid_1887	resfindernewid_1888	resfindernewid_1889	resfindernewid_1890	resfindernewid_1923	resfindernewid_1924
cluster_338	resfindernewid_892	resfindernewid_893	resfindernewid_905	resfindernewid_907
cluster_339	resfindernewid_204	resfindernewid_79
cluster_34	resfindernewid_2880	resfindernewid_2881	resfindernewid_2882
cluster_340	resfindernewid_208	resfindernewid_76
cluster_341	resfindernewid_215	resfindernewid_71	resfindernewid_72
cluster_342	resfindernewid_238	resfindernewid_239	resfindernewid_47	resfindernewid_48	resfindernewid_49
cluster_343	resfindernewid_2492	resfindernewid_2550
cluster_344	resfindernewid_2539
cluster_345	resfindernewid_863	resfindernewid_979
cluster_346	resfindernewid_2864
cluster_347	resfindernewid_1022	resfindernewid_1058	resfindernewid_1064	resfindernewid_1074	resfindernewid_1078	resfindernewid_1740	resfindernewid_265	resfindernewid_354	resfindernewid_405	resfindernewid_864	resfindernewid_866	resfindernewid_867	resfindernewid_868	resfindernewid_869	resfindernewid_870	resfindernewid_872	resfindernewid_873	resfindernewid_875	resfindernewid_884	resfindernewid_889	resfindernewid_904	resfindernewid_922	resfindernewid_948	resfindernewid_990	resfindernewid_993	resfindernewid_995
cluster_348	resfindernewid_1035	resfindernewid_895	resfindernewid_968	resfindernewid_969
cluster_349	resfindernewid_1576	resfindernewid_1891
cluster_35	resfindernewid_2355
cluster_350	resfindernewid_220
cluster_351	resfindernewid_2202	resfindernewid_876	resfindernewid_891
cluster_352	resfindernewid_2338
cluster_353	resfindernewid_2428	resfindernewid_2429	resfindernewid_2555
cluster_354	resfindernewid_2453
cluster_355	resfindernewid_29
cluster_356	resfindernewid_885
cluster_357	resfindernewid_2473
cluster_358	resfindernewid_1001	resfindernewid_1002	resfindernewid_1020	resfindernewid_1029	resfindernewid_1034	resfindernewid_1057	resfindernewid_1068	resfindernewid_1069	resfindernewid_1070	resfindernewid_1694	resfindernewid_1695	resfindernewid_1714	resfindernewid_1741	resfindernewid_284	resfindernewid_314	resfindernewid_325	resfindernewid_343	resfindernewid_344	resfindernewid_375	resfindernewid_391	resfindernewid_400	resfindernewid_401	resfindernewid_403	resfindernewid_404	resfindernewid_423	resfindernewid_897
cluster_359	resfindernewid_1570
cluster_36	resfindernewid_2640
cluster_360	resfindernewid_170	resfindernewid_34
cluster_361	resfindernewid_177	resfindernewid_31
cluster_362	resfindernewid_341	resfindernewid_420
cluster_363	resfindernewid_902
cluster_364	resfindernewid_1430	resfindernewid_1431	resfindernewid_1473
cluster_365	resfindernewid_203	resfindernewid_78
cluster_366	resfindernewid_206	resfindernewid_73	resfindernewid_74	resfindernewid_75
cluster_367	resfindernewid_210
cluster_368	resfindernewid_2307
cluster_369	resfindernewid_225
cluster_37	resfindernewid_2641
cluster_370	resfindernewid_428
cluster_371	resfindernewid_209	resfindernewid_77
cluster_372	resfindernewid_894
cluster_373	resfindernewid_2823
cluster_374	resfindernewid_1028
cluster_375	resfindernewid_167	resfindernewid_168
cluster_376	resfindernewid_207
cluster_377	resfindernewid_305	resfindernewid_306	resfindernewid_376	resfindernewid_377	resfindernewid_378	resfindernewid_383	resfindernewid_899
cluster_378	resfindernewid_120	resfindernewid_249
cluster_379	resfindernewid_2842
cluster_38	resfindernewid_2764
cluster_380	resfindernewid_178
cluster_381	resfindernewid_932
cluster_382	resfindernewid_1436	resfindernewid_1437
cluster_383	resfindernewid_20
cluster_384	resfindernewid_235
cluster_385	resfindernewid_2434
cluster_386	resfindernewid_211	resfindernewid_212	resfindernewid_28	resfindernewid_70
cluster_387	resfindernewid_214
cluster_388	resfindernewid_224
cluster_389	resfindernewid_2435
cluster_39	resfindernewid_2938	resfindernewid_2939
cluster_390	resfindernewid_2483
cluster_391	resfindernewid_1112
cluster_392	resfindernewid_1749	resfindernewid_350	resfindernewid_351	resfindernewid_352	resfindernewid_353	resfindernewid_359	resfindernewid_360	resfindernewid_379	resfindernewid_909
cluster_393	resfindernewid_227
cluster_394	resfindernewid_2436
cluster_395	resfindernewid_472	resfindernewid_473	resfindernewid_474	resfindernewid_475
cluster_396	resfindernewid_187	resfindernewid_36
cluster_397	resfindernewid_190
cluster_398	resfindernewid_1441	resfindernewid_1467	resfindernewid_1468	resfindernewid_1519	resfindernewid_1520	resfindernewid_1521	resfindernewid_1522	resfindernewid_1523	resfindernewid_1524	resfindernewid_1525	resfindernewid_1526	resfindernewid_1527	resfindernewid_1528	resfindernewid_1529
cluster_399	resfindernewid_252
cluster_4	resfindernewid_2948
cluster_40	resfindernewid_2124	resfindernewid_2125	resfindernewid_2126	resfindernewid_2127	resfindernewid_2128	resfindernewid_2129	resfindernewid_2130	resfindernewid_2131	resfindernewid_2132	resfindernewid_486	resfindernewid_488
cluster_400	resfindernewid_201
cluster_401	resfindernewid_2471
cluster_402	resfindernewid_2401	resfindernewid_2402	resfindernewid_2403	resfindernewid_2404	resfindernewid_2405	resfindernewid_2406	resfindernewid_2407	resfindernewid_2408	resfindernewid_2409	resfindernewid_2410	resfindernewid_2411	resfindernewid_2412	resfindernewid_2532	resfindernewid_2537	resfindernewid_2552
cluster_403	resfindernewid_361	resfindernewid_380	resfindernewid_381
cluster_404	resfindernewid_191
cluster_405	resfindernewid_226
cluster_406	resfindernewid_1449
cluster_407	resfindernewid_192
cluster_408	resfindernewid_223	resfindernewid_230
cluster_409	resfindernewid_229
cluster_41	resfindernewid_2837
cluster_410	resfindernewid_2457
cluster_411	resfindernewid_2543
cluster_412	resfindernewid_2475
cluster_413	resfindernewid_724
cluster_414	resfindernewid_1443
cluster_415	resfindernewid_213
cluster_416	resfindernewid_1477	resfindernewid_1478	resfindernewid_1479	resfindernewid_1486	resfindernewid_1489
cluster_417	resfindernewid_1480	resfindernewid_1481	resfindernewid_1482	resfindernewid_1483	resfindernewid_1484	resfindernewid_1485
cluster_418	resfindernewid_1487	resfindernewid_1488
cluster_419	resfindernewid_1503	resfindernewid_1504	resfindernewid_1505	resfindernewid_1506	resfindernewid_1507	resfindernewid_1508	resfindernewid_1509	resfindernewid_1510	resfindernewid_1511	resfindernewid_1512
cluster_42	resfindernewid_814	resfindernewid_815	resfindernewid_816	resfindernewid_817	resfindernewid_818	resfindernewid_819	resfindernewid_820
cluster_420	resfindernewid_1454
cluster_421	resfindernewid_1458
cluster_422	resfindernewid_1531	resfindernewid_1537	resfindernewid_1554	resfindernewid_1557	resfindernewid_1895	resfindernewid_1917
cluster_423	resfindernewid_2476
cluster_424	resfindernewid_1659	resfindernewid_1660	resfindernewid_470	resfindernewid_471
cluster_425	resfindernewid_382	resfindernewid_468	resfindernewid_469
cluster_426	resfindernewid_232	resfindernewid_233
cluster_427	resfindernewid_1442
cluster_428	resfindernewid_1455
cluster_429	resfindernewid_1530	resfindernewid_1532	resfindernewid_1533	resfindernewid_1534	resfindernewid_1535	resfindernewid_1536	resfindernewid_1541	resfindernewid_1548	resfindernewid_1550	resfindernewid_1555	resfindernewid_1558	resfindernewid_1559	resfindernewid_1561	resfindernewid_1562	resfindernewid_1892	resfindernewid_1897	resfindernewid_1900	resfindernewid_1901	resfindernewid_1906	resfindernewid_1908	resfindernewid_1909	resfindernewid_1910	resfindernewid_1911	resfindernewid_1912	resfindernewid_1914	resfindernewid_1916	resfindernewid_1918	resfindernewid_1920
cluster_43	resfindernewid_2835
cluster_430	resfindernewid_1539	resfindernewid_1907
cluster_431	resfindernewid_1540	resfindernewid_1543	resfindernewid_1553	resfindernewid_1896	resfindernewid_1898	resfindernewid_1902	resfindernewid_1903	resfindernewid_1919	resfindernewid_1922
cluster_432	resfindernewid_1538	resfindernewid_1542	resfindernewid_1544	resfindernewid_1545	resfindernewid_1546	resfindernewid_1547	resfindernewid_1551	resfindernewid_1560	resfindernewid_1563	resfindernewid_1893	resfindernewid_1894	resfindernewid_1913	resfindernewid_1921	resfindernewid_427
cluster_433	resfindernewid_1549	resfindernewid_1905	resfindernewid_2201
cluster_434	resfindernewid_2303	resfindernewid_2304
cluster_435	resfindernewid_1552	resfindernewid_1556
cluster_436	resfindernewid_2456
cluster_437	resfindernewid_2536
cluster_438	resfindernewid_1899	resfindernewid_1904	resfindernewid_1915
cluster_439	resfindernewid_2441
cluster_44	resfindernewid_2839
cluster_440	resfindernewid_2547
cluster_441	resfindernewid_484	resfindernewid_485
cluster_442	resfindernewid_2413	resfindernewid_2414	resfindernewid_2415	resfindernewid_2416	resfindernewid_2417	resfindernewid_2418	resfindernewid_2419	resfindernewid_2420	resfindernewid_2421	resfindernewid_2422
cluster_443	resfindernewid_2430	resfindernewid_2431
cluster_444	resfindernewid_2438	resfindernewid_2439	resfindernewid_2440
cluster_445	resfindernewid_2360
cluster_446	resfindernewid_2256	resfindernewid_2257	resfindernewid_2258	resfindernewid_2259	resfindernewid_2260	resfindernewid_2261	resfindernewid_2262	resfindernewid_2263	resfindernewid_2264	resfindernewid_2265	resfindernewid_2266	resfindernewid_2267	resfindernewid_2268	resfindernewid_2269
cluster_447	resfindernewid_2447
cluster_448	resfindernewid_2398
cluster_449	resfindernewid_2399
cluster_45	resfindernewid_2940	resfindernewid_2941	resfindernewid_2975
cluster_450	resfindernewid_2529
cluster_451	resfindernewid_2534
cluster_452	resfindernewid_2545
cluster_453	resfindernewid_2548
cluster_454	resfindernewid_745	resfindernewid_746	resfindernewid_747	resfindernewid_748	resfindernewid_757	resfindernewid_758	resfindernewid_760
cluster_455	resfindernewid_1456
cluster_456	resfindernewid_750
cluster_457	resfindernewid_2606
cluster_458	resfindernewid_1440
cluster_459	resfindernewid_744	resfindernewid_753
cluster_46	resfindernewid_1690
cluster_460	resfindernewid_749	resfindernewid_759
cluster_461	resfindernewid_751
cluster_462	resfindernewid_752
cluster_463	resfindernewid_754	resfindernewid_756
cluster_464	resfindernewid_755
cluster_465	resfindernewid_465
cluster_466	resfindernewid_1457
cluster_467	resfindernewid_2638
cluster_468	resfindernewid_2272	resfindernewid_2273	resfindernewid_2274	resfindernewid_2275	resfindernewid_2276	resfindernewid_2277	resfindernewid_2278	resfindernewid_2279	resfindernewid_2280	resfindernewid_2281	resfindernewid_2282	resfindernewid_2283	resfindernewid_2284	resfindernewid_2285	resfindernewid_2286	resfindernewid_2287	resfindernewid_2289	resfindernewid_2290	resfindernewid_2291	resfindernewid_2292	resfindernewid_2293	resfindernewid_2294	resfindernewid_2295	resfindernewid_2296
cluster_469	resfindernewid_261
cluster_47	resfindernewid_2974
cluster_470	resfindernewid_2509
cluster_471	resfindernewid_2746
cluster_472	resfindernewid_2619
cluster_473	resfindernewid_228
cluster_474	resfindernewid_2498
cluster_475	resfindernewid_2608
cluster_476	resfindernewid_2636
cluster_477	resfindernewid_2639
cluster_478	resfindernewid_2649	resfindernewid_2650	resfindernewid_2651	resfindernewid_2652	resfindernewid_2653	resfindernewid_2654	resfindernewid_2655	resfindernewid_2656
cluster_479	resfindernewid_2297	resfindernewid_2298	resfindernewid_2299	resfindernewid_2300	resfindernewid_2301	resfindernewid_2302
cluster_48	resfindernewid_2834
cluster_480	resfindernewid_2740	resfindernewid_2741	resfindernewid_2744
cluster_481	resfindernewid_2742	resfindernewid_2743	resfindernewid_2745
cluster_482	resfindernewid_2750	resfindernewid_2752	resfindernewid_2753	resfindernewid_2754	resfindernewid_2756	resfindernewid_2757	resfindernewid_2758
cluster_483	resfindernewid_2751	resfindernewid_2755
cluster_484	resfindernewid_2617
cluster_485	resfindernewid_2554
cluster_486	resfindernewid_2621
cluster_487	resfindernewid_2624
cluster_488	resfindernewid_2618	resfindernewid_2623
cluster_489	resfindernewid_2622
cluster_49	resfindernewid_2836
cluster_490	resfindernewid_2546
cluster_491	resfindernewid_2502	resfindernewid_2503	resfindernewid_2504	resfindernewid_2505	resfindernewid_2506	resfindernewid_2507	resfindernewid_2508
cluster_492	resfindernewid_2657	resfindernewid_2658	resfindernewid_2659	resfindernewid_2661	resfindernewid_2662	resfindernewid_2663	resfindernewid_2664	resfindernewid_2666	resfindernewid_2667	resfindernewid_2668	resfindernewid_2671	resfindernewid_2672	resfindernewid_2673	resfindernewid_2674	resfindernewid_2675	resfindernewid_2676	resfindernewid_2677	resfindernewid_2678	resfindernewid_2679	resfindernewid_2682	resfindernewid_2683	resfindernewid_2685	resfindernewid_2688	resfindernewid_2689	resfindernewid_2690	resfindernewid_2691	resfindernewid_2695	resfindernewid_2699	resfindernewid_2700	resfindernewid_2701	resfindernewid_2702	resfindernewid_2703	resfindernewid_2704	resfindernewid_2705	resfindernewid_2706	resfindernewid_2707	resfindernewid_2708	resfindernewid_2709	resfindernewid_2710	resfindernewid_2711	resfindernewid_2713	resfindernewid_2715	resfindernewid_2716	resfindernewid_2717	resfindernewid_2718	resfindernewid_2720	resfindernewid_2721	resfindernewid_2722	resfindernewid_2724	resfindernewid_2725	resfindernewid_2726	resfindernewid_2728	resfindernewid_2729	resfindernewid_2730	resfindernewid_2732	resfindernewid_2733	resfindernewid_2734	resfindernewid_2735	resfindernewid_2736	resfindernewid_2737	resfindernewid_2738	resfindernewid_2739
cluster_493	resfindernewid_2660	resfindernewid_2669	resfindernewid_2670	resfindernewid_2681	resfindernewid_2693	resfindernewid_2696	resfindernewid_2698	resfindernewid_2714	resfindernewid_2723	resfindernewid_2727
cluster_494	resfindernewid_2665	resfindernewid_2680	resfindernewid_2684	resfindernewid_2686	resfindernewid_2687	resfindernewid_2692	resfindernewid_2694	resfindernewid_2697	resfindernewid_2719	resfindernewid_2731
cluster_495	resfindernewid_2712
cluster_496	resfindernewid_2747	resfindernewid_2748	resfindernewid_2749
cluster_497	resfindernewid_2766
cluster_498	resfindernewid_2349	resfindernewid_2350
cluster_499	resfindernewid_2616
cluster_5	resfindernewid_2396	resfindernewid_2484	resfindernewid_2485	resfindernewid_2486	resfindernewid_2487	resfindernewid_2549
cluster_50	resfindernewid_2838
cluster_500	resfindernewid_2637
cluster_501	resfindernewid_2389
cluster_502	resfindernewid_2351
cluster_503	resfindernewid_2499
cluster_504	resfindernewid_2500
cluster_505	resfindernewid_2612
cluster_506	resfindernewid_100
cluster_507	resfindernewid_2607	resfindernewid_2611
cluster_508	resfindernewid_2610
cluster_509	resfindernewid_2613
cluster_51	resfindernewid_2455
cluster_510	resfindernewid_2615
cluster_511	resfindernewid_2501
cluster_512	resfindernewid_2288
cluster_513	resfindernewid_2609
cluster_514	resfindernewid_2614
cluster_515	resfindernewid_2620
cluster_516	resfindernewid_2626
cluster_517	resfindernewid_2400
cluster_518	resfindernewid_98
cluster_519	resfindernewid_154
cluster_52	resfindernewid_2840
cluster_520	resfindernewid_5
cluster_521	resfindernewid_2976	resfindernewid_3006
cluster_522	resfindernewid_2982	resfindernewid_3060	resfindernewid_3061	resfindernewid_3062	resfindernewid_3063	resfindernewid_3064	resfindernewid_3070	resfindernewid_3071	resfindernewid_3072	resfindernewid_3073	resfindernewid_3074	resfindernewid_3075	resfindernewid_3076	resfindernewid_3077	resfindernewid_3078	resfindernewid_3079
cluster_523	resfindernewid_2364	resfindernewid_2365	resfindernewid_2366	resfindernewid_2368	resfindernewid_2369	resfindernewid_2370	resfindernewid_2371	resfindernewid_2372	resfindernewid_2373	resfindernewid_2374	resfindernewid_2375	resfindernewid_2376
cluster_524	resfindernewid_147
cluster_525	resfindernewid_158
cluster_526	resfindernewid_2986
cluster_527	resfindernewid_3021
cluster_528	resfindernewid_2981
cluster_529	resfindernewid_126	resfindernewid_18
cluster_53	resfindernewid_2937
cluster_530	resfindernewid_3007
cluster_531	resfindernewid_148	resfindernewid_151
cluster_532	resfindernewid_150
cluster_533	resfindernewid_152
cluster_534	resfindernewid_2306
cluster_535	resfindernewid_4
cluster_536	resfindernewid_10
cluster_537	resfindernewid_136	resfindernewid_146
cluster_538	resfindernewid_145
cluster_539	resfindernewid_2994
cluster_54	resfindernewid_1474
cluster_540	resfindernewid_101
cluster_541	resfindernewid_2330
cluster_542	resfindernewid_256
cluster_543	resfindernewid_9
cluster_544	resfindernewid_99
cluster_545	resfindernewid_2308
cluster_546	resfindernewid_153
cluster_547	resfindernewid_2768	resfindernewid_2769	resfindernewid_2770	resfindernewid_2775
cluster_548	resfindernewid_2556
cluster_549	resfindernewid_135
cluster_55	resfindernewid_1435	resfindernewid_1469	resfindernewid_2035	resfindernewid_2036	resfindernewid_2037	resfindernewid_2038	resfindernewid_2039	resfindernewid_2040	resfindernewid_2041	resfindernewid_2042	resfindernewid_2043	resfindernewid_2044	resfindernewid_2045	resfindernewid_2046	resfindernewid_2047	resfindernewid_2048	resfindernewid_2049	resfindernewid_2050	resfindernewid_2051	resfindernewid_2052	resfindernewid_2053	resfindernewid_2054	resfindernewid_2055	resfindernewid_2056	resfindernewid_2057	resfindernewid_2058	resfindernewid_2059	resfindernewid_2060	resfindernewid_2061	resfindernewid_2062	resfindernewid_2063	resfindernewid_2064	resfindernewid_2065	resfindernewid_2066	resfindernewid_2067	resfindernewid_2068	resfindernewid_2069	resfindernewid_2070	resfindernewid_2071	resfindernewid_2072	resfindernewid_2073	resfindernewid_2074	resfindernewid_2075	resfindernewid_2076	resfindernewid_2077	resfindernewid_2078	resfindernewid_2079	resfindernewid_2080	resfindernewid_2081	resfindernewid_2082	resfindernewid_2083	resfindernewid_2085	resfindernewid_2086	resfindernewid_2088	resfindernewid_2089	resfindernewid_2090	resfindernewid_2091	resfindernewid_2092	resfindernewid_2093	resfindernewid_2094	resfindernewid_2095	resfindernewid_2096	resfindernewid_2097	resfindernewid_2098	resfindernewid_2099	resfindernewid_2103	resfindernewid_2104	resfindernewid_512	resfindernewid_513	resfindernewid_514	resfindernewid_515	resfindernewid_518	resfindernewid_519	resfindernewid_520	resfindernewid_521	resfindernewid_522	resfindernewid_523	resfindernewid_525	resfindernewid_526	resfindernewid_527	resfindernewid_528	resfindernewid_529	resfindernewid_530	resfindernewid_531	resfindernewid_532	resfindernewid_533	resfindernewid_534	resfindernewid_535	resfindernewid_536	resfindernewid_537	resfindernewid_538	resfindernewid_539	resfindernewid_540	resfindernewid_541	resfindernewid_542	resfindernewid_543	resfindernewid_544	resfindernewid_545	resfindernewid_546	resfindernewid_547	resfindernewid_548	resfindernewid_549	resfindernewid_550	resfindernewid_551	resfindernewid_552	resfindernewid_553	resfindernewid_554	resfindernewid_555	resfindernewid_556	resfindernewid_557	resfindernewid_558	resfindernewid_559	resfindernewid_560	resfindernewid_561	resfindernewid_562	resfindernewid_563	resfindernewid_564	resfindernewid_565	resfindernewid_566	resfindernewid_567	resfindernewid_568	resfindernewid_569	resfindernewid_570	resfindernewid_571	resfindernewid_572	resfindernewid_573	resfindernewid_574	resfindernewid_575	resfindernewid_576	resfindernewid_577	resfindernewid_578	resfindernewid_579	resfindernewid_580	resfindernewid_581	resfindernewid_582	resfindernewid_583	resfindernewid_584	resfindernewid_586	resfindernewid_587	resfindernewid_588
cluster_550	resfindernewid_97
cluster_551	resfindernewid_102	resfindernewid_103
cluster_552	resfindernewid_3003
cluster_553	resfindernewid_51	resfindernewid_52	resfindernewid_53	resfindernewid_54	resfindernewid_55	resfindernewid_56	resfindernewid_57	resfindernewid_58	resfindernewid_59	resfindernewid_60	resfindernewid_61	resfindernewid_62	resfindernewid_63	resfindernewid_64	resfindernewid_65	resfindernewid_66	resfindernewid_67	resfindernewid_68	resfindernewid_69
cluster_554	resfindernewid_104
cluster_555	resfindernewid_2571
cluster_556	resfindernewid_2384
cluster_557	resfindernewid_2270	resfindernewid_2271
cluster_558	resfindernewid_134
cluster_559	resfindernewid_2553
cluster_56	resfindernewid_811	resfindernewid_812	resfindernewid_813
cluster_560	resfindernewid_149
cluster_561	resfindernewid_2999
cluster_562	resfindernewid_3002
cluster_563	resfindernewid_19
cluster_564	resfindernewid_2533
cluster_565	resfindernewid_2584
cluster_566	resfindernewid_2993	resfindernewid_2996	resfindernewid_3009	resfindernewid_3051	resfindernewid_3052	resfindernewid_3053	resfindernewid_3054
cluster_567	resfindernewid_2997
cluster_568	resfindernewid_2305
cluster_569	resfindernewid_3032	resfindernewid_3033	resfindernewid_3034	resfindernewid_3035	resfindernewid_3036	resfindernewid_3037	resfindernewid_3038	resfindernewid_3039	resfindernewid_3040	resfindernewid_3041
cluster_57	resfindernewid_1682
cluster_570	resfindernewid_2493
cluster_571	resfindernewid_2494
cluster_572	resfindernewid_2572
cluster_573	resfindernewid_2574
cluster_574	resfindernewid_2573
cluster_575	resfindernewid_2625
cluster_576	resfindernewid_2980	resfindernewid_2987	resfindernewid_2989
cluster_577	resfindernewid_3000
cluster_578	resfindernewid_3069
cluster_579	resfindernewid_2385	resfindernewid_2386
cluster_58	resfindernewid_1471
cluster_580	resfindernewid_2491
cluster_581	resfindernewid_2984	resfindernewid_3004	resfindernewid_3042	resfindernewid_3043	resfindernewid_3044
cluster_582	resfindernewid_107
cluster_583	resfindernewid_109
cluster_584	resfindernewid_156
cluster_585	resfindernewid_2977	resfindernewid_2992
cluster_586	resfindernewid_2978	resfindernewid_2998	resfindernewid_3059
cluster_587	resfindernewid_2979	resfindernewid_3001	resfindernewid_3056	resfindernewid_3057	resfindernewid_3058
cluster_588	resfindernewid_2995	resfindernewid_3045	resfindernewid_3046	resfindernewid_3047
cluster_589	resfindernewid_3005	resfindernewid_3048	resfindernewid_3049	resfindernewid_3050
cluster_59	resfindernewid_2100	resfindernewid_2101	resfindernewid_2102	resfindernewid_511	resfindernewid_516	resfindernewid_517	resfindernewid_524	resfindernewid_807	resfindernewid_808	resfindernewid_809	resfindernewid_810
cluster_590	resfindernewid_2391
cluster_591	resfindernewid_3008
cluster_592	resfindernewid_3015	resfindernewid_3016	resfindernewid_3017	resfindernewid_3018	resfindernewid_3019	resfindernewid_3020	resfindernewid_3022	resfindernewid_3023	resfindernewid_3024	resfindernewid_3025	resfindernewid_3026	resfindernewid_3027	resfindernewid_3028	resfindernewid_3029	resfindernewid_3030	resfindernewid_3031
cluster_593	resfindernewid_3055
cluster_594	resfindernewid_106
cluster_595	resfindernewid_21
cluster_596	resfindernewid_108
cluster_597	resfindernewid_2310
cluster_598	resfindernewid_2855
cluster_599	resfindernewid_2579	resfindernewid_2580	resfindernewid_2581	resfindernewid_2582	resfindernewid_2583
cluster_6	resfindernewid_2565
cluster_60	resfindernewid_707	resfindernewid_708	resfindernewid_709	resfindernewid_710	resfindernewid_711	resfindernewid_712	resfindernewid_713	resfindernewid_714	resfindernewid_715	resfindernewid_716
cluster_600	resfindernewid_11	resfindernewid_143
cluster_601	resfindernewid_2363	resfindernewid_2367
cluster_602	resfindernewid_6
cluster_603	resfindernewid_110
cluster_604	resfindernewid_111
cluster_605	resfindernewid_17
cluster_606	resfindernewid_2985
cluster_607	resfindernewid_2575	resfindernewid_2576
cluster_608	resfindernewid_2578
cluster_609	resfindernewid_2577
cluster_61	resfindernewid_1434	resfindernewid_2084	resfindernewid_2087
cluster_610	resfindernewid_2771
cluster_611	resfindernewid_2772
cluster_612	resfindernewid_2521
cluster_613	resfindernewid_2773	resfindernewid_2774
cluster_614	resfindernewid_2776
cluster_615	resfindernewid_257
cluster_616	resfindernewid_128
cluster_617	resfindernewid_131	resfindernewid_139	resfindernewid_141	resfindernewid_15
cluster_618	resfindernewid_132
cluster_619	resfindernewid_137
cluster_62	resfindernewid_2426
cluster_620	resfindernewid_138	resfindernewid_140	resfindernewid_16
cluster_621	resfindernewid_142
cluster_622	resfindernewid_130
cluster_623	resfindernewid_2523
cluster_624	resfindernewid_133
cluster_625	resfindernewid_14
cluster_626	resfindernewid_129
cluster_627	resfindernewid_144
cluster_628	resfindernewid_2316	resfindernewid_2334	resfindernewid_2336	resfindernewid_2347	resfindernewid_2348
cluster_629	resfindernewid_2331	resfindernewid_2332
cluster_63	resfindernewid_435
cluster_630	resfindernewid_2319	resfindernewid_2320	resfindernewid_2345
cluster_631	resfindernewid_2341
cluster_632	resfindernewid_2312	resfindernewid_2314	resfindernewid_2315	resfindernewid_2342	resfindernewid_2343	resfindernewid_2344
cluster_633	resfindernewid_2313
cluster_634	resfindernewid_2558
cluster_635	resfindernewid_2328
cluster_636	resfindernewid_2346
cluster_637	resfindernewid_2309
cluster_638	resfindernewid_2318
cluster_639	resfindernewid_2333
cluster_64	resfindernewid_1470	resfindernewid_489	resfindernewid_490	resfindernewid_491	resfindernewid_492	resfindernewid_494	resfindernewid_497	resfindernewid_799	resfindernewid_801
cluster_640	resfindernewid_2458
cluster_641	resfindernewid_2335
cluster_642	resfindernewid_2339
cluster_643	resfindernewid_2323
cluster_644	resfindernewid_2327	resfindernewid_2340
cluster_645	resfindernewid_2479	resfindernewid_2480	resfindernewid_2481	resfindernewid_2482	resfindernewid_2542	resfindernewid_2557	resfindernewid_2559
cluster_646	resfindernewid_2321
cluster_647	resfindernewid_2324
cluster_648	resfindernewid_2311
cluster_649	resfindernewid_2322
cluster_65	resfindernewid_493	resfindernewid_495	resfindernewid_499	resfindernewid_500	resfindernewid_501
cluster_650	resfindernewid_2325
cluster_651	resfindernewid_2326
cluster_652	resfindernewid_2329
cluster_653	resfindernewid_12	resfindernewid_13
cluster_654	resfindernewid_2317
cluster_655	resfindernewid_2854
cluster_656	resfindernewid_2522
cluster_657	resfindernewid_2988	resfindernewid_3011	resfindernewid_3012	resfindernewid_3014	resfindernewid_3065
cluster_658	resfindernewid_2983	resfindernewid_3066
cluster_659	resfindernewid_2990	resfindernewid_3067	resfindernewid_3068
cluster_66	resfindernewid_498
cluster_660	resfindernewid_2991	resfindernewid_3010
cluster_661	resfindernewid_3013
cluster_662	resfindernewid_2767
cluster_663	resfindernewid_2390
cluster_664	resfindernewid_2862
cluster_665	resfindernewid_2871
cluster_666	resfindernewid_2759	resfindernewid_2760	resfindernewid_2761	resfindernewid_2762	resfindernewid_2763
cluster_667	resfindernewid_2560
cluster_668	resfindernewid_2524	resfindernewid_2525
cluster_669	resfindernewid_2569
cluster_67	resfindernewid_800	resfindernewid_802	resfindernewid_803	resfindernewid_804
cluster_670	resfindernewid_2466	resfindernewid_2467
cluster_671	resfindernewid_2477
cluster_672	resfindernewid_2478
cluster_673	resfindernewid_2470
cluster_674	resfindernewid_2377
cluster_675	resfindernewid_155	resfindernewid_93	resfindernewid_94
cluster_676	resfindernewid_2464	resfindernewid_2465
cluster_677	resfindernewid_2468	resfindernewid_2469
cluster_678	resfindernewid_2472
cluster_679	resfindernewid_2633	resfindernewid_2634
cluster_68	resfindernewid_1670	resfindernewid_1671	resfindernewid_1672	resfindernewid_1673	resfindernewid_1676	resfindernewid_1679	resfindernewid_1680	resfindernewid_1683	resfindernewid_1684	resfindernewid_1686	resfindernewid_1688
cluster_680	resfindernewid_2647
cluster_681	resfindernewid_1	resfindernewid_127	resfindernewid_157	resfindernewid_169	resfindernewid_175	resfindernewid_189	resfindernewid_2	resfindernewid_236	resfindernewid_237	resfindernewid_33	resfindernewid_7	resfindernewid_8
cluster_682	resfindernewid_2914
cluster_683	resfindernewid_2567
cluster_684	resfindernewid_2922	resfindernewid_2923
cluster_685	resfindernewid_2378	resfindernewid_2380
cluster_686	resfindernewid_2863
cluster_687	resfindernewid_2915	resfindernewid_2916	resfindernewid_2917	resfindernewid_2920	resfindernewid_2921
cluster_688	resfindernewid_2918	resfindernewid_2919
cluster_689	resfindernewid_2630
cluster_69	resfindernewid_496
cluster_690	resfindernewid_2442
cluster_691	resfindernewid_2861
cluster_692	resfindernewid_2874	resfindernewid_2875	resfindernewid_2876	resfindernewid_2877	resfindernewid_2878	resfindernewid_2879
cluster_693	resfindernewid_2646
cluster_694	resfindernewid_2934	resfindernewid_2935	resfindernewid_2936
cluster_695	resfindernewid_2488	resfindernewid_2544
cluster_7	resfindernewid_2644	resfindernewid_2645
cluster_70	resfindernewid_2105	resfindernewid_2106	resfindernewid_2107	resfindernewid_2108	resfindernewid_2109	resfindernewid_2110	resfindernewid_2111	resfindernewid_2112	resfindernewid_2113	resfindernewid_2114	resfindernewid_2115	resfindernewid_2116	resfindernewid_2117	resfindernewid_2118	resfindernewid_2119	resfindernewid_2120	resfindernewid_2121	resfindernewid_2122	resfindernewid_2123	resfindernewid_695	resfindernewid_696	resfindernewid_697	resfindernewid_698	resfindernewid_699	resfindernewid_700	resfindernewid_805	resfindernewid_806
cluster_71	resfindernewid_2942
cluster_72	resfindernewid_448	resfindernewid_449	resfindernewid_450
cluster_73	resfindernewid_487
cluster_74	resfindernewid_585
cluster_75	resfindernewid_2843
cluster_76	resfindernewid_2427
cluster_77	resfindernewid_2873
cluster_78	resfindernewid_2870
cluster_79	resfindernewid_1675	resfindernewid_1678	resfindernewid_1681	resfindernewid_1685	resfindernewid_1687
cluster_8	resfindernewid_2635
cluster_80	resfindernewid_2527	resfindernewid_2528
cluster_81	resfindernewid_2605	resfindernewid_2642	resfindernewid_2643
cluster_82	resfindernewid_217
cluster_83	resfindernewid_2551
cluster_84	resfindernewid_1472
cluster_85	resfindernewid_2449
cluster_86	resfindernewid_105
cluster_87	resfindernewid_38
cluster_88	resfindernewid_1518
cluster_89	resfindernewid_221
cluster_9	resfindernewid_2832
cluster_90	resfindernewid_1674	resfindernewid_1677	resfindernewid_1689	resfindernewid_1691	resfindernewid_1692
cluster_91	resfindernewid_222
cluster_92	resfindernewid_39
cluster_93	resfindernewid_3
cluster_94	resfindernewid_436	resfindernewid_453
cluster_95	resfindernewid_454
cluster_96	resfindernewid_2337
cluster_97	resfindernewid_2474
cluster_98	resfindernewid_442	resfindernewid_443
cluster_99	resfindernewid_1463
