resfindernewid_1,sul1_2_U12338,ATGGTGACGGTGTTCGGCATTCTGAATCTCACCGAGGACTCCTTCTTCGATGAGAGCCGGCGGCTAGACCCCGCCGGCGCTGTCACCGCGGCGATCGAAATGCTGCGAGTCGGATCAGACGTCGTGGATGTCGGACCGGCCGCCAGCCATCCGGACGCGAGGCCTGTATCGCCGGCCGATGAGATCAGACGTATTGCGCCGCTCTTAGACGCCCTGTCCGATCAGATGCACCGTGTTTCAATCGACAGCTTCCAACCGGAAACCCAGCGCTATGCGCTCAAGCGCGGCGTGGGCTACCTGAACGATATCCAAGGATTTCCTGACCCTGCGCTCTATCCCGATATTGCTGAGGCGGACTGCAGGCTGGTGGTTATGCACTCAGCGCAGCGGGATGGCATCGCCACCCGCACCGGTCACCTTCGACCCGAAGACGCGCTCGACGAGATTGTGCGGTTCTTCGAGGCGCGGGTTTCCGCCTTGCGACGGAGCGGGGTCGCTGCCGACCGGCTCATCCTCGATCCGGGGATGGGATTTTTCTTGAGCCCCGCACCGGAAACATCGCTGCACGTGCTGTCGAACCTTCAAAAGCTGAAGTCGGCGTTGGGGCTTCCGCTATTGGTCTCGGTGTCGCGGAAATCCTTCTTGGGCGCCACCGTTGGCCTTCCTGTAAAGGATCTGGGTCCAGCGAGCCTTGCGGCGGAACTTCACGCGATCGGCAATGGCGCTGACTACGTCCGCACCCACGCGCCTGGAGATCTGCGAAGCGCAATCACCTTCTCGGAAACCCTCGCGAAATTTCGCAGTCGCGACGCCAGAGACCGAGGGTTAGATCATGCCTAG
resfindernewid_2,sul1_3_EU855787,ATGGTGACGGTGTTCGGCATTCTGAATCTCACCGAGGACTCCTTCTTCGATGAGAGCCGGCGGCTAGACCCCGCCGGCGCTGTCACCGCGGCGATCGAAATGCTGCGAGTCGGATCAGACGTCGTGGATGTCGGACCGGCCGCCAGCCATCCGGACGCGAGGCCTGTATCGCCGGCCGATGAGATCAGACGTATTGCGCCGCTCTTAGACGCCCTGTCCGATCAGATGCACCGTGTTTCAATCGACAGCTTCCAACCGGAAACCCAGCGCTATGCGCTCAAGCGCGGCGTGGGCTACCTGAACGATATCCAAGGATTTCCTGACCCTGCGCTCTATCCCGATATTGCTGAGGCGGACTGCAGGCTGGTGGTTATGCACTCAGCGCAGCGGGATGGCATCGCCACCCGCACCGGTCACCTTCGACCCGAAGACGCGCTCGACGAGATTGTGCGGTTCTTCGAGGCGCGGGTTTCCGCCTTGCGACGGAGCGGGGTCGCTGCCGACCGGCTCATCCTCGATCCGGGGTTGGGATTTTTCTTGAGCCCCGCACCGGAAACATCGCTGCACGTGCTGTCGAACCTTCAAAAGCTGAAGTCGGCGTTGGGGCTTCCGCTATTGGTCTCGGTGTCGCGGAAATCCTTCTTGGGCGCCACCGTTGGCCTTCCTGTAAAGGATCTGGGTCCAGCGAGCCTTGCGGCGGAACTTCACGCGATCGGCAATGGCGCTGACTACGTCCGCACCCACGCGCCTGGAGATCTGCGAAGCGCAATCACCTTCTCGGAAACCCTCGCGAAATTTCGCAGTCGCGACGCCAGAGACCGAGGGTTAGATCATGCCTAG
resfindernewid_3,sul1_5_EU780013,GTGGAAGTCGCTGCGGAGGCCGACGCCATGGTGACGGTGTTCGGCATTCTGAATCTCACCGAGGACTCCTTCTTCGATGAGAGCCGGCGGCTAGACCCCGCCGGCGCTGTCACCGCGGCGATCGAAATGCTGCGAGTCGGATCAGACGTCGTGGATGTCGGACCGGCCGCCAGCCATCCGGACGCGAGGCCTGTATCGCCGGCCGATGAGATCAGACGTATTGCGCCGCTCTTAGACGCCCTGTCCGATCAGATGCACCGTGTTTCAATCGACAGCTTCCAACCGGAAACCCAGCGCTATGCGCTCAAGCGCGGCGTGGGCTACCTGAACGATATCCAAGGATTTCCTGACCCTGCGCTCTATCCCGATATTGCTGAGGCGGACTGCAGGCTGGTGGTTATGCACTCAGCGCAGCGGGATGGCATCGCCACCCGCACCGGTCACCTTCGACTCGAAGACGCGCTCGACGAGATTGTGCGGTTCTTCGAGGCGCGGGTTTCCGCCTTGCGACGGAGCGGGGTCGCTGCCGACCGGCTCATCCTCGATCCGGGGATGGGATTTTTCTTGAGCCCCGCACCGGAAACATCGCTGCACGTGCTGTCGAACCTTCAAAAGCTGAAGTCGGCGTTGGGGCTTCCGCTATTGGTCTCGGTGTCGCGGAAATCCTTCTTGGGCGCCACCGTTGGCCTTCCTGTAAAGGATCTGGGTCCAGCGAGCCTTGCGGCGGAACTTCACGCGATCGGCAATGGCGCTGACTACGTCCGCACCCACGCGCCTGGAGATCTGCGAAGCGCAATCACCTTCTCGGAAACCCTCGCGAAATTTCGCAGTCGCGACGCCAGAGACCGAGGGTTAGATCATGCCTAG
resfindernewid_4,sul1_7_FJ715937,ATGGTGACGGTGTTCGGCATTCTGAATCTCACCGAGGACTCCTTCTTCGATGAGAGCCGGCGGCTAGACCCCGCCGGCGCTGTCACCGCGGCGATCGAAATGCTGCGAGTCGGATCAGACGTCGTGGATGTCGGACCGGCCGCCAGCCATCCGGACGCGAGGCCTGTATCGCCGGCCGATGAGATCAGACGTATTGCGCCGCTCTTAGACGCCCTGTCCGATCAGATGCACCGTGTTTCAACCGACAGCTTCCAACCGGAAACCCAGCGCTATGCGCTCAGGCGCGGCGTGGGCTACCTGAACGATATCCAAGGATTTCCTGACCCTGCGCTCTATCCCGATATTGCTGAGGCGGACTGCAGGCTGGTGGTTATGCACTCAGCGCAGCGGGATGGCATCGCCACCCGCACCGGTCACCTTCGACCCGAAGACGCGCTCGACGAGATTGTGCGGTTCTTCGAGGCGCGGGTTTCCGCCTTGCGACGGAGCGGGGTCGCTGCCGACCGGCTCATCCTCGATCCGGGGATGGGATTTTTCTTGAGCCCCGCACCGGAAACATCGCTGCACGTGCTGTCGAACCTTCAAAAGCTGAAGTCGGCGTTGGGGCTTCCGCTATTGGTCTCGGTGTCGCGGAAATCCTTCTTGGGCGCCACCGTTGGCCTTCCTGTAAAGGATCTGGGTCCAGCGAGCCTTGCGGCGGAACTTCACGCGATCGGCAATGGCGCTGACTACGTCCGCACCCACGCGCCTGGAGATCTGCGAAGCGCAATCACCTTCTCGGAAACCCTCGCGAAATTTCGCAGTCGCGACGCCAGAGACCGAGGGTTAGATCATGCCTAG
resfindernewid_5,sul1_8_JN581942,GTGACGGTGTTCGGCATTCTGAATCTCACCGAGGACTCCTTCTTCGATGAGAGCCGGCGGCTAGACCCCGCCGGCGCTGTCACCGCGGCGATCGAAATGCTGCGAGTCGGATCAGACGTCGTGGATGTCGGACCGGCCGCCAGCCATCCGGACGCGAGGCCTGTATCGCCGGCCGATGAGATCAGACGTATTGCGCCGCTCTTAGACGCCCTGTCCGATCAGATGCACCGTGTTTCAATCGACAGCTTCCAACCGGAAACCCAGCGCTATGCGCTCAAGCGCGGCGTGGGCTACCTGAACGATATCCAAGGATTTCCTGACCCTGCGCTCTATCCCGATATTGCTGAGGCGGACTGCAGGCTGGTGGTTATGCACTCAGCGCAGCGGGATGGCATCGCCACCCGCACCGGTCACCTTCGACCCGAAGACGCGCTCGACGAGATTGTGCGGTTCTTCGAGGCGCGGGTTTCCGCCTTGCGACGGAGCGGGGTCGCTGCCGACCGGCTCATCCTCGATCCGGGGATGGGATTTTTCTTGAGCCCCGCACCGGAAACATCGCTGCACGTGCTGTCGAACCTTCAAAAGCTGAAGTCGGCGTTGGGGCTTCCGCTATTGGTCTCGGTGTCGCGGAAATCCTTCTTGGGCGCCACCGTTGGCCTTCCTGTAAAGGATCTGGGTCCAGCGAGCCTTGCGGCGGAACTTCACGCGATCGGCAATGGCGCTGACTACGTCCGCACCCACGCGCCTGGAGATCTGCGAAGCGCAATCACCATCTCGGAAACCCTCGCGAAATTTCGCAGTCGCGACGCCAGAGACCGAGGGTTAGATCATGCCTAG
resfindernewid_6,sul1_9_AY963803,ATGTTACGCAGCAGGGTGACGGTGTTCGGCATTCTGAATCTCACCGAGGACTCCTTCTTCGATGAGAGCCGGCGGCTAGACCCCGCCGGCGCTGTCACCGCGGCGATCGAAATGCTGCGAGTCGGATCAGACGTCGTGGATGTCGGACCGGCCGCCAGCCATCCGGACGCGAGGCCTGTATCGCCGGCCGATGAGATCAGACGTATTGCGCCGCTCTTAGACGCCCTGTCCGATCAGATGCACCGTGTTTCAATCGACAGCTTCCAACCGGAAACCCAGCGCTATGCGCTCAAGCGCGGCGTGGGCTACCTGAACGATATCCAAGGATTTCCTGACCCTGCGCTCTATCCCGATATTGCTGAGGCGGACTGCAGGCTGGTGGTTATGCACTCAGCGCAGCGGGATGGCATCGCCACCCGCACCGGTCACCTTCGACCCGAAGACGCGCTCGACGAGATTGTGCGGTTCTTCGAGGCGCGGGTTTCCGCCTTGCGACGGAGCGGGGTCGCTGCCGACCGGCTCATCCTCGATCCGGGGATGGGATTTTTCTTGAGCCCCGCACCGGAAACATCGCTGCACGTGCTGTCGAACCTTCAAAAGCTGAAGTCGGCGTTGGGGCTTCCGCTATTGGTCTCGGTGTCGCGGAAATCCTTCTTGGGCGCCACCGTTGGCCTTCCTGTAAAGGATCTGGGTCCAGCGAGCCTTGCGGCGGAACTTCACGCGATCGGCAATGGCGCTGACTACGTCCGCACCCACGCGCCTGGAGATCTGCGAAGCGCAATCACCTTCTCGGAAACCCTCGCGAAATTTCGCAGTCGCGACGCCAGAGACCGAGGGTTAGATCATGCCTAG
resfindernewid_7,sul1_10_DQ143913,GTGTTCGGCATTCTGAATCTCACCGAGGACTCCTTCTTCGATGAGAGCCGGCGGCTAGACCCCGCCGGCGCTGTCACCGCGGCGATCGAAATGCTGCGAGTCGGATCAGACGTCGTGGATGTCGGACCGGCCGCCAGCCATCCGGACGCGAGGCCTGTATCGCCGGCCGATGAGATCAGACGTATTGCGCCGCTCTTAGACGCCCTGTCCGATCAGATGCACCGTGTTTCAATCGACAGCTTCCAACCGGAAACCCAGCGCTATGCGCTCAAGCGCGGCGTGGGCTACCTGAACGATATCCAAGGATTTCCTGACCCTGCGCTCTATCCCGATATTGCTGAGACGGACTGCAGGCTGGTGGTTATGCACTCAGCGCAGCGGGATGGCATCGCCACCCGCACCGGTCACCTTCGACCCGAAGACGCGCTCGACGAGATTGTGCGGTTCTTCGAGGCGCGGGTTTCCGCCTTGCGACGGAGCGGGGTCGCTGCCGACCGGCTCATCCTCGATCCGGGGATGGGATTTTTCTTGAGCCCCGCACCGGAAACATCGCTGCACGTGCTGTCGAACCTTCAAAAGCTGAAGTCGGCGTTGGGGCTTCCGCTATTGGTCTCGGTGTCGCGGAAATCCTTCTTGGGCGCCACCGTTGGCCTTCCTGTAAAGGATCTGGGTCCAGCGAGCCTTGCGGCGGAACTTCACGCGATCGGCAATGGCGCTGACTACGTCCGCACCCACGCGCCTGGAGATCTGCGAAGCGCAATCACCTTCTCGGAAACCCTCGCGAAATTTCGCAGTCGCGACGCCAGAGACCGAGGGTTAGATCATGCCTAG
resfindernewid_8,sul1_11_DQ914960,ATGGTGACGGTGTTCGGCATTCTGAATCTCACCGAGGACTCCTTCTTCGATGAGAGCCGGCGGCTAGACCCCGCCGGCGCTGTCACCGCGGCGATCGAAATGCTGCGAGTCGGATCAGACGTCGTGGATGTCGGACCGGCCGCCAGCCATCCGGACGCGAGGCCTGTATCGCCGGCCGATGAGATCAGACGTATTGCGCCGCTCTTAGACGCCCTGTCCGATCAGATGCACCGTGTTTCAATCGACAGCTTCCAACCGGAAACCCAGCGCTATGCGCTCAAGCGCGGCGTGGGCTACCTGAACGATATCCAAGGATTTCCTGACCCTGCGCTCTATCCCGATATTGCTGAGGCGGACTGCAGGCTGGTGGTTATGCACTCAGCGCAGCGGGATGGCATCGCCACCCGCACCGGTCACCTTCGACCCGAAGACGCGCTCGACGAGATTGTGCGGTTCTTCGAGGCGCGGGTTTCCGCCTTGCGACGGAGCGGGGTCGCTGCCGACCGGCTCATCCTCGATCCGGGGATGGGATTTTTCTTGAGCCCCGCACCGGAAACATCGCTGCACGTGCTGTCGAACCTTCAAAAGCTGAAGTCGGCGTTGGGGCTTCCGCTATTGGTCTCGGTGTCGCGGAAATCCTTCTTGGGCGCCACCGTTGGCCTTCCTGTAAAGGATCTGGGTCCAGCGAGCCTTGCGGCGGAACTTCACGCGATCGGCAATGGCGCTGACTACGTCCGCACCCACGCGCCTGGAGATCTGCGAAGCGCAATCACCTTCTCGGAAACCCTCGCGAAATTTCGCAGTCGCGACGCCAGAGACACGCGACCGGCGGATTCCACGCGCGCTGCGGCGACCATGCCGCACTGCAACAAAGTCCGGTGA
resfindernewid_9,sul1_14_AJ517791,ATGGTGACGGTGTTCGGCATTCTGAATCTCACCGAGGACTCCTTCTTCGATGAGAGCCGGCGGCTAGACCCCGCCGGCGCTGTCACCGCGGCGATCGAAATGCTGCGAGTCGGATCAGACGTCGTGGATGTCGGACCGGCCGCCAGCCATTCTAACGCAAGGCCTGTTTCGCCGGCCGATGAGATCAGACGTATTGGGCCGCTCTTAGACGCCCTGTCCGATCAGATGCACCGTGTTTCAATCAACAGCTTCCAACCGGAAACCCAGCGCTATGCGCTCAAGCGCGGCGTGGGCTACCTGAACGATATCCAAGGATTTCCTGACCCTGCGCTCTATCCCGATATTGCTGAGGCGGACTGCAGGCTGGTGGTTATGCACTCAGCGCAGCGGGATGGCATCGCCACCCGCACCGGTCACCTTCGACCCGAAGACGCGCTCGACGAGATTGTGCGGTTCTTCGAGGCGCGGGTTTCCGCCTTGCGACGGAGCGGGGTCGCTGCCGACCGGCTCATCCTCGATCCGGGGATGGGATTTTTCTTGAGCCCCGCACCGGAAACATCGCTGCACGTGCTGTCGAACCTTCAAAAGCTGAAGTCGGCGTTGGGGCTTCCGCTATTGGTCTCGGTGTCGCGGAAATCCTTCTTGGGCGCCACCGTTGGCCTTCCTGTAAAGGATCTGGGTCCAGCGAGCCTTGCGGCGGAACTTCACGCGATCGGCAATGGCGCTGACTACGTCCGCACCCACGCGCCTGGAGATCTGCGAAGCGCAATCACCTTCTCGGAAACCCTCGCGAAATTTCGCAGTCGCGACGCCAGAGACCGAGGGTTAGATCATGCCTAG
resfindernewid_10,sul1_15_EF667294,ATGGTGACGGTGTTCGGCATTCTGAATCTCACCGAGGACTCCTTCTTCGATGAGAGCCGGCGGCTAGACCCCGCCGGCGCTGTCACCGCGGCGATCGAAATGCTGCGAGTTGGATCAGACGTCGTGGATGTCGGACCGGCCGCCAGCCATCCGGACGCGAGGCCTGTATCGCCGGCCGATGAGATCAGACGTATTGCGCCGCTCTTAGACGCCCTGTCCGATCAGATGCACCGTGTTTCAATCGACAGCTTCCAACCGGAAACCCAGCGCTATGCGCTCAAGCGCGGCGTGGGCTACCTGAACGATATCCAAGGATTTCCTGACCCTGCGCTCTATCCCGATATTGCTGAGGCGGACTGCAGGCTGGTGGTTATGCACTCAGCGCAGCGGGATGGCATCGCCACCCGCACCGGTCACCTTCGACCCGAAGACGCGCTCGACGAGATTGTGCGGTTCTTCGAGGCGCGGGTTTCCGCCTTGCGACGGAGCGGGGTCGCTGCCGACCGGCTCATCCTCGATCCGGGGATGGGATTTTTCTTGAGCCCCGCACCGGAAACATCGCTGCACGTGCTGTCGAACCTTCAAAAGCTGAAGTCGGCGTTGGGGCTTCCGCTATTGGTCTCGGTGTCGCGGAAATCCTTCTTGGGCGCCACCGTTGGCCTTCCTGTAAAGGATCTGGGTCCAGCGAGCCTTGCGGCGGAACTTCACGCGATCGGCAATGGCGCTGACTACGTCCGCACCCACGCGCCTGGAGATCTGCGAAGCGCAATCACCTTCTCGGAAACCCTCGCGAAATTTCGCAGTCGCGACGCCAGAGACCGAGGGTTAGATCATGCCTAG
resfindernewid_11,sul1_17_AM746675,ATGGTGACGGTGTTCGGCATTCTGAATCTCACCGAGGACTCCTTCTTCGATGAGAGCCGGCGGCTAGACCCCGCCGGCGCTGTCACCGCGGCGATCGAAATGCTGCGAGTCGGATCAGACGTCGTGGATGTCGGACCGGCCGCCAGCCATCCGGACGCGAGGCCTGTATCGCCGGCCGATGAGATCAGACGTATTGCGCCGCTCTTAGACGCCCTGTCCGATCAGATGCACCGTGTTTCAATCGACAGCTTCCAACCGGAAACCCAGCGCTATGCGCTCAAGCGCGGCGTGGGCTACCTGAACGATATCCAAGGATTTCCTGACCCTGCGCTCTATCCCGATATTGCTGAGGCGGACTGCAGGCTGGTGGTTATGCACTCAGCGCAGCGGGATGGCATCGCCACCCGCACCGGTCACCTTCGACCCGAAGACGCGCTCGACGAGATTGTGCGGTTCTTCGAGGCGCGGGTTTCCGCCTTGCGACGGAGCGGGGTCGCTGCCGACCGGCTCATCCTCGATCCGGGGATGGGATTTTTCTTGAGCCCCGCACCGGAAACATCGCTGCACGTGCTGTCGAACCTTCAAAAGCTGAAGTTGGCGTTGGGGCTTCCGCTATTGGTCTCGGTGTCGCGGAAATCCTTCTTGGGCGCCACCGTTGGCCTTCCTGTAAAGGATCTGGGTCCAGCGAGCCTTGCGGCGGAACTTCACGCGATCGGCAATGGCGCTGACTACGTCCGCACCCACGCGCCTGGAGATCTGCGAAGCGCAATCACCTTCTCGGAAACCCTCGCGAAATTTCGCAGTCGCGACGCCAGAGACCGAGGGTTAGATCATGCCTAG
resfindernewid_12,sul1_18_AY260546,ATGGTGACGGTGTTCGGCATTCTGAATCTCACCGAGGACTCCTTCTTCGATGAGAGCCGGCGGCTAGACCCCGCCGGCGCTGTCACCGCGGCGATCGAAATGCTGCGAGTCGGATCAGACGTCGTGGATGTCGGACCGGCCGCCAGCCATCCGGACGCGAGGCCTGTATCGCCGGCCGATGAGATCAGACGTATTGCGCCGCTCTTAGACGCCCTGTCCGATCAGATGCACCGTGTTTCAATCGACAGCTTCCAACCGGAAACCCAGCGCTATGCGCTCAAGCGCGGCGTGGGCTACCTGAACGATATCCAAGGATTTCCTGACCCTGCGCTCTATCCCGATATTGCTGAGGCGGACTGCAGGCTGGTGGTTATGCACTCAGCGCAGCGGGATGGCATCGCCACCCGCACCGGTCACCTTCGACCCGAAGACGCGCTCGACGAGATTGTGCGGTTCTTCGAGGCGCGGGTTTCCGCCTTGCGACGGAGCGGGGTCGCTGCCGACCGGCTCATCCTCGATCCGGGGATGGGATTTTTCTTGAGCCCCGCACCGGAAACATCGCTGCACGTGCTGTCGAACCTTCAAAAGTTGAAGTCGGCGTTGGGGCTTCCGCTATTGGTCTCGGTGTCGCGGAAATCCTTCTTGGGCGCCACCGTTGGCCTTCCTGTAAAGGATCTGGGTCCAGCGAGCCTTGCGGCGGAACTTCACGCGATCGGCAATGGCGCTGACTACGTCCGCACCCACGCGCCTGGAGATCTGCGAAGCGCAATCACCTTCTCGGAAACCCTCGCGAAATTTCGCAGTCGCGACGCCAGAGACCGAGGGTTAGATCATGCCTAG
resfindernewid_13,sul1_19_DQ125241,ATGGTGACGGTGTTCGGCATTCTGAATCTCACCGAGGACTCCTTCTTCGATGAGAGCCGGCGGCTAGACCCCGCCGGCGCTGTCACCGCGGCGATCGAAATGCTGCGAGTCGGATCAGACGTCGTGGATGTCGGACCGGCCGCCAGCCATCCGGACGCGAGGCCTGTATCGCCGGCCGATGAGATCAGACGTATTGCGCCGCTCTTAGACGCCCTGTCCGATCAGATGCACCGTGTTTCAATCGACAGCTTCCAACCGGAAACCCAGCGCTATGCGCTCAAGCGCGGCGTGGGCTACCTGAACGATATCCAAGGATTTCCTGACCCTGCGCTCTATCCCGATATTGCTGAGGCGGACTGCAGGCTGGTGGTTATGCACTCAGCGCAGCGGGATGGCATCGCCACCCGCACCGGTCACCTTCGACCCGAAGACGCGCTCGACGAGATTGTGCGGTTCTTCGAGGCGCGGGTTTCCGCCTTGCGACGGAGCGGGGTCGCTGCCGACCGGCTCATCCTCGATCCGGGGATGGGATTTTTCTTGAGCCCCGCACCGGAAACATCGCTGCACGTGCTGTCGAACCTTCAAAAGCTGAAGTCGGCGTTGGGGCTTCCGCTATTGGTCTCGGTGTCGCGGAAATCCTTCTTGGGCGCCACCGTTGGCCTTCCTGTAAAGGATCTGGGTCCAGCGAGCCTTGCGGCGGAGCTTCACGCGATCGGCAATGGCGCTGACTACGTCCGCACCCACGCGCCTGGAGATCTGCGAAGCGCAATCACCTTCTCGGAAACCCTCGCGAAATTTCGCAGTCGCGACGCCAGAGACCGAGGGTTAGATCATGCCTAG
resfindernewid_14,sul1_20_JF262165,ATGGTGACGGTGTTCGGCATTCTGAATCTCACCGAGGACTCCTTCTTCGATGAGAGCCGGCGGCTAGACCCCGCCGGCGCTGTCACCGCGGCGATCGAAATGCTGCGAGTCGGAGCAGACGTCGTGGATGTCGGACCGGCCGCCAGCCATCCGGACGCGAGGCCTGTATCGCCGGCCGATGAGATCAGACGTATTGCGCCGCTCTTAGACGCCCTGTCCGATCAGATGCACCGTGTTTCAATCGACAGCTTCCAACCGGAAACCCAGCGCTATGCGCTCAAGCGCGGCGTGGGCTACCTGAACGATATCCAAGGATTTCCTGACCCTGCGCTCTATCCCGATATTGCTGAGGCGGACTGCAGGCTGGTGGTTATGCACTCAGCGCAGCGGGATGGCATCGCCACCCGCACCGGTCACCTTCGACCCGAAGACGCGCTCGACGAGATTGTGCGGTTCTTCGAGGCGCGGGTTTCCGCCTTGCGACGGAGCGGGGTCGCTGCCGACCGGCTCATCCTCGATCCGGGGATGGGATTTTTCTTGAGCCCCGCACCGGAAACATCGCTGCACGTGCTGTCGAACCTTCAAAAGCTGAAGTCGGCGTTGGGGCTTCCGCTATTGGTCTCGGTGTCGCGGAAATCCTTCTTGGGCGCCACCGTTGGCCTTCCTGTAAAGGATCTGGGTCCAGCGAGCCTTGCGGCGGAACTTCACGCGATCGGCAATGGCGCTGACTACGTCCGCACCCACGCGCCTGGAGATCTGCGAAGCGCAATCACCTTCTCGGAAACCCTCGCGAAATTTCGCAGTCGCGACGCCAGAGACCGAGGGTTAGATCATGCCTAG
resfindernewid_15,sul1_21_AJ971344,ATGGTGACGGTGTTCGGCATTCTGAATCTCACCGAGGACTCCTTCTTCGATGAGAGCCGGCGGCTAGACCCCGCCGGCGCTGTCACCGCGGCGATCGAAATGCTGCGAGTCGGATCAGACGTCGTGGATGTCGGACCGGCCGCCAGCCATCCGGACGCGAGGCCTGTATCGCCGGCCGATGAGATCAGACGTATTGCGCCGCTCTTAGACGCCCTGTCCGATCAGATGCACCGTGTTTCAATCGACAGCTTCCAACCGGAAACCCAGCGCTATGCGCTCAAGCGCGGCGTGGGCTACCTGAACGATATCCAAGGATTTCCTGACCCTGCGCTCTATCCCGATATTGCTGAGGCGGACTGCAGGCTGGTGGTTATGCACTCAGCGCAGCGGGATGGCATCGCCACCCGCACCGGTCACCTTCGACCCGAAGACGCGCTCGACGAGATTGTGCGGTTCTTCGAGGCGCGGGTTTCCGCCTTGCGACGGAGCGGGGTCGCTGCCGACCGGGTCATCCTCGATCCGGGGATGGGATTTTTCTTGAGGCCCGCACCGGAAACATCGCTGCACGTGCTGTCGAACCTTCAAAAGCTGAAGTCGGCGTTGGGGCTTCCGCTATTGGTCTCGGTGTCGCGGAAATCCTTCTTGGGCGCCACCGTTGGCCTTCCTGTAAAGGATCTGGGTCCAGCGAGCCTTGCGGCGGAACTTCACGCGATCGGCAATGGCGCTGACTACGTCCGCACCCACGCGCCTGGAGATCTGCGAAGCGCAATCACCTTCTCGGAAACCCTCGCGAAATTTCGCAGTCGCGACGCCAGAGACCGAGGGTTAGATCATGCCTAG
resfindernewid_16,sul1_22_AY115475,ATGGTGACGGTGTTCGGCATTCTGAATCTCACCGAGGACTCCTTCTTCGATGAGAGCCGGCGGCTAGACCCCGCCGGCGCTGTCACCGCGGCGATCGAAATGCTGCGAGTCGGATCAGACGTCGTGGATGTCGGACCGGCCGCCAGCCATCCGGACGCGAGGCCTGTATCGCCGGCCGATGAGATCAGACGTATTGCGCCGCTCTTAGACGCCCTGTCCGATCAGATGCACCGTGTTTCAATCGACAGCTTCCAACCGGAAACCCAGCGCTATGCGCTCAAGCGCGGCGTGGGCTACCTGAACGATATCCAAGGATTTCCTGACCCTGCGCTCTATCCCGATATTGCTGAGGCGGACTGCAGGCTGGTGGTTATGCACTCAGCGCAGCGGGATGGCATCGCCACCCGCACCGGTCACCTTCGACCCGAAGACGCGCTCGACGAGATTGTGCGGTTCTTCGAGGCGCGGGTTTCCGCCTTGCGACGGAGCGGGGTCGCTGCCGACCGGCTCATCCTCGATCCGGGGATGGGATTTTTCTTGAGCCCCGCACCGGAAACATCGCTGCACGTGCTGTCGAACCTTCAAAAGCTGAAGTCGGCGTTGGGGCTTCCGCTATTGGTCTCGGTGTCGCGGAAATCCTTCTTGGGCGCCACCGTTGGCCTTCCTGTAAAGGATCTGGGTCCAGCGAGCCTTGCGGCGGAACTTCACGCGATCGGCAATGGCGCTGACTACGTCCGCACCCACGCGCCTGGAGATCTGCGAAGCGCAATCACATTCTCGGAAACCCTCGCGAAATTTCGCAGTCGCGACGCCAGAGACCGAGGGTTAGATCATGCGTAG
resfindernewid_17,sul1_23_AJ621187,ATGGTGACGGTGTTCGGCATTCTGAATCTCACCGAGGACTCCTTCTTCGATGAGAGCCGGCGGCTAGACCCCGCCGGCGTTGTCACCGCGGCGATCGAAATGCTGCGAGTCGGATCAGACGTCGTGGATGTCGGACCGGCCGCCAGCCATCCGGACGCGAGGCCTGTATCGCCGGCCGATGAGATCAGACGTATTGCGCCGCTCTTAGACGCCCTGTCCGATCAGATGCACCGTGTTTCAATCGACAGCTTCCAACCGGAAACCCAGCGCTATGCGCTCAAGCGCGGAGTGGGCTACCTGAACGATATCCAAGGATTTCCTGACCCTGCGCTCTATCCCGATATTGCTGAGGCGGACTGCAGGCTGGTGGTTATGCACTCAGCGCAGCGGGATGGCATCGCCACCCGCACCGGTCACCTTCGACCCGAAGACGCGCTCGACGAGATTGTGCGGTTCTTCGAGGCGCGGGTTTCCGCCTTGCGAAGGAGCGGGGTCGCTGCCGACCGGCTCATCCTCGATCCGGGGATGGGATTTTTCTTGAGCCCCGCACCGGAAACATCGCTGCACGTGCTGTCGAACCTTCAAAAGCTGAAGTCGGCGTTGGGGCTTCCGCTATTGGTCTCGGTGTCGCGGAAATCCTTCTTGGGCGCCACCGTTGGCCTTCCTGTAAAGGATCTGGGTCCAGCGAGCCTTGCGGCGGAACTTCACGCGATCGGCAATGGCGCTGACTACGTCCGCACCCACGCGCCTGGAGATCTGCGAAGCGCAATCACCTTCTCGGAAACCCTCGCGAAATTTCGCAGTCGCGACGCCAGAGACCGAGGGTTAGATCATGCCTAG
resfindernewid_18,sul1_24_EU117158,ATGGTGACGGTGTTCGGCATTCTGAATCTCACCGAGGACTCCTTCTTCGATGAGAGCCGGCGGCTAGACCCCGCCGGCGCTGTCACCGCGGCGATCGAAATGCTGCGAGTCGGATCAGACGTCGTGGATGTCGGACCGGCCGCCAGCCACCCGGACGCGAGGCCTGTATCGCCGGCCGATGAGATCAGACGTATTGCGCCGCTCTTAGACGCCCTGTCCGATCAGATGCACCGTGTTTCAATCGACAGCTTCCAACCGGAAACCCAGCGCTATGCGCTCAAGCGCGGCGTGGGCTACCTGAACGATATCCAAGGATTTCCTGACCCTGCGCTCTATCCCGATATTGCTGAGGCGGACTGCAGGCTGGTGGTTATGCACTCAGCGCAGCGGGATGGCATCGCCACCCGCACCGGTCACCTTCGACCCGAAGACGCGCTCGACGAGATTGTGCGGTTCTTCGAGGCGCGGGTTTCCGCCTTGCGACGGAGCGGGGTCGCTGCCGACCGGCTCATCCTCGATCCGGGGATGGGATTTTTCTTGAGCCCCGCACCGGAAACATCGCTGCACGTGCTGTCGAACCTTCAAAAGCTGAAGTCGGCGTTGGGGCTTCCGCTATTGGTCTCGGTGTCGCGGAAATCCTTCTTGGGCGCCACCGTTGGCCTTCCTGTAAAGGATCTGGGTCCAGCGAGCCTTGCGGCGGAACTTCACGCGATCGGCAATGGCGCTGACTACGTCCGCACCCACGCGCCTGGAGATCTGCGAAGCGCAATCACCTTCTCGGAAACCCTCGCGAAATTTCGCAGTCGCGACGCCAGAGACCGAGGGTTAGATCATGCCTAG
resfindernewid_19,sul1_25_AY878717,ATGGTGACGGTGTTCGGCATTCTGAATCTCACCGAGGACTCCTTCTTCGATGAGAGCCGGCGGCTAGACCCCGCCGGCGCTGTCACCGCGGCGATCGAAATGCTGCGAGTCGGATCAGACGTCGTGGATGTCGGACCGGCCGCCAGCCATCCGGACGCGAGGCCTGTATCGCCGGCCGATGAGATCAGACGTATTGCGCCGCTCTTAGACGCCCTGTCCGATCAGATGCACCGTGTTTCAATCGACAGCTTCCAACCGGAAACCCAGCGCTATGCGCTCAAGCGCGGCGTGGGCTACCTGAACGATATCCAAGGATTTCCTGACCCTGCGCTCTATCCCGATATTGCTGAGGCGGACTGCAGGCTGGTGGTTATGCACTCAGCGCAGCGGGATGGCATCGCCACCCGCACCGGTCACCTTCGACCCGAAGACGCGCTCGACGAGATTGTGCGGTTCTTCGAGGCGCGGGTTTCCGCATTGCGACGGAGCGGGGTCGCTGCCGACCGGCTCATCCTCGATCCGGGGATGGGATTTTTCTTGAGCCCCGCACCGGAAACATCGCTGCACGTGCTGTCGAACCTTCAAAAGCTGAAGTCGGCGTTGGGGCTTCCGCTATTGGTCTCGGTGTCGCGGAAATCCTTCTTGGGCGCCACCGTTGGCCTTCCTGTAAAGGATCTGGGTCCAGCGAGCCTTGCGGCGGAACTTCACGCGATCGGCAATGGCGCTGACTACGTCCGCACCCACGCGCCTGGAGATCTGCGAAGCGCAATCACCTTCTCGGAAACCCTCGCGAAATTTCGCAGTCGCGACGCCAGAGACCGAGGGTTAGATCATGCCTAG
resfindernewid_20,sul1_26_AY524415,ATGGTGACGGTGTTCGGCATTCTGAATCTCACCGAGGACTCCTTCTTCGATGAGAGCCGGCGGCTAGACCCCGCCGGCGCTGTCACCGCGGCGATCGAAATGCTGCGAGTCGGATCAGACGTCGTGGATGTCGGACCGGCCGCCAGCCATCCGGACGCGAGGCCTGTATCGCCGGCCGATGAGATCAGACGTATTGCGCCGCTCTTAGACGCCCTGTCCGATCAGATGCACCGTGTTTCAATCGACAGCTTCCAACCGGAAACCCAGCGCTATGCGCTCAAGCGCGGCGTGGGCTACCTGAACGATATCCAAGGATTTCCTGACCCTGCGCTCTATCCCGATATTGCTGAGGCGGACTGCAGGCTGGTGGTTATGCACTCAGCGCAGCGGGATGGCATCGCCACCCGCACCGGTCACCTCCGACCCGAAGACGCGCTCGACGAGATTGTGCGGTTCTTCGAGGCGCGGGTTTCCGCCTTGCGACGGAGCGGGGTCGCTGCCGACCGGCTCATCCTCGATCCGGGGATGGGATTTTTCTTGAGCCCCGCACCGGAAACATCGCTGCACGTGCTGTCGAACCTTCAAAAGCTGAAGTCGGCGTTGGGGCTTCCGCTATTGGTCTCGGTGTCGCGGAAATCCTTCTTGGGCGCCACCGTTGGCCTTCCTGTAAAGGATCTGGGTCCAGCGAGCCTTGCGGCGGAACTTCACGCGATCGGCAATGGCGCTGACTACGTCCGCACCCACGCGCCTGGAGATCTGCGAAGCGCAATCACCTTCTCGGAAACCCTCGCGAAATTTCGCAGTCGCGACGCCAGAGACCGAGGGTTAGATCATGCCTAG
resfindernewid_21,sul1_27_GU562437,ATGGTGACGGTGTTCGGCATTCTGAATCTCACCGAGGACTCCTTCTTCGATGAGAGCCGGCGGCTAGACCCCGCCGGCGCTGTCACCGCGGCGATCGAAATGCTGCGAGTCGGATCAGACGTCGTGGATGTCGGGCCGGCCGCCAGCCATCCGGACGCGAGGCCTGTATCGCCGGCCGATGAGATCAGACGTATTGCGCCGCTCTTAGACGCCCTGTCCGATCAGATGCACCGTGTTTCAATCGACAGCTTCCAACCGGAAACCCAGCGCTATGCGCTCAAGCGCGGCGTGGGCTACCTGAACGATATCCAAGGATTTCCTGACCCTGCGCTCTATCCCGATATTGCTGAGGCGGACTGCAGGCTGGTGGTTATGCACTCAGCGCAGCGGGATGGCATCGCCACCCGCACCGGTCACCTTCGACCCGAAGACGCGCTCGACGAGATTGTGCGGTTCTTCGAGGCGCGGGTTTCCGCCTTGCGACGGAGCGGGGTCGCTGCCGACCGGCTCATCCTCGATCCGGGGATGGGATTTTTCTTGAGCCCCGCACCGGAAACATCGCTGCACGTGCTGTCGAACCTTCAAAAGCTGAAGTCGGCGTTGGGGCTTCCGCTATTGGTCTCGGTGTCGCGGAAATCCTTCTTGGGCGCCACCGTTGGCCTTCCTGTAAAGGATCTGGGTCCAGCGAGCCTTGCGGCGGAACTTCACGCGATCGGCAATGGCGCTGACTACGTCCGCACCCACGCGCCTGGAGATCTGCGAAGCGCAATCACCTTCTCGGAAACCCTCGCGAAATTTCGCAGTCGCGACGCCAGAGACCGAGGGTTAGATCATGCCTAG
resfindernewid_22,sul1_28_JN790946,ATGGTGACGGTGTTCGGCATTCTGAATCTCACCGAGGACTCCTTCTTCGATGAGAGCCGGCGGCTAGACCCCGCCGGCGCTGTCACCGCGGCGATCGAAATGCTGCGAGTCGGATCAGACGTCGTGGATGTCGGACCGGCCGCCAGCCATCCGGACGCGAGGCCTGTATCGCCGGCCGATGAGATCAGACGTATTGCGCCGCTCTTAGACGCCCTGTCCGATCAGATGCACCGTGTTTCAATCGACAGCTTCCAACCGGAAACCCAGCGCTATGCGCTCAAGCGCGGCGTGGGCTACCTGAACGATATCCAAGGATTTCCTGCCCCTGCGCTCTATCCCGATATTGCTGACGCGGACTGCAGGCTGGTGGTTATGCACTCAGCGCAGCGGGATGGCATCGCCACCCGCACCGGTCACCTTCGACCCGAAGACGCGCTCGACGAGATTGTGCGGTTCTTCGAGGCGCGGGTTTCCGCCTTGCGACGGAGCGGGGTCGCTGCCGACCGGCTCATCCTCGATCCGGGGATGGGATTTTTCTTGAGCCCCGCACCGGAAACATCGCTGCACGTGCTGTCGAACCTTCAAAAGCTGAAGTCGGCGTTGGGGCTTCCGCTATTGGTCTCGGTGTCGCGGAAATCCTTCTTGGGCGCCACCGTTGGCCTTCCTGTAAAGGATCTGGGTCCAGCGAGCCTTGCGGCGGAACTTCACGCGATCGGCAATGGCGCTGACTACGTCCGCACCCACGCGCCTGGAGATCTGCGAAGCGCAATCACCTTCTCGGAAACCCTCGCGAAATTTCGCAGTCGCGACGCCAGAGACCGAGGGTTAGATCATGCCTAG
resfindernewid_23,sul1_29_AJ746361,ATGGTGACGGTGTTCGGCATTCTGAATCTCACCGAGGACTCCTTCTTCGATGAGAGCCGGCGGGTAGACCCCGCCGGCGCTGTCACCGCGGCGATCGAAATGCTGCGAGTCGGATCAGACGTCGTGGATGTCGGACCGGCCGCCAGCCATCCGGACGCGAGGCCTGTATCGCCGGCCGATGAGATCAGACGTATTGCGCCGCTCTTAGACGCCCTGTCCGATCAGATGCACCGTGTTTCAATCGACAGCTTCCAACCGGAAACCCAGCGCTATGCGCTCAAGCGCGGCGTGGGCTACCTGAACGATATCCAAGGATTTCCTGACCCTGCGCTCTATCCCGATATTGCTGAGGCGGACTGCAGGCTGGTGGTTATGCACTCAGCGCAGCGGGATGGCATCGCCACCCGCACCGGTCACCTTCGACCCGAAGACGCGCTCGACGAGATTGTGCGGTTCTTCGAGGCGCGGGTTTCCGCCTTGCGACGGAGCGGGGTCGCTGCCGACCGGCTCATCCTCGATCCGGGGATGGGATTTTTCTTGAGCCCCGCACCGGAAACATCGCTGCACGTGCTGTCGAACCTTCAAAAGCTGAAGTCGGCGTTGGGGCTTCCGCTATTGGTCTCGGTGTCGCGGAAATCCTTCTTGGGCGCCACCGTTGGCCTTCCTGTAAAGGATCTGGGTCCAGCGAGCCTTGCGGCGGAACTTCACGCGATCGGCAATGGCGCTGACTACGTCCGCACCCACGCGCCTGGAGATCTGCGAAGCGCAATCACCTTCTCGGAAACCCTCGCGAAATTTCGCAGTCGCGACGCCAGAGACCGAGGGTTAGATCATGCCTAG
resfindernewid_24,sul1_30_JF262178,ATGGTGACGGTGTTCGGCATTCTGAATCTCACCGAGGACTCCTTCTTCGATGAGAGCCGGCGGCTAGACCCCGCCGGCGCTGTCACCGCGGCGATCGAAATGCTGCGAGTCGGATCAGACGTCGTGGATGTCGGACCGGCCGCCAGCCATCCGGACGCGAGGCCTGTATCGCCGGCCGATGAGATCAGACGTATTGCGCCGCTCTTAGACGCCCTGTCCGATCAGATGCACCGTGTTTCAATCGACAGCTTCCAACCGGAAACCCAGCGCTATGCGCTCAAGCGCGGCGTGTGCTACCTGAACGATATCCAAGGATTTCCTGACCCTGCGCTCTATCCCGATATTGCTGAGGCGGACTGCAGGCTGGTGGTTATGCACTCAGCGCAGCGGGATGGCATCGCCACCCGCACCGGTCACCTTCGACCCGAAGACGCGCTCGACGAGATTGTGCGGTTCTTCGAGGCGCGGGTTTCCGCCTTGCGACGGAGCGGGGTCGCTGCCGACCGGCTCATCCTCGATCCGGGGATGGGATTTTTCTTGAGCCCCGCACCGGAAACATCGCTGCACGTGCTGTCGAACCTTCAAAAGCTGAAGTCGGCGTTGGGGCTTCCGCTATTGGTCTCGGTGTCGCGGAAATCCTTCTTGGGCGCCACCGTTGGCCTTCCTGTAAAGGATCTGGGTCCAGCGAGCCTTGCGGCGGAACTTCACGCGATCGGCAATGGCGCTGACTACGTCCGCACCCACGCGCCTGGAGATCTGCGAAGCGCAATCACCTTCTCGGAAACCCTCGCGAAATTTCGCAGTCGCGACGCCAGAGACCGAGGGTTAGATCATGCCTAG
resfindernewid_25,sul1_31_AM040449,ATGGTGACGGTGTTCGGCATTCTGAATCTCACCGAGGACTCCTTCTTCGATGAGAGCCGGCGGCTAGACCCCGCCGGCGCTGTCACCGCGGCGATCGAAATGCTGCGAGTCGGATCAGACGTCGTGGATGTCGGACCGACCGCCAGCCATCCGGACGCGAGGCCTGTATCGCCGGCCGATGAGATCAGACGTATTGCGCCGCTCTTAGACGCCCTGTCCGATCAGATGCACCGTGTTTCAATCGACAGCTTCCAACCGGAAACCCAGCGCTATGCGCTCAAGCGCGGCGTGGGCTACCTGAACGATATCCAAGGATTTCCTGACCCTGCGCTCTATCCCGATATTGCTGAGGCGGACTGCAGGCTGGTGGTTATGCACTCAGCGCAGCGGGATGGCATCGCCACCCGCACCGGTCACCTTCGACCCGAAGACGCGCTCGACGAGATTGTGCGGTTCTTCGAGGCGCGGGTTTCCGCCTTGCGACGGAGCGGGGTCGCTGCCGACCGGCTCATCCTCGATCCGGGGATGGGATTTTTCTTGAGCCCCGCACCGGAAACATCGCTGCACGTGCTGTCGAACCTTCAAAAGCTGAAGTCGGCGTTGGGGCTTCCGCTATTGGTCTCGGTGTCGCGGAAATCCTTCTTGGGCGCCACCGTTGGCCTTCCTGTAAAGGATCTGGGTCCAGCGAGCCTTGCGGCGGAACTTCACGCGATCGGCAATGGCGCTGACTACGTCCGCACCCACGCGCCTGGAGATCTGCGAAGCGCAATCACCTTCTCGGAAACCCTCGCGAAATTTCGCAGTCGCGACGCCAGAGACCGAGGGTTAGATCATGCCTAG
resfindernewid_26,sul1_32_EF592571,ATGGTGACGGTGTTCGGCATTCTGAATCTCACCGAGGACTCCTTCCTCGATGAGAGCCGGCGGCTAGACCCCTCCGGCGCTGTCACCGCGGCGATCGAAATGCTGCGAGTCGGATCAGACGTCGTGGATGTCGGACCGGCCGCCAGCCATCCGGACGCGAGGCCTGTATCGCCGGCCGATGAGATCAGACGTATTGCGCCGCTCTTAGACGCCCTGTCCGATCAGATGCACCGTGTTTCAATCGACAGCTTCCAACCGGAAACCCAGCGCTATGCGCTCAAGCGCGGCGTGGGCTACCTGAACGATATCCAAGGATTTCCTGACCCTGCGCTCTATCCCGATATTGCTGAGGCGGACTGCAGGCTGGTGGTTATGCACTCAGCGCAGCGGGATGGCATCGCCACCCGCACCGGTCACCTTCGACCCGAAGACGCGCTCGACGAGATTGTGCGGTTCTTCGAGGCGCGGGTTTCCGCCTTGCGACGGAGCGGGGTCGCTGCCGACCGGCTCATCCTCGATCCGGGGATGGGATTTTTCTTGAGCCCCGCACCGGAAACATCGCTGCACGTGCTGTCGAACCTTCAAAAGCTGAAGTCGGCGTTGGGGCTTCCGCTATTGGTCTCGGTGTCGCGGAAATCCTTCTTGGGCGCCACCGTTGGCCTTCCTGTAAAGGATCTGGGTCCAGCGAGCCTTGCGGCGGAACTTCACGCGATCGGCAATGGCGCTGACTACGTCCGCACCCACGCGTCTGGAGATCTGCGAAGCGCAATCACCTTCTCGGAAACCCTCGCGAAATTTCGCAGTCGCGACGCCAGAGACCGAGGGTTAGATCATGCCTAG
resfindernewid_27,sul1_33_AJ564903,ATGGTGACGGTGTTCGGCATTCTGAATCTCACCGAGGACTCCTTCTTCGATGAGAGCCGGCGGCTAGACCCCGCCGGCGCTGTCACCGCGGCGATCGAAATGCTGCGAGTCGGATCAGACGTCGTGGATGTCGGACCGGCCGCCAGCCATCCGGACGCGAGGCCTGTATCGCCGGCCGATGAGATCAGACGTATTGCGCCGCTCTTAGACGCCCTGTCCGATCAGATGCACCGTGTTTCAATCGACAGCTTCCAACCGGAAACCCAGCGCTATGCGCTCAAGCGCGGCGTGGGCTACCTGAACGATATCCAAGGATTTCCTGACCCTGCGCTCTATCCCGATATTGCTGAGGCGGACTGCAGGCTGGTGGTTATGCACTCAGCGCAGCGGGATGGCATCGCCACCCGCACCGGTCACCTTCGACCCGAAGATGCGCTCGACGAGATTGTGCGGTTCTTCGAGGCGCGGGTTTCCGCCTTGCGACGGAGCGGGGTCGCTGCCGACCGGCTCATCCTCGATCCGGGGATGGGATTTTTCTTGAGCCCCGCACCGGAAACATCGCTGCACGTGCTGTCGAACCTTCAAAAGCTGAAGTCGGCGTTGGGGCTTCCGCTATTGGTCTCGGTGTCGCGGAAATCCTTCTTGGGCGCCACCGTTGGCCTTCCTGTAAAGGATCTGGGTCCAGCGAGCCTTGCGGCGGAACTTCACGCGATCGGCAATGGCGCTGACTACGTCCGCACCCACGCGCCTGGAGATCTGCGAAGCGCAATCACCTTCTCGGAAACCCTCGCGAAATTTCGCAGTCGCGACGCCAGAGACCGAGGGTTAGATCATGCCTAG
resfindernewid_28,sul2_1_AF542061,ATGAATAAATCGCTCATCATTTTCGGCATCGTCAACATAACCTCGGACAGTTTCTCCGATGGAGGCCGGTATCTGGCGCCAGACGCAGCCATTGCGCAGGCGCGTAAGCTGATGGCCGAGGGGGCAGATGTGATCGACCTCGGTCCGGCATCCAGCAATCCCGACGCCGCGCCTGTTTCGTCCGACACAGAAATCGCGCGTATCGCGCCGGTGCTGGACGCGCTCAAGGCAGATGGCATTCCCGTCTCGCTCGACAGTTATCAACCCGCGACGCAAGCCTATGCCTTGTCGCGTGGTGGGCCCTATCTCAATAATATTCGCGGTTTTCCAGACGCTGCGTTCTATCCGCAATTGGCGAAATCATCTGCCAAACTCGTCGTTATGCATTCGGTGCAAGACGGGCAGGCAGATCGGCGCGAGGCACCCGCTGGCGACATCATGGATCACATTGCGGCGTTCTTTGACGCGCGCATCGCGGCGCTGACGGGTGCCGGTATCAAACGCAACCGCCTTGTCCTTGATCCCGGCATGGGGTTTTTTCTGGGGGCTGCTCCCGAAACCTCGCTCTCGGTGCTGGCGCGGTTCGATGAATTGCGGCTGCGCTTCGATTTGCCGGTGCTTCTGTCTGTTTCGCGCAAATCCTTTCTGCGCGCGCTCACAGGCCGTGGTCCGGGGGATGTCGGGGCCGCGACACTCGCTGCAGAGCTTGCCGCCGCCGCAGGTGGAGCTGACTTCATCCGCACACACGAGCCGCGCCCCTTGCGCGACGGGCTGGCGGTATTGGCGGCGCTGAAAGAAACCGCAAGAATTCGTTAA
resfindernewid_29,sul2_2_AY034138,ATGAATAAATCGCTCATCATTTTCGGCATCGTCAACATAACCTCGGACAGTTTCTCCGATGGAGGCCGGTATCTGGCGCCAGACGCAGCCATTGCGCAGGCGCGTAAGCTGATGGCCGAGGGGGCAGATGTGATCGACCTCGGTCCGGCATCCAGCAATCCCGACGCCGCGCCTGTTTCGTCCGACACAGAAATCGCGCGTATCGCGCCGGTGCTGGACGCGCTCAAGGCAGATGGCATTCCCGTCTCGCTCGACAGTTATCAACCCGCGACGCAAGCCTATGCCTTGTCGCGTGGTGTGGCCTATCTCAATGATATTCGCGGTTTTCCAGACGCTGCGTTCTATCCGCAATTGGCGAAATCATCTGCCAAACTCGTCGTTATGCATTCGGTGCAAGACGGGCAGGCAGATCGGCGCGAGGCACCCGCTGGCGACATCATGGATCACATTGCGGCGTTCTTTGACGCGCGCATCGCGGCGCTGACGGGTGCCGGTATCAAACGCAACCGCCTTGTCCTTGATCCCGGCATGGGGTTTTTTCTGGGGGCTGCTCCCGAAACCTCGCTCTCGGTGCTGGCGCGGTTCGATGAATTGCGGCTGCGCTTCGATTTGCCGGTGCTTCTGTCTGTTTCGCGCAAATCCTTTCTGCGCGCGCTCACAGGCCGTGGTCCGGGGGATGTCGGGGCCGCGACACTCGCTGCAGAGCTTGCCGCCGCCGCAGGTGGAGCTGACTTCATCCGCACACACGAGCCGCGCCCCTTGCGCGACGGGCTGGCGGTATTGGCGGCGCTGAAAGAAACCGCAAGAATTCGTTAA
resfindernewid_30,sul2_3_HQ840942,ATGAATAAATCGCTCATCATTTTCGGCATCGTCAACATAACCTCGGACAGTTTCTCCGATGGAGGCCGGTATCTGGCGCCAGACGCAGCCATTGCGCAGGCGCGTAAGCTGATGGCCGAGGGGGCAGATGTGATCGACCTCGGTCCGGCATCCAGCAACCCCGACGCCGCGCCTGTTTCGTCCGACACAGAAATCGAGCGTATCGCGCCGGTGCTGGACGCGCTCAAGGCAGATGGCATTCCCGTCTCGCTCGACAGTTATCAACCCGCGACGCAAGCCTATGCCTTGTCGCGTGGTGTGGCCTATCTCAATGATATTCGCGGTTTTCCAGACGCTGCGTTCTATCCGCAATTGGCGAAATCATCTGCCAAACTCGTCGTTATGCATTCGGTGCAAGACGGGCAGGCAGATCGGCGCGAGGCACCCGCTGGCGACATCATGGATCACATTGCGGCGTTCTTTGACGCGCGCATCGCGGCGCTGACGGGTGCCGGTATCAAACGCAACCGCCTTGTCCTTGATCCCGGCATGGGGTTTTTTCTGGGGGCTGCTCCCGAAACCTCGCTCTCGGTGCTGGCGCGGTTCGATGAATTGCGGCTGCGCTTCGATTTGCCGGTGCTTCTGTCTGTTTCGCGCAAATCCTTTCTGCGCGCGCTCACAGGCCGTGGTCCGGGGGATGTCGGGGCCGCGACACTCGCTGCAGAGCTTGCCGCCGCCGCAGGTGGAGCTGACTTCATCCGCACACACGAGCCGCGCCCCTTGCGCGACGGGCTGGCGGTATTGGCGGCGCTAAAAGAAACCGCAAGAATTCGTTAA
resfindernewid_31,sul2_5_AY524415,ATGAATAAATCGCTCATCATTTTCGGCATCGTCAACATAACCTCGGACAGTTTCTCCGGTGGAGGCCGGTATCTGGCGCCAGACGCAGCCATTGCGCAGGCGCGTAAGCTGATGGCCGAGGGGGCAGATGTGATCGACCTCGGTCCGGCATCCAGCAACCCCGACGCCGCGCCTGTTTCGTCCGACACAGAAATCGAGCGTATCGCGCCGGTGCTGGACGCGCTCAAGGCAGATGGCATTCCCGTCTCGCTCGACAGTTATCAACCCGCGACGCAAGCCTATGCCTTGTCGCGTGGTGTGGCCTATCTCAATGATATTCGCGGTTTTCCAGACGCTGCGTTCTATCCGCAATTGGCGAAATCATCTGCCAAACTCGTCGTTATGCATTCGGTGCAAGACGGGCAGGCAGATCGGCGCGAGGCACCCGCTGGCGACATCATGGATCACATTGCGGCGTTCTTTGACGCGCGCATCGCGGCGCTGACGGGTGCCGGTATCAAACGCAACCGCCTTGTCCTTGATCCCGGCATGGGGTTTTCTCTGGGGGCTGCTCCCGAAACCTCGCTCTCGGTGCTGGCGCGGTTCGATGAATTGCGGCTGCGCCTCGATTTGCCGGTGCTTCTGTCTGTTTCGCGCAAATCCTTTCTGCGCGCGCCCACAGGCCGTGGTCCGGGGGATGTCGGGGCCGCGACACTCGCTGCAGGGCTTGCCGCCGCCGCAGGTGGAGCTGACTTCATCCGCACACACGAGCCGCGCCCCTTGCGCGACGGGCTGGCGGTATTGGCGGCGCTAAAAGAAACCGCAAGAATTCGTTAA
resfindernewid_32,sul2_6_FN995456,ATGAATAAATCGCTCATCATTTTCGGCATCGTCAACATAACCTCGGACAGTTTCTCCGATGGAGGCCGGTATCTGGCGCCAGACGCAGCCATTGCGCAGGCGCGTAAGCTGATGGCCGAGGGGGCAGATGTGATCGACCTCGGTCCGGCATCCAGCAACCCCGACGCCGCGCCTGTTTCGTCCGACACAGAAATCGAGCGTATCGCGCCGGTGCTGGACGCGCTCAAGGCAGATGGCATTCCCGTCTCGCTCGACAGTTATCAACCCGCGACGCAAGCCTATGCCTTGTCGCGTGGTGTGGCCTATCTCAATGATATTCGCGGTTTTCCAGACGCTGCGTTCTATCCGCAATTGGCGAAATCATCTGCCAAACTCGTCGTTATGCATTCGGTGCAAGACGGGCAGGCAGATCGGCGCGAGGCACCCGCTGGCGACATCATGGATCACATTGCGGCGTTCTTTGACGCGCGCATCGCGGCGCTGACGGGTGCCGGTATCAAACGCAACCGCCTTGTCCTTGATCCCGGCATGGGGTTTTTTCTGGGGGCTGCTCCCGAAACCTCGCTCTCGGTGCTGGCGCGGTTCGATGAATTGCGGCTGCGCTTCGATTTGCCGGTGCTTCTGTCTGTTTCGCGCAAATCCTTTCTGCGCGCGCTCACAGGCCGTGGTCCGGGGGATGTCGGGGCCGCGACACTCGCTGCAGAGCTTGCCGCCGCCGCAGGTGGAGCTGACTTCATCCGCACACACGAGCCGCGCCCCTTGCGCGACGGGCTGGCGGTATTGGCGGCGCTGAAAGAAACCGCAAGAATTCGTTAA
resfindernewid_33,sul2_7_HM486907,ATGAATAAATCGCTCATCATTTTCGGCATCGTCAACATAACCTCGGACAGTTTCTCCGATGGAGGCCGGTATCTGGCGCCAGACGCAGCCATTGCGCAGGCGCGTAAGCTGATGGCCGAGGGGGCAGATGTGATCGACCTCGGTCCGGCATCCAGCAATCCCGACGCCGCGCCTGTTTCGTCCGACACAGAAATCGCGCGTATCGCGCCGGTGCTGGACGCGCTCAAGGCAGATGGCATTCCCGTCTCGCTCGACAGTTATCAACCCGCGACGCAAGCCTATGCCTTGTCGCGTGGTGTGGCCTATCTCAATGATATTCGCGGTTTTCCAGACGCTGCGTTCTATCCGCAATTGGCGAAATCATCTGCCAAACTCGTCGTTATGCATTCGGTGCAAGACGGGCAGGCAGATCGGCGCGAGGCACCCGCTGGCGACATCATGGATCACATTGCGGCGTTCTTTGACGCGCGCATCGCGGCGCTGACGGGTGCCGGTATCAAACGCAACCGCCTTGTCCTTGATCCCGGCATGGGGTTTTTTCTGGGGGCTGCTCCCGAAACCTCGCTCTCGGTGCTGGCGCGGTTCGATGAATTGCGGCTGCGCTTCGATTTGCCGGTGCTTCTGTCTGTTTCGCGCAAATCCTTTCTGCGCGCGCTCACAGTCCGTGGTCCGGGGGATGTCGGGGCCGCGACACTCGCTGCAGAGCTTGCCGCCGCCGCAGGTGGAGCTGACTTCATCCGCACACACGAGCCGCGCCCCTTGCGCGACGGGCTGGCGGTATTGGCGGCGCTGAAAGAAACCGCAAGAATTCGTTATCAGAAAACTGAAGGAACCTCCATTGAATCGAACTAA
resfindernewid_34,sul2_8_AJ877041,ATGAATAAATCGCTCATCATTTTCGGCATCGTCAACATAACCTCGGACAGTTTCTCCGATGGAGGCCGGTATCTGGCGCCAGACGCAGCCATTGCGCAAGCGCGTAAGCTGATGGCCGAGGGGGCAGATGTGATCGACCTCGGTCCGGCATCCAGCAATCCCGACGCCGCGCCTGTTTCGTCCGACACAGAAATCGCGCGTATCGCGCCGGTGCTGGACGCGCTCAAGGCAGATGGCATTCCCGTCTCGCTCGACAGTTATCAACCCGCGACGCAAGCCTATGCCTTGTCGCGTGGTGTGGCCTATCTCAATGATATTCGCGGTTTTCCAGACGCTGCGTTCTATCCGCAATTGGCGAAATCATCTGCCAAACTCGTCGTTATGCATTCGGTGCAAGACGGGCAGGCAGATCGGCGCGAGGCACCCGCTGGCGACATCATGGATCACATTGCGGCGTTCTTTGACGCGCGCATCGCGGCGCTGACGGGTGCCGGTATCAAACGCAACCGCCTTGTCCTTGATCCCGGCATGGGGTTTTTTCTGGGGGCTGCTCCCGAAACCTCGCTCTCGGTGCTGGCGCGGTTCGATGAATTGCGGCTGCGCTTCGATTTGCCGGTGCTTCTGTCTGTTTCGCGCAAATCCTTTCTGCGCGCGCTCACAGGCCGTGGTCCGGGGGATGTCGGGGCCGCGACACTCGCTGCAGAGCTTGCCGCCGCCGCAGGTGGAGCTGACTTCATCCGCACACACGAGCCGCGCCCCTTGCGCGACGGGCTGGCGGTATTGGCGGCGCTGAAAGAAACCGCAAGAATTCGTTATCAGAAAACTGAAGGAACCTCCATTGAATCGAACTAA
resfindernewid_35,sul2_9_FJ197818,ATGAATAAATCGCTCATCATTTTCGGCATCGTCAACATAACCTCGGACAGTTTCTCCGATGGAGGCCGGTATCTGGCGCCAGACGCAGCCATTGCGCAGGCGCGTAAGCTGATGGCCGAGGGGGCAGATGTGATCGACCTCGGTCCGGCATCCAGCAATCCCGACGCCGCGCCTGTTTCGTCCGACACAGAAATCGCGCGTATCGCGCCGGTGCTGGACGCGCTCAAGGCAGATGGCATTCCCGTCTCGCTCGACAGTTATCAACCCGCGACGCAAGCCTATGCCTTGTCGCGTGGTGTGGCCTATCTCAATGATATTCGCGGTTTTCCAGACGCTGCGTTCTATCCGCAATTGGCGAAATCATCTGCCAAACTCGTCGTTATGCATTCGGTGCAAGACGGGCAGGCAGATCGGCGCGAGGCACCCGCTGGCGACATCATGGATCACATTGCGGCGTTCTTTGACGCGCGCATCGCGGCGCTGACGGGTGCCGGTATCAAACGCAACCGCCTTGTCCTTGATCCCGGCATGGGGTTTTTTCTGGGGGCTGCTCCCGAAACCTCGCTCTCGGTGCTGGCGCGGTTCGATGAATTGCGGCTGCGCTTCGATTTGCCGGTGCTTCTGTCTGTTTCGCGCAAATCCTTTCTGCGCGCGCTCACAGGCCGTGGTCCGGGGGATGTCGGGGCCGCGACACTCGCTGCAGAGCTTGCCGCCGCCGCAGGTGGAGCTGACTTCATCCGCACACACGAGCCGCGCCCCTTGCGCGACGGGCTGGCGGTATTGGCGGCGCTGAAAGAAACCGCAAGAATTCGTTATCAGAAAACTGAAGGAACCTCCATTGAATCGAACTAA
resfindernewid_36,sul2_10_AM183225,ATGAATAAATCGCTCATCATTTTCGGCATCGTCAACATAACCTCGGACAGTTTCTCCGATGGAGGCCGGTATCTGGCGCCAGACGCAGCCATTGCGCAGGCGCGTAAGCTGATGGCCGAGGGGGCAGATGTGATCGACCTCGGTCCGGCATCCAGCAATCCCGACGCCGCGCCTGTTTCGTCCGACACAGAAATCGCGCGTATCGCGCCGGTGCTGGACGCGCTCAAGGCAGATGGCATTCCCGTCTCGCTCGACAGTTATCAACCCGCGACGCAAGCCTATGCCTTGTCGCGTGGTGTGGCCTATCTCAATGATATTCGCGGTTTTCCAGACGCTGCGTTCTATCCGCAATTGGCGAAATCATCTGCCAAACTCGTCGTTATGCATTCGGTGCAAGACGGGCAGGCCAGATCGGCGCGAGGGCACCCGCTGGCGACATTCATGGATCACATTGCGGCGTTCTTTGACGCGCGCATCGCGGCGCTGACGGGTGCCGGTATCAAACGCAACCGCCTTGTCCTTGATCCCGGCATGGGGTTTTTTCTGGGGGCTGCTCCCGAAACCTCGCTCTCGGTGCTGGCGCGGTTCGATGAATTGCGGCTGCGCTTCGATTTGCCGGTGCTTCTGTCTGTTTCGCGCAAATCCTTTCTGCGCGCGCTCACAGGCCGTGGTCCGGGGGATGTCGGGGCCGCGACACTCGCTGCAGAGCTTGCCGCCGCCGCAGGTGGAGCTGACTTCATCCGCACACACGAGCCGCGCCCCTTGCGCGACGGGCTGGCGGTATTGGCGGCGCTGAAAGAAACCGCAAGAATTCGTTAA
resfindernewid_37,sul2_11_AY232670,ATGAATAAATCGCTCATCATTTTCGGCATCGTCAACATAACCTCGGACAGTTTCTCCGATGGAGGCCGGTATCTGGCGCCAGACGCAGCCATTGCGCAGGCGCGTAAGCTGATGGCCGAGGGGGCAGATGTGATCGACCTCGGTCCGGCATCCAGCAATCCCGACGCCGCGCCTGTTTCGTCCGACACAGAAATCGCGCGTATCGCGCCGGTGCTGGACGCGCTCAAGGCAGATGGCATTCCCGTCTCGCTCGACAGTTATCAACCCGCGACGCAAGCCTATGCCTTGTCGCGTGGTGTGGCCTATCTCAATGATATTCGCGGTTTTCCAGACGCTGCGTTCTATCCGCAATTGGCGAAATCATCTGCCAAACTCGTCGTTATGCATTCGGTGCAAGACGGGCAGGCAGATCGGCGCGAGGCACCCGCTGGCGACATCATGGATCACATTGCGGCGTTCTTTGACGCGCGCATCGCGGCGCTGACGGGTGCCGGTATCAAACGCAACCGCCTTGTCCTTGATCCCGGCATGGGGTTTTTTCTGGGAGCTGCTCCCGAAACCTCGCTCTCGGTGCTGGCGCGGTTCGATGAATTGCGGCTGCGCTTCGATTTGCCGGTGCTTCTGTCTGTTTCGCGCAAATCCTTTCTGCGCGCGCTCACAGGCCGTGGTCCGGGGGATGTCGGGGCCGCGACACTCGCTGCAGAGCTTGCCGCCGCCGCAGGTGGAGCTGACTTCATCCGCACACACGAGCCGCGCCCCTTGCGCGACGGGCTGGCGGTATTGGCGGCGCTGAAAGAAACCGCAAGAATTCGTTAA
resfindernewid_38,sul2_12_AF497970,ATGAATAAATCGCTCATCATTTTCGGCATCGTCAACATAACCTCGGACAGTTTCTCCGATGGAGGCCGGTATCTGGCGCCAGACGCAGCCATTGCGCAGGCGCGTAAGCTGATGGCCGAGGGGGCAGATGTGATCGACCTCGGTCCGGCATCCAGCAATCCCGACGCCGCGCCTGTTTCGTCCGACACAGAAATCGCGCGTATCGCGCCGGTGCTGGACGCGCTCAAGGCAGATGGCATTCCCGTCTCGCTCGACAGTTATCACCCCGCGACGCAAGCCTATGCCTTGTCGCGTGGTGTGGCCTATCTCAATGATATTCGCGGTTTTCCAGACGCTGCGTTCTATCCGCAATTGGCGAAATCATCTGCCAAACTCGTCGTTATGCATTCGGTGCAAGACGGGCAGGCAGATCGGCGCGAGGCACCCGCTGGCGACATCATGGATCACATTGCGGCGTTCTTTGACGCGCGCATCGCGGCGCTGACGGGTGCCGGTATCAAACGCAACCGCCTTGTCCTTGATCCCGGCATGGGGTTTTTTCTGGGGGCTGCTCCCGAAACCTCGCTCTCGGTGCTGGCGCGGTTCGATGAATTGCGGCTGCGCTTCGATTTGCCGGTGCTTCTGTCTGTTTCGCGCAAATCCTTTCTGCGCGCGCTCACAGGCCGTGGTCCGGGGGATGTCGGGGCCGCGACACTCGCTGCAGAGCTTGCCGCCGCCGCAGGTGGAGCTGACTTCATCCGCACACACGAGCCGCGCCCCTTGCGCGACGGGCTGGCGGTATTGGCGGCGCTGAAAGAAACCGCAAGAATTCGTTAA
resfindernewid_39,sul2_13_AJ289135,ATGAATAAATCGCTCATCATTTTCGGCATCGTCAACATAACCTCGGACAGTTTCTCCGATGGAGGCCGGTATCTGGCGCCAGACGCAGCCATTGCGCAGGCGCGTAAGCTGATGGCCGAGGGGGCAGATGTGATCGACCTCGGTCCGGCATCCAGCAATCCCGACGCCGCGCCTGTTTCGTCCGACACAGAAATCGCGCGTATCGCGCCGGTGCTGGACGCGCTCAAGGCAGATGGCATTCCCGTCTCGCTCGACAGTTATCAACCCGCGACGCAAGCCTATGCCTTGTCGCGTGGTGTGGCCTATCTCAATGATATTCGCGGTTTTCCAGACGCTGCGTTCTATCCGCAATTGGCGAAATCATCTGCCAAACTCGTCGTTATGCATTCGGTGCAAGACGGGCAGGCAGATCGGCGCGAGGCACCCGCTGGCGACATCATGGATCACATTGCGGCGTTCTTTGACGCGCGCATCGCGGCGCTGACGGGTGCCGGTATCAAACGCAACCGCCTTGTCCTTGATCCCGGCATGGGGTTTTTTCTGGGGGCTGCTCCCGAAACCTCGCTCTCGGTGCTGGCGCGGTTCGATGAATTGCGCGTGCGCTTCGATTTGCCGGTGCTTCTGTCTGTTTCGCGCAAATCCTTTCTGCGCGCGCTCACAGGCCGTGGTCCGGGGGATGTCGGGGCCGCGACACTCGCTGCAGAGCTTGCCGCCGCCGCAGGTGGAGCTGACTTCATCCGCACACACGAGCCGCGCCCCTTGCGCGACGGGCTGGCGGTATTGGCGGCGCTGAAAGAAACCGCAAGAATTCGTTAA
resfindernewid_40,sul2_14_AJ514834,ATGAATAAATCGCTCATCATTTTCGGCATCGTCAACATAACCTCGGACAGTTTCTCCGATGGAGGCCGGTATCTGGCGCCAGACGCAGCCATTGCGCAGGCGCGTAAGCTGATGGCCGAGGGGGCAGATGTGATCGACCTCGGTCCGGCATCCAGCAATCCCGACGCCGCGCCTGTTTCGTCCGACACAGAAATCGCGCGTATCGCGCCGGTGCTGGACGCGCTCAAGGCAGATGGCATTCCCGTCTCGCTCGACAGTTATCAACCCGCGACGCAAGCCTATGCCTTGTCGCGTGGTGTGGCCTATCTCAATGATATTCGCGGTTTTCCAGACGCTGCGTTCTATCCGCAATTGGCGAAATCATCTGCCAAACTCGTCGTTATGCATTCGGTGCAAGACGGGCAGGCAGATCGGCGCGAGGCACCCGCTGGCGACATCATGGATCACATTGCGGCGTTCTTTGACGCGCGCATCGCGGCGCTGACGGGTGCCGGTATCAAACGCAACCGCCTTGTCCTTGATCCCGGCATGGGGTTTTTTCTGGGGGCTGCTCCCGAAACCTCGCTCTCGGTGCTGGCGCGGTTCGATGAATTGCGGCTGCGCTTCGATTTGCCGGTGCTTCTGTCTGTTTCGCGCAAATCCTTTCTGCGCGCGCTCACAGGCCGTGGTCCGGGGGATGTCGGGGCCGCGACACTCGCTGCAGAGCTTGCCGCCGCCGCAGGTGGAGCTGACTTCATCCGCACACACGAGCCGCGCCCCTTGCGCGACGGGCTGGCGGTATTGGCGGCGCTGAAAGAAACCGCAAGAAGATGTTTATGA
resfindernewid_41,sul2_15_FJ968160,ATGAATAAATCGCTCATCATTTTCGGCATCGTCAACATAACCTCGGACAGTTTCTCCGATGGAGGCCGGTATCTGGCGCCAGACGCAGCCATTGCGCAGGCGCGTAAGCTGATGGCCGAGGGGGCAGATGTGATCGACCTCGGTCCGGCATCCAGCAATCCCGACGCCGCGCCTGTTTCGTCCGACACAGAAATCGCGCGTATCGCGCCGGTGCTGGACGCGCTCAAGGCAGATGGCATTCCCGTCTCGCTCGACAGTTATCAACCCGCGACGCAAGCCTATGCCTTGTCGCGTGGTGTAGCCTATCTCAATGATATTCGCGGTTTTCCAGACGCTGCGTTCTATCCGCAATTGGCGAAATCATCTGCCAAACTCGTCGTTATGCATTCGGTGCAAGACGGGCAGGCAGATCGGCGCGAGGCACCCGCTGGCGACATCATGGATCACATTGCGGCGTTCTTTGACGCGCGCATCGCGGCGCTGACGGGTGCCGGTATCAAACGCAACCGCCTTGTCCTTGATCCCGGCATGGGGTTTTTTCTGGGGGCTGCTCCCGAAACCTCGCTCTCGGTGCTGGCGCGGTTCGATGAATTGCGGCTGCGCTTCGATTTGCCGGTGCTTCTGTCTGTTTCGCGCAAATCCTTTCTGCGCGCGCTCACAGGCCGTGGTCCGGGGGATGTCGGGGCCGCGACACTCGCTGCAGAGCTTGCCGCCGCCGCAGGTGGAGCTGACTTCATCCGCACACACGAGCCGCGCCCCTTGCGCGACGGGCTGGCGGTATTGGCGGCGCTGAAAGAAACCGCAAGAATTCGTTAA
resfindernewid_42,sul2_17_U57647,ATGAATAAATCGCTCATCATTTTCGGCATCGTCAACATAACCTCGGACAGTTTCTCCGATGGAGGCCGGTATCTGGCGCCAGACGCAGCCATTGCGCAGGCGCGTAAGCTGATGGCCGAGGGGGCAGATGTGATCGACCTCGGTCCGGCATCCAGCAATCCCGACGCCGCGCCTGTTTCGTCCGACACAGAAATCGCGCGTATCGCGCCGGTGCTGGACGCGCTCAAGGCAGATGGCATTCCCGTCTCGCTCGACAGTTATCAACCCGCGACGCAAGCCTATGCCTTGTCGCGTGGTGTGGCCTATCTCAATGATATTCGCGGTTTTCCAGACACTGCGTTCTATCCGCAATTGGCGAAATCATCTGCCAAACTCGTCGTTATGCATTCGGTGCAAGACGGGCAGGCAGATCGGCGCGAGGCACCCGCTGGCGACATCATGGATCACATTGCGGCGTTCTTTGACGCGCGCATCGCGGCGCTGACGGGTGCCGGTATCAAACGCAACCGCCTTGTCCTTGATCCCGGCATGGGGTTTTTTCTGGGGGCTGCTCCCGAAACCTCGCTCTCGGTGCTGGCGCGGTTCGATGAATTGCGGCTGCGCTTCGATTTGCCGGTGCTTCTGTCTGTTTCGCGCAAATCCTTTCTGCGCGCGCTCACAGGCCGTGGTCCGGGGGATGTCGGGGCCGCGACACTCGCTGCAGAGCTTGCCGCCGCCGCAGGTGGAGCTGACTTCATCCGCACACACGAGCCGCGCCCCTTGCGCGACGGGCTGGCGGTATTGGCGGCGCTGAAAGAAACCGCAAGAATTCGTTAA
resfindernewid_43,sul2_18_AJ830714,ATGAATAAATCGCTCATCATTTTCGGCATCGTCAACATAACCTCGGACAGTTTCTCCGATGGAGGCCGGTATCTGGCGCCAGACGCAGCCATTGCGCAGGCGCGTAAGCTGATGGCCGAGGGGGCAGATGTGATCGACCTCGGTCCGGCATCCAGCAATCCCGACGCCGCGCCTGTTTCGTCCGACACAGAAATCGCGCGTATCGCGCCGGTGCTGGACGCGCTCAAGGCAGATGGCATTCCCGTCTCGCTCGACAGTTATCAACCCGCGACGCAAGCCTATGCCTTGTCGCGTGGTGTGGCCTATCTCAATGATATTCGCGGTTTTCCAGACGCTGCGTTCTATCCGCAATTGGCGAAATCATCTGCCAAACTCGTCGTTATGCATTCGGTGCAAGACGGGCAGGCAGATCGGCGCGAGGCACCCGCTGGCGACATCATGGATCACATTGCGGCGTTCTTTGACGCGCGCATCGCGGCGCTGACGGGTGCCGGTATCAAACGCAACCGCCTTGTCCTTGATCCCGGCATGGGTTTTTTTCTGGGGGCTGCTCCCGAAACCTCGCTCTCGGTGCTGGCGCGGTTCGATGAATTGCGGCTGCGCTTCGATTTGCCGGTGCTTCTGTCTGTTTCGCGCAAATCCTTTCTGCGCGCGCTCACAGGCCGTGGTCCGGGGGATGTCGGGGCCGCGACACTCGCTGCAGAGCTTGCCGCCGCCGCAGGTGGAGCTGACTTCATCCGCACACACGAGCCGCGCCCCTTGCGCGACGGGCTGGCGGTATTGGCGGCGCTGAAAGAAACCGCAAGAATTCGTTAA
resfindernewid_44,sul2_19_AJ319822,ATGAATAAATCGCTCATCATTTTCGGCATCGTCAACATAACCTCGGACAGTTTCTCCGATGGAGGCCGGTATCTGGCGCCAGACGCAGCCATTGCGCAGGCGCGTAAGCTGATGGCCGAGGGGGCAGATGTGATCGACCTCGGTCCGGCATCCAGCAATCCCGACGCCGCGCCTGTTTCGTCCGACACAGAAATCGCGCGTATCGCGCCGGTGCTGGACGCGCTCAAGGCAGATGGCATTCCCGTCTCGCTCGACAGTTATCAACCCGCGACGCAAGCCTATGCCTTGTCGCGTGGTGTGGCCTATCTCAATGATATTCGCGGTTTTCCAGACGCTGCGTTCTATCCGCAATTGGCGAAATCATCTGCCAAACTCGTCGTTATGCATTCGGTGCAAGACGGGCAGGCAGATCGGCGCGAGGCACCCGCTGGCGACATCATGGATCACATTGCGGCGTTCTTTGACGCGCGCATCGCGGCGCTGACGGGTGCCGGTATCAAACGCAACCGCCTTGTCCTTGATCCCGGCATGGGGTTTTTTCTGGGGGCTGCTCCCGAAACCTCGCTCTCGGTGCTGGCGCGGTTCGATGAATTGCGGCTGCGCTTCGATTTGCCGGTGCTTCTGTCTGTTTCGCGCAAATCCTTTCTGCGCGCGCTCACAGGCCGTGGTCCGGGGGATGTCGGGGCCGCGACACTCGCTGCAGAGCTTGCCGCCGCCGCAGGTGGAGCTGACTTCAGCCGCACACACGAGCCGCGCCCCTTGCGCGACGGGCTGGCGGTATTGGCGGCGCTGAAAGAAACCGCAAGAATTCGTTAA
resfindernewid_45,sul2_20_AJ830710,ATGAATAAATCGCTCATCATTTTCGGCATCGTCAACATAACCTCGGACAGTTTCTCCGATGGAGGCCGGTATCTGGCGCCAGACGCAGCCATTACGCAGGCGCGTAAGCTGATGGCCGAGGGGGCAGATGTGATCGACCTCGGTCCGGCATCCAGCAATCCCGACGCCGCGCCTGTTTCGTCCGACACAGAAATCGCGCGTATCGCGCCGGTGCTGGACGCGCTCAAGGCAGATGGCATTCCCGTCTCGCTCGACAGTTATCAACCCGCGACGCAAGCCTATGCCTTGTCGCGTGGTGTGGCCTATCTCAATGATATTCGCGGTTTTCCAGACGCTGCGTTCTATCCGCAATTGGCGAAATCATCTGCCAAACTCGTCGTTATGCATTCGGTGCAAGACGGGCAGGCAGATCGGCGCGAGGCACCCGCTGGCGACATCATGGATCACATTGCGGCGTTCTTTGACGCGCGCATCGCGGCGCTGACGGGTGCCGGTATCAAACGCAACCGCCTTGTCCTTGATCCCGGCATGGGGTTTTTTCTGGGGGCTGCTCCCGAAACCTCGCTCTCGGTGCTGGCGCGGTTCGATGAATTGCGGCTGCGCTTCGATTTGCCGGTGCTTCTGTCTGTTTCGCGCAAATCCTTTCTGCGCGCGCTCACAGGCCGTGGTCCGGGGGATGTCGGGGCCGCGACACTCGCTGCAGAGCTTGCCGCCGCCGCAGGTGGAGCTGACTTCATCCGCACACACGAGCCGCGCCCCTTGCGCGACGGGCTGGCGGTATTGGCGGCGCTGAAAGAAACCGCAAGAATTCGTTAA
resfindernewid_46,sul2_21_AB366440,ATGAATAAATCGCTCATCATTTTCGGCATCGTCAACATAACCTCGGACAGTTTCTCCGATGGAGGCCGGTATCTGGCGCCAGACGCAGCCATTGCGCAGGCGCGTAAGCTGATGGCCGAGGGGGCAGATGTGATCGACCTCGGTCCGGCATCCAGCAACCCCGACGCCGCGCCTGTTTCGTCCGACACAGAAATCGAGCGTATCGCGCCGGTGCTGGACGCGCTCAAGGCAGATGGCATTCCCGTCTCGCTCGACAGTTATCAACCCGCGACGCAAGCCTATGCCTTGTCGCGTGGTGTGGCCTATCTCAATGATATTCGCGGTTTTCCAGACGCTGCGTTCTATCCGCAATTGGCGAAATCATCTGCCAAACTCGTCGTTATGCATTCGGTGCAAGACGGGCAGGCAGATCGGCGCGAGGCACCCGCTGGCGACATCATGGATCACATTGCGGCGTTCTTTGACGCGCGCATCGCGGCGCTGACGGGTGCCGGTATCAAACGCAACCGCCTTGTCCTTGATCCCGGCATGGGGTTTTTTCTGGGGGCTGCTCCCGAAACCTCGCTCTCGGTGCTGGCGCGGTTCGATGAATTGCGGCTGCGCTTCGATTTGCCGGTGCTTCTGTCTGTTTCGCGCAAATCCTTTCTGCGCGCGCTCACAGGCCGTGGTCCGGGGGATGTCGGGGCCGCGACACTCGCTGCAGAGCTTGCCGCCGCCGCAGGTGGAGCTGACTTCATCCGCACACACGAGCCGCGCCCCTTGCGCGACGGGCTGGCGGTATTGGCGGCGCTAAAAGAAACTGCAAGAATTCGTTAA
resfindernewid_47,sul3_2_AJ459418,ATGAGCAAGATTTTTGGAATCGTAAATATAACCACCGATAGTTTTTCCGATGGAGGACTTTATTTAGATACAGATAAGGCAATTGAGCATGCTCTGCATTTGGTTGAAGATGGAGCAGATGTGATTGATTTGGGAGCCGCTTCCAGTAATCCTGATACAACTGAAGTGGGCGTTGTGGAAGAAATCAAAAGACTCAAACCTGTCATTAAGGCTTTAAAAGAAAAAGGCATTTCTATTTCTGTTGATACATTTAAACCTGAGGTTCAGAGTTTTTGCATAGAACAAAAGGTTGATTTTATTAATGATATTCAAGGTTTTCCTTATCCTGAGATTTATTCAGGCTTGGCAAAGTCAGATTGCAAACTTGTGTTGATGCACTCCGTTCAGCGAATTGGTGCAGCTACTAAAGTTGAAACGAATCCGGAAGAGGTTTTTACTTCCATGATGGAATTTTTTAAAGAAAGAATTGCTGCTTTAGTTGAGGCTGGTGTAAAGCGTGAACGAATTATTCTTGATCCGGGTATGGGCTTCTTTTTAGGCTCTAATCCAGAAACATCTATTCTTGTTTTGAAGCGTTTCCCTGAAATTCAAGAAGCTTTTAATTTGCAAGTAATGATTGCAGTGTCACGGAAATCATTCTTAGGTAAAATAACTGGAACCGATGTGAAATCTCGTTTAGCACCAACTCTTGCAGCAGAAATGTATGCATACAAAAAAGGTGCAGATTATCTCCGCACCCATGATGTTAAGTCTTTATCAGATGCCTTGAAAATATCCAAAGCCCTAGGTTAG
resfindernewid_48,sul1_34_AY047357,ATGTTACGCAGCAGGGTGACGGTGTTCGGCATTCTGAATCCCACCGAGGACTCCTTCTTCGATGAGAGCCGGCGGCTAGACCCCGCCGGCGCTGTCACCGCGGCGATCGAAATGCTGCGAGTCGGATCAGACGTCGTGGATGTCGGACCGGCCGCCAGCCATCCGGACGCGAGGCCTGTATCGCCGGCCGATGAGATCAGACGTATTGCGCCGCTCTTAGACGCCCTGTCCGATCAGATGCACCGTGTTTCAATCGACAGCTTCCAACCGGAAACCCAGCGCTATGCGCTCAAGCGCGGCGTGGGCTACCTGAACGATATCCAAGGATTTCCTGACCCTGCGCTCTATCCCGATATTGCTGAGGCGGACTGCAGGCTGGTGGTTATGCACTCAGCGCAGCGGGATGGCATCGCCACCCGCACCGGTCACCTTCGACCCGAAGACGCGCTCGACGAGATTGTGCGGTTCTTCGAGGCGCGGGTTTCCGCCTTGCGACGGAGCGGGGTCGCTGCCGACCGGCTCATCCTCGATCCGGGGATGGGATTTTTCTTGAGCCCCGCACCGGAAACATCGCTGCACGTGCTGTCGAACCTTCAAAAGCTGAAGTCGGCGTTGGGGCTTCCGCTATTGGTCTCGGTGTCGCGGAAATCCTTCTTGGGCGCCACCGCTGGCCTTCCTGTAAAGGATCTGGGTCCAGCGAGCCTTGCGGCGGAACTTCACGCGATCGGCAATGGCGCTGACTACGTCCGCACCCACGCGCCTGGAGAACTGCGAAGCGCAATCGCCTTCTCGGAAACCCTCGCGAAATTTCGCAGTCGCGACGCCAGAGACCGAGGGTTAGATCATGCCTAG
resfindernewid_49,sul1_35_AB281182,ATGTTACGCAGCAGGGTGACGGTGTTCGGCATTCTGAATCTCACCGAGGACTCCTTCTTCGATGAGAGCCGGCGGCTAGACCCCGCCGGCGCTGTCACCGCGGCGATCGAAATGCTGCGAGTCGGATCAGACGTCGTGGATGTCGGACCGGCCGCCAGCCATCCGGACGCGAGGCCTGTATCGCCGGCCGATGAGATCAGACGTATTGCGCCGCTCTTAGACGCCCTGTCCGATCAGATGCACCGTGTTTCAATCGACAGCTTCCAACCGGAAACCCAGCGCTATGCGCTCAAGCGCGGCGTGGGCTACCTGAACGATATCCAAGGATTTCCTGACCCTGCGCTCTATCCCGATATTGCTGAGGCGGACTGCAGGCTGGTGGTTATGCACTCAGCGCAGCGGGATGGCATCGCCACCCGCACCGGTCACCTTCGACCCGAAGACGCGCTCGACGAGATTGTGCGGTTCTTCGAGGCGCGGGTTTCCGCCTTGCGACGGAGCGGGGTCGCTGCCGACCGGCTCATCCTCGATCCGGGGATGGGATTTTTCTTGAGCCCCGCACCGGAAACATCGCTGCACGTGCTGTCGAACCTTCAAAAGCTGAAGTCGGCGTTGGGGCTTCCGCTATTGGTCTCGGTGTCGCGGAAATCCTTCTTGGGCGCCACCGCTGGCCTTCCTGTAAAGGATCTGGGTCCAGCGAGCCTTGCGGCGGAACTTCACGCGATCGGCAATGGCGCTGACTACGTCCGCACCCACGCGCCTGGAGAACTGCGAAGCGCAATCGCCTTCTCGGAAACCCTCGCGAAATTTCGCAGTCGCGACGCCAGAGACCGAGGGTTAGATCATGCCTAG
resfindernewid_50,sul1_38_BX248359,ATGTTACGCAGCAGGGTGACGGTGTTCGGCATTCTGAATCTCACCGAGGACTCCTTCTTCGATGAGAGCCGGCGGCTAGACCCCGCCGGCGCTGTCACCGCGGCGATCGAAATGCTGCGAGTCGGATCAGACGTCGTGGATGTCGGACCGGCCGCCAGCCATCCGGACGCGAGGCCTGTATCGCCGGCCGATGAGATCAGACGTATTGCGCCGCTCTTAGACGCCCTGTCCGATCAGATGCACCGTGTTTCAATCGACAGCTTCCAACCGGAAACCCAGCGCTATGCGCTCAAGCGCGGCGTGGGCTACCTGAACGATATCCAAGGATTTCCTGACCCTGCGCTCTATCCCGATATTGCTGAGGCGGACTGCAGGCTGGTGGTTATGCACTCAGCGCAGCGGGATGGCATCGCCACCCGCACCGGTCACCTTCGACCCGAAGACGCGCTCGACGAGATTGTGCGGTTCTTCGAGGCGCGGGTTTCCGCCTTGCGACGGAGCGGGGTCGCTGCCGACCGGCTCATCCTCGATCCGGGGATGGGATTTTTCTTGAGCCCCGCACCGGAAACATCGCTGCACGTGCTGTCGAACCTTCAAAAGCTGAAGTCGGCGTTGGGGCTTCCGCTATTGGTCTCGGTGTCGCGGAAATCCTTCTTGGGCGCCACCGTTGGCCTTCCTGTAAAGGATCTGGGTCCAGCGAGCCTTGCGGCGGAACTTCACGCGATCGGCAATGGCGCTGACTACGTCCGCACCCACGCGCCTGGAGATCTGCGAAGCGCAATCACCTTCTCGGAAACCCTCGCGAAATTTCGCAGTCGCAACGCCAGAGACCGAGGGTTAGATCATGCCTAG
resfindernewid_51,sul1_39_AY522923,ATGGTGACGGTGTTCGGCATTCTGAATCTCACCGAGGACTCCTTCTTCGATGAGAGCCGGCGGCTAGACCCCGCCGGCGCTGTCACCGCGGCGATCGAAATGCTGCGAGTCGGATCAGACGTCGTGGATGTCGGACCGGCCGCCAGCCATCCGGACGCGAGGCCTGTATCGCCGGCCGATGAGATCAGACGTATTGCGCCGCTCTTAGACGCCCTGTCCGATCAGATGCACCGTGTTTCAATCGACAGCTTCCAACCGGAAACCCAGCGCTATGCGCTCAAGCGCGGCGTGGGCTACCTGAACGATATCCAAGGATTTCCTGACCCTGCGCTCTATCCCGATATTGCTGAGGCGGACTGCAGGCTGGTGGTTATGCACTCAGCGCAGCGGGATGGCATCGCCACCCGCACCGGTCACCTTCGACCCGAAGACGCGCTCGACGAGATTGTGCGGTTCTTCGAGGCGCGGGTTTCCGCCTTGCGACGGAGCGGGGTCGCTGCCGACCGGCTCATCCTCGATCCGGGGATGGGATTTTTCTTGAGCCCCGCACCGGAAACATCGCTGCACGTGCTGTCGAACCTTCAAAAGCTGAAGTCGGCGTTGGGGCTTCCGCTATTGGTCTCGGTGTCGCGGAAATCCTTCTTGGGCGCCACCGTTGGCCTTCCTGTAAAGGATCTGGGTCCAGCGAGCCTTGCGGCGGAACTTCACGCGATCGGCAATGGCGCTGACTACGTCCGCACCCACGCGCCTGGAGATCTGCGAAGCGCAATCACCTTCTCGGAAACCCTCGCGAAATTTCGCAGTCGCGACGCCAGAGACCAGGGTTAG
resfindernewid_52,sul1_36_X15024,ATGGTGACGGTGTTCGGCATTCTGAATCTCACCGAGGACTCCTTCTTCGATGAGAGCCGGCGGCTAGACCCCGCCGGCGCTGTCACCGCGGCGATCGAAATGCTGCGAGTCGGATCAGACGTCGTGGATGTCGGACCGGCCGCCAGCCATCCGGACGCGAGGCCTGTATCGCCGGCCGATGAGATCAGACGTATTGCGCCGCTCTTAGACGCCCTGTCCGATCAGATGCACCGTGTTTCAATCGACAGCTTCCAACCGGAAACCCAGCGCTATGCGCTCAAGCGCGGCGTGGGCTACCTGAACGATATCCAAGGATTTCCTGACCCTGCGCTCTATCCCGATATTGCTGAGGCGGACTGCAGGCTGGTGGTTATGCACTCAGCGCAGCGGGATGGCATCGCCACCCGCACCGGTCACCTTCGACCCGAAGACGCGCTCGACGAGATTGTGCGGTTCTTCGAGGCGCGGGTTTCCGCCTTGCGACGGAGCGGGGTCGCTGCCGACCGGCTCATCCTCGATCCGGGGATGGGATTTTTCTTGAGCCCCGCACCGGAAACATCGCTGCACGTGCTGTCGAACCTTCAAAAGCTGAAGTCGGCGTTGGGGCTTCCGCTATTGGTCTCGGTGTCGCGGAAATCCTTCTTGGGCGCCACCGTTGGCCTTCCTGTAAAGGATCTGGGTCCAGCGAGCCTTGCGGCGGAACTTCACGCGATCGGCAATGGCGCTGACTACGTCCGCACCCACGCGCCTGGAGATCTGCGAAGCGCAATCACCATCTCGGAAACCCTCGCGAAATTTCGCAGTCGCGACGCCAGAGACCGAGGGTTAGATCATGCCTAG
resfindernewid_53,sul1_37_AF188331,ATGGTGACGGTGTTCGGCATTCTGAATCTCACCGAGGACTCCTTCTTCGATGAGAGCCGGCGGCTAGACCCCGCCGGCGCTGTCACCGCGGCGATCGAAATGCTGCGAGTCGGATCAGACGTCGTGGATGTCGGACCGGCCGCCAGCCATCCGGACGCGAGGCCTGTATCGCCGGCCGATGAGATCAGACGTATTGCACCGCTCTTAGACGCCCTGTCCGATCAGATGCACCGTGTTTCAATCGACAGCTTCCAACCGGAAACCCAGCGCTATGCGCTCAAGCGCGGCGTGGGCTACCTGAACGATATCCAAGGATTTCCTGACCCTGCGCTCTATCCCGATATTGCTGAGGCGGACTGCAGGCTGGTGGTTATGCACTCAGCGCAGCGGGATGGCATCGCCACCCGCACCGGTCACCTTCGACCCAAAGACGCGCTAGACGAGATTGTGCGGTTCTTCGAGGAGCGGGTTTCCGCCTTGCGACGGAGCGGGGTCGCTGCCGACCGGCTCATCCTCGATCCGGGGATGGGATTTTTCATGAGCCCCGCACCGGAAACATCGCTGCACGTGCTGTCGAACCTTCAAAAGCTGAAGTCGGCGTTGGGGCTTCCGCTATTGGTCTCGGTGTCGCGGAAATCCTTCTTGGGCGCCACCGTTGGCCTTCCTGTAAAGGATCTGGGTCCAGCGAGCCTTGCGGCGGAACTTCACGCGATCGGCAATGGCGCTGACTACGTCCGCACCCACGCGCCTGGAGATCTGCGAAGCGCAATCACCTTCTCGGAAACCCTCGCGAAATTTCGCAGTCGCGACGCCAGAGACCGAGGGTTAGATCATGCCTAG
resfindernewid_54,sul4_1_MG649393,ATGTCAACCACACTAACCAGCTTCAAATGGGGTGAACGCACCTACATCATGGGCATCCTCAACGTCACTCCAGACAGCTTTTCTGGAGATGGCGTTATGGTTGAAGAAGATGTCATCGCCAAAGCGGTAGCCCAGGCCAAACAATTTGTAGCCGACGGCGCAGACATCATCGACATTGGCGGCGAGAGTACCCGCCCTGGCAGCTCACCTATAAGCGCAGAGGAAGAACTGGCGCGGGTGCTGCCGGTGGTGCAGGCCGTACGCCAGGCTGTGGACGTCGTTATTTCCATCGACAGCTACCGCGCTTCCGTGGCCGAAGCGGCCCTGGCGGCAGGCGCCAGCTGGCTCAACGACGTCTGGGGGCTGCGCATGGACCCGGACATGGCCGGCCTGGCAGCACAAGCCGGCTGCCCCATCGTCCTTATGCACAACCGCAGCAAACCAAAGAACATAGCGCAAGAAAAAAAGCTGGGCGGGCGCTTCATCGGGGTAAAATACGACGACCTCATCACCGACGTTAAACGTGAATTACAAGAAAGCATCGACATCGCCTTAAAAGCCGGCGTAAAAGAGTCCCAAATTATCCTGGATCCCGGCATCGGCTTCGGTAAAACCGTCGAGCAAAGTTTGCAACTGCTCGACCAGATTAATCAGTTCAAAACAATGGGATTTCCCATCTTAATAGGTCCGTCGCGCAAATCATTTATTGGCTATACGCTCGATTTGCCGCCAGACCAGCGCATAGAAGGAACGGCGGCCACCGTCGCCATTGGCATTGACCGAGGAGCCGACGTTGTGCGCGTCCATGACGTCAAAGCAATCGTTCGGGTCGCCCGTATGACAGATGCAATCGTGAGACGTTA
